cohort,seed,labeled_fraction,method,split_sha256,n_audit_comparisons,n_evaluation_comparisons,inference_reference_labels_union,inference_cached_judgments_union,scoring_reference_labels_union,scoring_cached_judgments_union,inference_and_scoring_reference_union,inference_and_scoring_cached_union
All,0,0.2,audit_residual,3beeccefe6b9e00f09ef528d0c2d5e4264fdbd6d370951890004ed94158f8d82,593,754,593,2694,754,1508,1347,2694
All,0,0.2,human_only,3beeccefe6b9e00f09ef528d0c2d5e4264fdbd6d370951890004ed94158f8d82,593,754,593,1186,754,1508,1347,2694
All,0,0.2,ppi,3beeccefe6b9e00f09ef528d0c2d5e4264fdbd6d370951890004ed94158f8d82,593,754,593,2694,754,1508,1347,2694
All,0,0.2,ppi_signed,3beeccefe6b9e00f09ef528d0c2d5e4264fdbd6d370951890004ed94158f8d82,593,754,593,2694,754,1508,1347,2694
All,0,0.2,ppi_tuned,3beeccefe6b9e00f09ef528d0c2d5e4264fdbd6d370951890004ed94158f8d82,593,754,593,2694,754,1508,1347,2694
All,0,0.2,raw_proxy,3beeccefe6b9e00f09ef528d0c2d5e4264fdbd6d370951890004ed94158f8d82,593,754,0,1508,754,1508,754,1508
All,0,0.4,audit_residual,6d481193883ee61118e8e33282cd008e06fefc7492bc7fcc38e904ecbebec1e0,1186,754,1186,3880,754,1508,1940,3880
All,0,0.4,human_only,6d481193883ee61118e8e33282cd008e06fefc7492bc7fcc38e904ecbebec1e0,1186,754,1186,2372,754,1508,1940,3880
All,0,0.4,ppi,6d481193883ee61118e8e33282cd008e06fefc7492bc7fcc38e904ecbebec1e0,1186,754,1186,3880,754,1508,1940,3880
All,0,0.4,ppi_signed,6d481193883ee61118e8e33282cd008e06fefc7492bc7fcc38e904ecbebec1e0,1186,754,1186,3880,754,1508,1940,3880
All,0,0.4,ppi_tuned,6d481193883ee61118e8e33282cd008e06fefc7492bc7fcc38e904ecbebec1e0,1186,754,1186,3880,754,1508,1940,3880
All,0,0.4,raw_proxy,6d481193883ee61118e8e33282cd008e06fefc7492bc7fcc38e904ecbebec1e0,1186,754,0,1508,754,1508,754,1508
All,0,0.6,audit_residual,a6d872a848de1fb6e1192bb64d7f44f203a7d597aaca7c96c7d0fd7fad0b8ddc,1775,754,1775,5058,754,1508,2529,5058
All,0,0.6,human_only,a6d872a848de1fb6e1192bb64d7f44f203a7d597aaca7c96c7d0fd7fad0b8ddc,1775,754,1775,3550,754,1508,2529,5058
All,0,0.6,ppi,a6d872a848de1fb6e1192bb64d7f44f203a7d597aaca7c96c7d0fd7fad0b8ddc,1775,754,1775,5058,754,1508,2529,5058
All,0,0.6,ppi_signed,a6d872a848de1fb6e1192bb64d7f44f203a7d597aaca7c96c7d0fd7fad0b8ddc,1775,754,1775,5058,754,1508,2529,5058
All,0,0.6,ppi_tuned,a6d872a848de1fb6e1192bb64d7f44f203a7d597aaca7c96c7d0fd7fad0b8ddc,1775,754,1775,5058,754,1508,2529,5058
All,0,0.6,raw_proxy,a6d872a848de1fb6e1192bb64d7f44f203a7d597aaca7c96c7d0fd7fad0b8ddc,1775,754,0,1508,754,1508,754,1508
All,1,0.2,audit_residual,ef86cd38fd3ff833e531f293914e6e1935cb620dab780983962e9dbeb9bece38,600,753,600,2706,753,1506,1353,2706
All,1,0.2,human_only,ef86cd38fd3ff833e531f293914e6e1935cb620dab780983962e9dbeb9bece38,600,753,600,1200,753,1506,1353,2706
All,1,0.2,ppi,ef86cd38fd3ff833e531f293914e6e1935cb620dab780983962e9dbeb9bece38,600,753,600,2706,753,1506,1353,2706
All,1,0.2,ppi_signed,ef86cd38fd3ff833e531f293914e6e1935cb620dab780983962e9dbeb9bece38,600,753,600,2706,753,1506,1353,2706
All,1,0.2,ppi_tuned,ef86cd38fd3ff833e531f293914e6e1935cb620dab780983962e9dbeb9bece38,600,753,600,2706,753,1506,1353,2706
All,1,0.2,raw_proxy,ef86cd38fd3ff833e531f293914e6e1935cb620dab780983962e9dbeb9bece38,600,753,0,1506,753,1506,753,1506
All,1,0.4,audit_residual,9e609c735edff9d2f2df15df50de8bde9e64c431b47b74375e8b12c40ae03a40,1186,753,1186,3878,753,1506,1939,3878
All,1,0.4,human_only,9e609c735edff9d2f2df15df50de8bde9e64c431b47b74375e8b12c40ae03a40,1186,753,1186,2372,753,1506,1939,3878
All,1,0.4,ppi,9e609c735edff9d2f2df15df50de8bde9e64c431b47b74375e8b12c40ae03a40,1186,753,1186,3878,753,1506,1939,3878
All,1,0.4,ppi_signed,9e609c735edff9d2f2df15df50de8bde9e64c431b47b74375e8b12c40ae03a40,1186,753,1186,3878,753,1506,1939,3878
All,1,0.4,ppi_tuned,9e609c735edff9d2f2df15df50de8bde9e64c431b47b74375e8b12c40ae03a40,1186,753,1186,3878,753,1506,1939,3878
All,1,0.4,raw_proxy,9e609c735edff9d2f2df15df50de8bde9e64c431b47b74375e8b12c40ae03a40,1186,753,0,1506,753,1506,753,1506
All,1,0.6,audit_residual,c59748697259185c4e78433b3ed7e83f1ea3fab3308390dd11dd58ec631694a4,1778,753,1778,5062,753,1506,2531,5062
All,1,0.6,human_only,c59748697259185c4e78433b3ed7e83f1ea3fab3308390dd11dd58ec631694a4,1778,753,1778,3556,753,1506,2531,5062
All,1,0.6,ppi,c59748697259185c4e78433b3ed7e83f1ea3fab3308390dd11dd58ec631694a4,1778,753,1778,5062,753,1506,2531,5062
All,1,0.6,ppi_signed,c59748697259185c4e78433b3ed7e83f1ea3fab3308390dd11dd58ec631694a4,1778,753,1778,5062,753,1506,2531,5062
All,1,0.6,ppi_tuned,c59748697259185c4e78433b3ed7e83f1ea3fab3308390dd11dd58ec631694a4,1778,753,1778,5062,753,1506,2531,5062
All,1,0.6,raw_proxy,c59748697259185c4e78433b3ed7e83f1ea3fab3308390dd11dd58ec631694a4,1778,753,0,1506,753,1506,753,1506
All,2,0.2,audit_residual,fa97a4ca2155e527bae24e5bb0fcd0996c466eac69df8553da8543bc739a99ac,592,756,592,2696,756,1512,1348,2696
All,2,0.2,human_only,fa97a4ca2155e527bae24e5bb0fcd0996c466eac69df8553da8543bc739a99ac,592,756,592,1184,756,1512,1348,2696
All,2,0.2,ppi,fa97a4ca2155e527bae24e5bb0fcd0996c466eac69df8553da8543bc739a99ac,592,756,592,2696,756,1512,1348,2696
All,2,0.2,ppi_signed,fa97a4ca2155e527bae24e5bb0fcd0996c466eac69df8553da8543bc739a99ac,592,756,592,2696,756,1512,1348,2696
All,2,0.2,ppi_tuned,fa97a4ca2155e527bae24e5bb0fcd0996c466eac69df8553da8543bc739a99ac,592,756,592,2696,756,1512,1348,2696
All,2,0.2,raw_proxy,fa97a4ca2155e527bae24e5bb0fcd0996c466eac69df8553da8543bc739a99ac,592,756,0,1512,756,1512,756,1512
All,2,0.4,audit_residual,04114822062325a32769d9e548c6cf12888a6868d0a9bf0a2d8d4ddfc7892359,1184,756,1184,3880,756,1512,1940,3880
All,2,0.4,human_only,04114822062325a32769d9e548c6cf12888a6868d0a9bf0a2d8d4ddfc7892359,1184,756,1184,2368,756,1512,1940,3880
All,2,0.4,ppi,04114822062325a32769d9e548c6cf12888a6868d0a9bf0a2d8d4ddfc7892359,1184,756,1184,3880,756,1512,1940,3880
All,2,0.4,ppi_signed,04114822062325a32769d9e548c6cf12888a6868d0a9bf0a2d8d4ddfc7892359,1184,756,1184,3880,756,1512,1940,3880
All,2,0.4,ppi_tuned,04114822062325a32769d9e548c6cf12888a6868d0a9bf0a2d8d4ddfc7892359,1184,756,1184,3880,756,1512,1940,3880
All,2,0.4,raw_proxy,04114822062325a32769d9e548c6cf12888a6868d0a9bf0a2d8d4ddfc7892359,1184,756,0,1512,756,1512,756,1512
All,2,0.6,audit_residual,0db9916904073d93ceeba13259c0e690a47aabdd6854b3edc4aa42dd9ab1b224,1777,756,1777,5066,756,1512,2533,5066
All,2,0.6,human_only,0db9916904073d93ceeba13259c0e690a47aabdd6854b3edc4aa42dd9ab1b224,1777,756,1777,3554,756,1512,2533,5066
All,2,0.6,ppi,0db9916904073d93ceeba13259c0e690a47aabdd6854b3edc4aa42dd9ab1b224,1777,756,1777,5066,756,1512,2533,5066
All,2,0.6,ppi_signed,0db9916904073d93ceeba13259c0e690a47aabdd6854b3edc4aa42dd9ab1b224,1777,756,1777,5066,756,1512,2533,5066
All,2,0.6,ppi_tuned,0db9916904073d93ceeba13259c0e690a47aabdd6854b3edc4aa42dd9ab1b224,1777,756,1777,5066,756,1512,2533,5066
All,2,0.6,raw_proxy,0db9916904073d93ceeba13259c0e690a47aabdd6854b3edc4aa42dd9ab1b224,1777,756,0,1512,756,1512,756,1512
All,3,0.2,audit_residual,5ac9d1479b46a541afd2bf9044f43bae6c87e5937828ccc6a03e2a63a2421cb2,597,744,597,2682,744,1488,1341,2682
All,3,0.2,human_only,5ac9d1479b46a541afd2bf9044f43bae6c87e5937828ccc6a03e2a63a2421cb2,597,744,597,1194,744,1488,1341,2682
All,3,0.2,ppi,5ac9d1479b46a541afd2bf9044f43bae6c87e5937828ccc6a03e2a63a2421cb2,597,744,597,2682,744,1488,1341,2682
All,3,0.2,ppi_signed,5ac9d1479b46a541afd2bf9044f43bae6c87e5937828ccc6a03e2a63a2421cb2,597,744,597,2682,744,1488,1341,2682
All,3,0.2,ppi_tuned,5ac9d1479b46a541afd2bf9044f43bae6c87e5937828ccc6a03e2a63a2421cb2,597,744,597,2682,744,1488,1341,2682
All,3,0.2,raw_proxy,5ac9d1479b46a541afd2bf9044f43bae6c87e5937828ccc6a03e2a63a2421cb2,597,744,0,1488,744,1488,744,1488
All,3,0.4,audit_residual,3883cbe63095ab9513b4b08660e6951a2b7d70fd499d67c3aaa44742a547af1b,1176,744,1176,3840,744,1488,1920,3840
All,3,0.4,human_only,3883cbe63095ab9513b4b08660e6951a2b7d70fd499d67c3aaa44742a547af1b,1176,744,1176,2352,744,1488,1920,3840
All,3,0.4,ppi,3883cbe63095ab9513b4b08660e6951a2b7d70fd499d67c3aaa44742a547af1b,1176,744,1176,3840,744,1488,1920,3840
All,3,0.4,ppi_signed,3883cbe63095ab9513b4b08660e6951a2b7d70fd499d67c3aaa44742a547af1b,1176,744,1176,3840,744,1488,1920,3840
All,3,0.4,ppi_tuned,3883cbe63095ab9513b4b08660e6951a2b7d70fd499d67c3aaa44742a547af1b,1176,744,1176,3840,744,1488,1920,3840
All,3,0.4,raw_proxy,3883cbe63095ab9513b4b08660e6951a2b7d70fd499d67c3aaa44742a547af1b,1176,744,0,1488,744,1488,744,1488
All,3,0.6,audit_residual,4888d483c8433e3da5a9dd097755041310f06355e799d91bfc752ee6b3c15c5c,1789,744,1789,5066,744,1488,2533,5066
All,3,0.6,human_only,4888d483c8433e3da5a9dd097755041310f06355e799d91bfc752ee6b3c15c5c,1789,744,1789,3578,744,1488,2533,5066
All,3,0.6,ppi,4888d483c8433e3da5a9dd097755041310f06355e799d91bfc752ee6b3c15c5c,1789,744,1789,5066,744,1488,2533,5066
All,3,0.6,ppi_signed,4888d483c8433e3da5a9dd097755041310f06355e799d91bfc752ee6b3c15c5c,1789,744,1789,5066,744,1488,2533,5066
All,3,0.6,ppi_tuned,4888d483c8433e3da5a9dd097755041310f06355e799d91bfc752ee6b3c15c5c,1789,744,1789,5066,744,1488,2533,5066
All,3,0.6,raw_proxy,4888d483c8433e3da5a9dd097755041310f06355e799d91bfc752ee6b3c15c5c,1789,744,0,1488,744,1488,744,1488
All,4,0.2,audit_residual,1a4823d4c9a504eef3137163c2f1319d8294debf360d2a72646a02452beea3bd,591,764,591,2710,764,1528,1355,2710
All,4,0.2,human_only,1a4823d4c9a504eef3137163c2f1319d8294debf360d2a72646a02452beea3bd,591,764,591,1182,764,1528,1355,2710
All,4,0.2,ppi,1a4823d4c9a504eef3137163c2f1319d8294debf360d2a72646a02452beea3bd,591,764,591,2710,764,1528,1355,2710
All,4,0.2,ppi_signed,1a4823d4c9a504eef3137163c2f1319d8294debf360d2a72646a02452beea3bd,591,764,591,2710,764,1528,1355,2710
All,4,0.2,ppi_tuned,1a4823d4c9a504eef3137163c2f1319d8294debf360d2a72646a02452beea3bd,591,764,591,2710,764,1528,1355,2710
All,4,0.2,raw_proxy,1a4823d4c9a504eef3137163c2f1319d8294debf360d2a72646a02452beea3bd,591,764,0,1528,764,1528,764,1528
All,4,0.4,audit_residual,71ea5531a67364f7802f0a0c6a22ebdf179973ac155421919911d366c6b1bc58,1173,764,1173,3874,764,1528,1937,3874
All,4,0.4,human_only,71ea5531a67364f7802f0a0c6a22ebdf179973ac155421919911d366c6b1bc58,1173,764,1173,2346,764,1528,1937,3874
All,4,0.4,ppi,71ea5531a67364f7802f0a0c6a22ebdf179973ac155421919911d366c6b1bc58,1173,764,1173,3874,764,1528,1937,3874
All,4,0.4,ppi_signed,71ea5531a67364f7802f0a0c6a22ebdf179973ac155421919911d366c6b1bc58,1173,764,1173,3874,764,1528,1937,3874
All,4,0.4,ppi_tuned,71ea5531a67364f7802f0a0c6a22ebdf179973ac155421919911d366c6b1bc58,1173,764,1173,3874,764,1528,1937,3874
All,4,0.4,raw_proxy,71ea5531a67364f7802f0a0c6a22ebdf179973ac155421919911d366c6b1bc58,1173,764,0,1528,764,1528,764,1528
All,4,0.6,audit_residual,9d121505600fefb54f4980c497df32408cd89090a99f94b24360e925707f979a,1761,764,1761,5050,764,1528,2525,5050
All,4,0.6,human_only,9d121505600fefb54f4980c497df32408cd89090a99f94b24360e925707f979a,1761,764,1761,3522,764,1528,2525,5050
All,4,0.6,ppi,9d121505600fefb54f4980c497df32408cd89090a99f94b24360e925707f979a,1761,764,1761,5050,764,1528,2525,5050
All,4,0.6,ppi_signed,9d121505600fefb54f4980c497df32408cd89090a99f94b24360e925707f979a,1761,764,1761,5050,764,1528,2525,5050
All,4,0.6,ppi_tuned,9d121505600fefb54f4980c497df32408cd89090a99f94b24360e925707f979a,1761,764,1761,5050,764,1528,2525,5050
All,4,0.6,raw_proxy,9d121505600fefb54f4980c497df32408cd89090a99f94b24360e925707f979a,1761,764,0,1528,764,1528,764,1528
All,5,0.2,audit_residual,c392fbf05e1728f03c0692acbb7103d2b4e0c03d3175d8a1ecf806de0e02d829,594,752,594,2692,752,1504,1346,2692
All,5,0.2,human_only,c392fbf05e1728f03c0692acbb7103d2b4e0c03d3175d8a1ecf806de0e02d829,594,752,594,1188,752,1504,1346,2692
All,5,0.2,ppi,c392fbf05e1728f03c0692acbb7103d2b4e0c03d3175d8a1ecf806de0e02d829,594,752,594,2692,752,1504,1346,2692
All,5,0.2,ppi_signed,c392fbf05e1728f03c0692acbb7103d2b4e0c03d3175d8a1ecf806de0e02d829,594,752,594,2692,752,1504,1346,2692
All,5,0.2,ppi_tuned,c392fbf05e1728f03c0692acbb7103d2b4e0c03d3175d8a1ecf806de0e02d829,594,752,594,2692,752,1504,1346,2692
All,5,0.2,raw_proxy,c392fbf05e1728f03c0692acbb7103d2b4e0c03d3175d8a1ecf806de0e02d829,594,752,0,1504,752,1504,752,1504
All,5,0.4,audit_residual,2438f2841971d806e0aa9bc8ec1cdf02ee56b8ba5d9b4129cd5d89a7b25e25a0,1187,752,1187,3878,752,1504,1939,3878
All,5,0.4,human_only,2438f2841971d806e0aa9bc8ec1cdf02ee56b8ba5d9b4129cd5d89a7b25e25a0,1187,752,1187,2374,752,1504,1939,3878
All,5,0.4,ppi,2438f2841971d806e0aa9bc8ec1cdf02ee56b8ba5d9b4129cd5d89a7b25e25a0,1187,752,1187,3878,752,1504,1939,3878
All,5,0.4,ppi_signed,2438f2841971d806e0aa9bc8ec1cdf02ee56b8ba5d9b4129cd5d89a7b25e25a0,1187,752,1187,3878,752,1504,1939,3878
All,5,0.4,ppi_tuned,2438f2841971d806e0aa9bc8ec1cdf02ee56b8ba5d9b4129cd5d89a7b25e25a0,1187,752,1187,3878,752,1504,1939,3878
All,5,0.4,raw_proxy,2438f2841971d806e0aa9bc8ec1cdf02ee56b8ba5d9b4129cd5d89a7b25e25a0,1187,752,0,1504,752,1504,752,1504
All,5,0.6,audit_residual,6a7734d70cd51235c01aadedf382ab0e563f3b36d11a530508de8aafab8e136c,1783,752,1783,5070,752,1504,2535,5070
All,5,0.6,human_only,6a7734d70cd51235c01aadedf382ab0e563f3b36d11a530508de8aafab8e136c,1783,752,1783,3566,752,1504,2535,5070
All,5,0.6,ppi,6a7734d70cd51235c01aadedf382ab0e563f3b36d11a530508de8aafab8e136c,1783,752,1783,5070,752,1504,2535,5070
All,5,0.6,ppi_signed,6a7734d70cd51235c01aadedf382ab0e563f3b36d11a530508de8aafab8e136c,1783,752,1783,5070,752,1504,2535,5070
All,5,0.6,ppi_tuned,6a7734d70cd51235c01aadedf382ab0e563f3b36d11a530508de8aafab8e136c,1783,752,1783,5070,752,1504,2535,5070
All,5,0.6,raw_proxy,6a7734d70cd51235c01aadedf382ab0e563f3b36d11a530508de8aafab8e136c,1783,752,0,1504,752,1504,752,1504
All,6,0.2,audit_residual,d9a9938760bbaccc1efd420c026074aab789f3536cb14dff8d9c7dd944bf9041,590,736,590,2652,736,1472,1326,2652
All,6,0.2,human_only,d9a9938760bbaccc1efd420c026074aab789f3536cb14dff8d9c7dd944bf9041,590,736,590,1180,736,1472,1326,2652
All,6,0.2,ppi,d9a9938760bbaccc1efd420c026074aab789f3536cb14dff8d9c7dd944bf9041,590,736,590,2652,736,1472,1326,2652
All,6,0.2,ppi_signed,d9a9938760bbaccc1efd420c026074aab789f3536cb14dff8d9c7dd944bf9041,590,736,590,2652,736,1472,1326,2652
All,6,0.2,ppi_tuned,d9a9938760bbaccc1efd420c026074aab789f3536cb14dff8d9c7dd944bf9041,590,736,590,2652,736,1472,1326,2652
All,6,0.2,raw_proxy,d9a9938760bbaccc1efd420c026074aab789f3536cb14dff8d9c7dd944bf9041,590,736,0,1472,736,1472,736,1472
All,6,0.4,audit_residual,bdf4868ed06d02e7e6b81e31f059ce5796513b444cf843d79a8343ae4a916c39,1198,736,1198,3868,736,1472,1934,3868
All,6,0.4,human_only,bdf4868ed06d02e7e6b81e31f059ce5796513b444cf843d79a8343ae4a916c39,1198,736,1198,2396,736,1472,1934,3868
All,6,0.4,ppi,bdf4868ed06d02e7e6b81e31f059ce5796513b444cf843d79a8343ae4a916c39,1198,736,1198,3868,736,1472,1934,3868
All,6,0.4,ppi_signed,bdf4868ed06d02e7e6b81e31f059ce5796513b444cf843d79a8343ae4a916c39,1198,736,1198,3868,736,1472,1934,3868
All,6,0.4,ppi_tuned,bdf4868ed06d02e7e6b81e31f059ce5796513b444cf843d79a8343ae4a916c39,1198,736,1198,3868,736,1472,1934,3868
All,6,0.4,raw_proxy,bdf4868ed06d02e7e6b81e31f059ce5796513b444cf843d79a8343ae4a916c39,1198,736,0,1472,736,1472,736,1472
All,6,0.6,audit_residual,e15d85481aaaaf3ff2acdf6e00662eafa28f236c8b27d5d0316a0102b7b04a7e,1798,736,1798,5068,736,1472,2534,5068
All,6,0.6,human_only,e15d85481aaaaf3ff2acdf6e00662eafa28f236c8b27d5d0316a0102b7b04a7e,1798,736,1798,3596,736,1472,2534,5068
All,6,0.6,ppi,e15d85481aaaaf3ff2acdf6e00662eafa28f236c8b27d5d0316a0102b7b04a7e,1798,736,1798,5068,736,1472,2534,5068
All,6,0.6,ppi_signed,e15d85481aaaaf3ff2acdf6e00662eafa28f236c8b27d5d0316a0102b7b04a7e,1798,736,1798,5068,736,1472,2534,5068
All,6,0.6,ppi_tuned,e15d85481aaaaf3ff2acdf6e00662eafa28f236c8b27d5d0316a0102b7b04a7e,1798,736,1798,5068,736,1472,2534,5068
All,6,0.6,raw_proxy,e15d85481aaaaf3ff2acdf6e00662eafa28f236c8b27d5d0316a0102b7b04a7e,1798,736,0,1472,736,1472,736,1472
All,7,0.2,audit_residual,13bf22a768b50721f82250191bdffe9047d727df5676f01c21b7ca53470eb162,600,739,600,2678,739,1478,1339,2678
All,7,0.2,human_only,13bf22a768b50721f82250191bdffe9047d727df5676f01c21b7ca53470eb162,600,739,600,1200,739,1478,1339,2678
All,7,0.2,ppi,13bf22a768b50721f82250191bdffe9047d727df5676f01c21b7ca53470eb162,600,739,600,2678,739,1478,1339,2678
All,7,0.2,ppi_signed,13bf22a768b50721f82250191bdffe9047d727df5676f01c21b7ca53470eb162,600,739,600,2678,739,1478,1339,2678
All,7,0.2,ppi_tuned,13bf22a768b50721f82250191bdffe9047d727df5676f01c21b7ca53470eb162,600,739,600,2678,739,1478,1339,2678
All,7,0.2,raw_proxy,13bf22a768b50721f82250191bdffe9047d727df5676f01c21b7ca53470eb162,600,739,0,1478,739,1478,739,1478
All,7,0.4,audit_residual,63a4eb26b740db44d0706695272691775064a2e7ff7a4b4a8f6cead3eda1c775,1205,739,1205,3888,739,1478,1944,3888
All,7,0.4,human_only,63a4eb26b740db44d0706695272691775064a2e7ff7a4b4a8f6cead3eda1c775,1205,739,1205,2410,739,1478,1944,3888
All,7,0.4,ppi,63a4eb26b740db44d0706695272691775064a2e7ff7a4b4a8f6cead3eda1c775,1205,739,1205,3888,739,1478,1944,3888
All,7,0.4,ppi_signed,63a4eb26b740db44d0706695272691775064a2e7ff7a4b4a8f6cead3eda1c775,1205,739,1205,3888,739,1478,1944,3888
All,7,0.4,ppi_tuned,63a4eb26b740db44d0706695272691775064a2e7ff7a4b4a8f6cead3eda1c775,1205,739,1205,3888,739,1478,1944,3888
All,7,0.4,raw_proxy,63a4eb26b740db44d0706695272691775064a2e7ff7a4b4a8f6cead3eda1c775,1205,739,0,1478,739,1478,739,1478
All,7,0.6,audit_residual,a94f040aaf18b0be8921cafc2980dcd2e74d17bad0be7b0d23e90a54eb4d56a1,1790,739,1790,5058,739,1478,2529,5058
All,7,0.6,human_only,a94f040aaf18b0be8921cafc2980dcd2e74d17bad0be7b0d23e90a54eb4d56a1,1790,739,1790,3580,739,1478,2529,5058
All,7,0.6,ppi,a94f040aaf18b0be8921cafc2980dcd2e74d17bad0be7b0d23e90a54eb4d56a1,1790,739,1790,5058,739,1478,2529,5058
All,7,0.6,ppi_signed,a94f040aaf18b0be8921cafc2980dcd2e74d17bad0be7b0d23e90a54eb4d56a1,1790,739,1790,5058,739,1478,2529,5058
All,7,0.6,ppi_tuned,a94f040aaf18b0be8921cafc2980dcd2e74d17bad0be7b0d23e90a54eb4d56a1,1790,739,1790,5058,739,1478,2529,5058
All,7,0.6,raw_proxy,a94f040aaf18b0be8921cafc2980dcd2e74d17bad0be7b0d23e90a54eb4d56a1,1790,739,0,1478,739,1478,739,1478
All,8,0.2,audit_residual,a4876bfb93bd4e746940d232e8bf26876d4716133d344342fa3b70103817dfbf,578,745,578,2646,745,1490,1323,2646
All,8,0.2,human_only,a4876bfb93bd4e746940d232e8bf26876d4716133d344342fa3b70103817dfbf,578,745,578,1156,745,1490,1323,2646
All,8,0.2,ppi,a4876bfb93bd4e746940d232e8bf26876d4716133d344342fa3b70103817dfbf,578,745,578,2646,745,1490,1323,2646
All,8,0.2,ppi_signed,a4876bfb93bd4e746940d232e8bf26876d4716133d344342fa3b70103817dfbf,578,745,578,2646,745,1490,1323,2646
All,8,0.2,ppi_tuned,a4876bfb93bd4e746940d232e8bf26876d4716133d344342fa3b70103817dfbf,578,745,578,2646,745,1490,1323,2646
All,8,0.2,raw_proxy,a4876bfb93bd4e746940d232e8bf26876d4716133d344342fa3b70103817dfbf,578,745,0,1490,745,1490,745,1490
All,8,0.4,audit_residual,d239862e586b7aa9cf9583983cb8de412dc0a7cfaa8a427bd59d2ad4c82e9abd,1177,745,1177,3844,745,1490,1922,3844
All,8,0.4,human_only,d239862e586b7aa9cf9583983cb8de412dc0a7cfaa8a427bd59d2ad4c82e9abd,1177,745,1177,2354,745,1490,1922,3844
All,8,0.4,ppi,d239862e586b7aa9cf9583983cb8de412dc0a7cfaa8a427bd59d2ad4c82e9abd,1177,745,1177,3844,745,1490,1922,3844
All,8,0.4,ppi_signed,d239862e586b7aa9cf9583983cb8de412dc0a7cfaa8a427bd59d2ad4c82e9abd,1177,745,1177,3844,745,1490,1922,3844
All,8,0.4,ppi_tuned,d239862e586b7aa9cf9583983cb8de412dc0a7cfaa8a427bd59d2ad4c82e9abd,1177,745,1177,3844,745,1490,1922,3844
All,8,0.4,raw_proxy,d239862e586b7aa9cf9583983cb8de412dc0a7cfaa8a427bd59d2ad4c82e9abd,1177,745,0,1490,745,1490,745,1490
All,8,0.6,audit_residual,a9826eeb5ec623eaf36df994abf87788023d2499c2e2e8d4acd31d2b9542d57d,1782,745,1782,5054,745,1490,2527,5054
All,8,0.6,human_only,a9826eeb5ec623eaf36df994abf87788023d2499c2e2e8d4acd31d2b9542d57d,1782,745,1782,3564,745,1490,2527,5054
All,8,0.6,ppi,a9826eeb5ec623eaf36df994abf87788023d2499c2e2e8d4acd31d2b9542d57d,1782,745,1782,5054,745,1490,2527,5054
All,8,0.6,ppi_signed,a9826eeb5ec623eaf36df994abf87788023d2499c2e2e8d4acd31d2b9542d57d,1782,745,1782,5054,745,1490,2527,5054
All,8,0.6,ppi_tuned,a9826eeb5ec623eaf36df994abf87788023d2499c2e2e8d4acd31d2b9542d57d,1782,745,1782,5054,745,1490,2527,5054
All,8,0.6,raw_proxy,a9826eeb5ec623eaf36df994abf87788023d2499c2e2e8d4acd31d2b9542d57d,1782,745,0,1490,745,1490,745,1490
All,9,0.2,audit_residual,0d9b62ce5cdeb2820bd1f95973c02fb8e50bf5d4578d53ca22e5c567f8450d9f,599,763,599,2724,763,1526,1362,2724
All,9,0.2,human_only,0d9b62ce5cdeb2820bd1f95973c02fb8e50bf5d4578d53ca22e5c567f8450d9f,599,763,599,1198,763,1526,1362,2724
All,9,0.2,ppi,0d9b62ce5cdeb2820bd1f95973c02fb8e50bf5d4578d53ca22e5c567f8450d9f,599,763,599,2724,763,1526,1362,2724
All,9,0.2,ppi_signed,0d9b62ce5cdeb2820bd1f95973c02fb8e50bf5d4578d53ca22e5c567f8450d9f,599,763,599,2724,763,1526,1362,2724
All,9,0.2,ppi_tuned,0d9b62ce5cdeb2820bd1f95973c02fb8e50bf5d4578d53ca22e5c567f8450d9f,599,763,599,2724,763,1526,1362,2724
All,9,0.2,raw_proxy,0d9b62ce5cdeb2820bd1f95973c02fb8e50bf5d4578d53ca22e5c567f8450d9f,599,763,0,1526,763,1526,763,1526
All,9,0.4,audit_residual,d05ce8fe01884e1ba6d3b835bcc356394caa2a6cf3650b3413a4b0802a5b4007,1183,763,1183,3892,763,1526,1946,3892
All,9,0.4,human_only,d05ce8fe01884e1ba6d3b835bcc356394caa2a6cf3650b3413a4b0802a5b4007,1183,763,1183,2366,763,1526,1946,3892
All,9,0.4,ppi,d05ce8fe01884e1ba6d3b835bcc356394caa2a6cf3650b3413a4b0802a5b4007,1183,763,1183,3892,763,1526,1946,3892
All,9,0.4,ppi_signed,d05ce8fe01884e1ba6d3b835bcc356394caa2a6cf3650b3413a4b0802a5b4007,1183,763,1183,3892,763,1526,1946,3892
All,9,0.4,ppi_tuned,d05ce8fe01884e1ba6d3b835bcc356394caa2a6cf3650b3413a4b0802a5b4007,1183,763,1183,3892,763,1526,1946,3892
All,9,0.4,raw_proxy,d05ce8fe01884e1ba6d3b835bcc356394caa2a6cf3650b3413a4b0802a5b4007,1183,763,0,1526,763,1526,763,1526
All,9,0.6,audit_residual,ea809ed23579895bc01f0910e1476cdaccee15e0b85feb24c060f19aeca5226b,1775,763,1775,5076,763,1526,2538,5076
All,9,0.6,human_only,ea809ed23579895bc01f0910e1476cdaccee15e0b85feb24c060f19aeca5226b,1775,763,1775,3550,763,1526,2538,5076
All,9,0.6,ppi,ea809ed23579895bc01f0910e1476cdaccee15e0b85feb24c060f19aeca5226b,1775,763,1775,5076,763,1526,2538,5076
All,9,0.6,ppi_signed,ea809ed23579895bc01f0910e1476cdaccee15e0b85feb24c060f19aeca5226b,1775,763,1775,5076,763,1526,2538,5076
All,9,0.6,ppi_tuned,ea809ed23579895bc01f0910e1476cdaccee15e0b85feb24c060f19aeca5226b,1775,763,1775,5076,763,1526,2538,5076
All,9,0.6,raw_proxy,ea809ed23579895bc01f0910e1476cdaccee15e0b85feb24c060f19aeca5226b,1775,763,0,1526,763,1526,763,1526
All,10,0.2,audit_residual,aa7ea7f8efa79422fa54b6847ab73d2708be16c0530edd672fa26fff571d65c8,588,742,588,2660,742,1484,1330,2660
All,10,0.2,human_only,aa7ea7f8efa79422fa54b6847ab73d2708be16c0530edd672fa26fff571d65c8,588,742,588,1176,742,1484,1330,2660
All,10,0.2,ppi,aa7ea7f8efa79422fa54b6847ab73d2708be16c0530edd672fa26fff571d65c8,588,742,588,2660,742,1484,1330,2660
All,10,0.2,ppi_signed,aa7ea7f8efa79422fa54b6847ab73d2708be16c0530edd672fa26fff571d65c8,588,742,588,2660,742,1484,1330,2660
All,10,0.2,ppi_tuned,aa7ea7f8efa79422fa54b6847ab73d2708be16c0530edd672fa26fff571d65c8,588,742,588,2660,742,1484,1330,2660
All,10,0.2,raw_proxy,aa7ea7f8efa79422fa54b6847ab73d2708be16c0530edd672fa26fff571d65c8,588,742,0,1484,742,1484,742,1484
All,10,0.4,audit_residual,687af94b170de5028441edd8ebe8c6aa526dc2327508f67297c964b703789428,1187,742,1187,3858,742,1484,1929,3858
All,10,0.4,human_only,687af94b170de5028441edd8ebe8c6aa526dc2327508f67297c964b703789428,1187,742,1187,2374,742,1484,1929,3858
All,10,0.4,ppi,687af94b170de5028441edd8ebe8c6aa526dc2327508f67297c964b703789428,1187,742,1187,3858,742,1484,1929,3858
All,10,0.4,ppi_signed,687af94b170de5028441edd8ebe8c6aa526dc2327508f67297c964b703789428,1187,742,1187,3858,742,1484,1929,3858
All,10,0.4,ppi_tuned,687af94b170de5028441edd8ebe8c6aa526dc2327508f67297c964b703789428,1187,742,1187,3858,742,1484,1929,3858
All,10,0.4,raw_proxy,687af94b170de5028441edd8ebe8c6aa526dc2327508f67297c964b703789428,1187,742,0,1484,742,1484,742,1484
All,10,0.6,audit_residual,70766a7bade2bb342df77ecd526873014eb7cf2aeeabef7f81576983898b310b,1782,742,1782,5048,742,1484,2524,5048
All,10,0.6,human_only,70766a7bade2bb342df77ecd526873014eb7cf2aeeabef7f81576983898b310b,1782,742,1782,3564,742,1484,2524,5048
All,10,0.6,ppi,70766a7bade2bb342df77ecd526873014eb7cf2aeeabef7f81576983898b310b,1782,742,1782,5048,742,1484,2524,5048
All,10,0.6,ppi_signed,70766a7bade2bb342df77ecd526873014eb7cf2aeeabef7f81576983898b310b,1782,742,1782,5048,742,1484,2524,5048
All,10,0.6,ppi_tuned,70766a7bade2bb342df77ecd526873014eb7cf2aeeabef7f81576983898b310b,1782,742,1782,5048,742,1484,2524,5048
All,10,0.6,raw_proxy,70766a7bade2bb342df77ecd526873014eb7cf2aeeabef7f81576983898b310b,1782,742,0,1484,742,1484,742,1484
All,11,0.2,audit_residual,24892bf8e5c2287658252c30df058bda23c44dab08ed0f18473c1f95dfb569c4,593,760,593,2706,760,1520,1353,2706
All,11,0.2,human_only,24892bf8e5c2287658252c30df058bda23c44dab08ed0f18473c1f95dfb569c4,593,760,593,1186,760,1520,1353,2706
All,11,0.2,ppi,24892bf8e5c2287658252c30df058bda23c44dab08ed0f18473c1f95dfb569c4,593,760,593,2706,760,1520,1353,2706
All,11,0.2,ppi_signed,24892bf8e5c2287658252c30df058bda23c44dab08ed0f18473c1f95dfb569c4,593,760,593,2706,760,1520,1353,2706
All,11,0.2,ppi_tuned,24892bf8e5c2287658252c30df058bda23c44dab08ed0f18473c1f95dfb569c4,593,760,593,2706,760,1520,1353,2706
All,11,0.2,raw_proxy,24892bf8e5c2287658252c30df058bda23c44dab08ed0f18473c1f95dfb569c4,593,760,0,1520,760,1520,760,1520
All,11,0.4,audit_residual,ee1d503545c37ea8bccd34ce34833d13488e73fa469ab4e862c0c5ed7ff1b8f8,1191,760,1191,3902,760,1520,1951,3902
All,11,0.4,human_only,ee1d503545c37ea8bccd34ce34833d13488e73fa469ab4e862c0c5ed7ff1b8f8,1191,760,1191,2382,760,1520,1951,3902
All,11,0.4,ppi,ee1d503545c37ea8bccd34ce34833d13488e73fa469ab4e862c0c5ed7ff1b8f8,1191,760,1191,3902,760,1520,1951,3902
All,11,0.4,ppi_signed,ee1d503545c37ea8bccd34ce34833d13488e73fa469ab4e862c0c5ed7ff1b8f8,1191,760,1191,3902,760,1520,1951,3902
All,11,0.4,ppi_tuned,ee1d503545c37ea8bccd34ce34833d13488e73fa469ab4e862c0c5ed7ff1b8f8,1191,760,1191,3902,760,1520,1951,3902
All,11,0.4,raw_proxy,ee1d503545c37ea8bccd34ce34833d13488e73fa469ab4e862c0c5ed7ff1b8f8,1191,760,0,1520,760,1520,760,1520
All,11,0.6,audit_residual,25e15166043646970a0899b2e7e70df8b0196c7900fcd77aa5ed49c4606500b1,1782,760,1782,5084,760,1520,2542,5084
All,11,0.6,human_only,25e15166043646970a0899b2e7e70df8b0196c7900fcd77aa5ed49c4606500b1,1782,760,1782,3564,760,1520,2542,5084
All,11,0.6,ppi,25e15166043646970a0899b2e7e70df8b0196c7900fcd77aa5ed49c4606500b1,1782,760,1782,5084,760,1520,2542,5084
All,11,0.6,ppi_signed,25e15166043646970a0899b2e7e70df8b0196c7900fcd77aa5ed49c4606500b1,1782,760,1782,5084,760,1520,2542,5084
All,11,0.6,ppi_tuned,25e15166043646970a0899b2e7e70df8b0196c7900fcd77aa5ed49c4606500b1,1782,760,1782,5084,760,1520,2542,5084
All,11,0.6,raw_proxy,25e15166043646970a0899b2e7e70df8b0196c7900fcd77aa5ed49c4606500b1,1782,760,0,1520,760,1520,760,1520
All,12,0.2,audit_residual,9c3b0f47a89de9f069b18ff7ed18829469cf02ef90d5f47aef7e44766a063764,580,746,580,2652,746,1492,1326,2652
All,12,0.2,human_only,9c3b0f47a89de9f069b18ff7ed18829469cf02ef90d5f47aef7e44766a063764,580,746,580,1160,746,1492,1326,2652
All,12,0.2,ppi,9c3b0f47a89de9f069b18ff7ed18829469cf02ef90d5f47aef7e44766a063764,580,746,580,2652,746,1492,1326,2652
All,12,0.2,ppi_signed,9c3b0f47a89de9f069b18ff7ed18829469cf02ef90d5f47aef7e44766a063764,580,746,580,2652,746,1492,1326,2652
All,12,0.2,ppi_tuned,9c3b0f47a89de9f069b18ff7ed18829469cf02ef90d5f47aef7e44766a063764,580,746,580,2652,746,1492,1326,2652
All,12,0.2,raw_proxy,9c3b0f47a89de9f069b18ff7ed18829469cf02ef90d5f47aef7e44766a063764,580,746,0,1492,746,1492,746,1492
All,12,0.4,audit_residual,c3b42ae564a60c42e91850b827a0d71a190786f96230080954c085907cdd4841,1167,746,1167,3826,746,1492,1913,3826
All,12,0.4,human_only,c3b42ae564a60c42e91850b827a0d71a190786f96230080954c085907cdd4841,1167,746,1167,2334,746,1492,1913,3826
All,12,0.4,ppi,c3b42ae564a60c42e91850b827a0d71a190786f96230080954c085907cdd4841,1167,746,1167,3826,746,1492,1913,3826
All,12,0.4,ppi_signed,c3b42ae564a60c42e91850b827a0d71a190786f96230080954c085907cdd4841,1167,746,1167,3826,746,1492,1913,3826
All,12,0.4,ppi_tuned,c3b42ae564a60c42e91850b827a0d71a190786f96230080954c085907cdd4841,1167,746,1167,3826,746,1492,1913,3826
All,12,0.4,raw_proxy,c3b42ae564a60c42e91850b827a0d71a190786f96230080954c085907cdd4841,1167,746,0,1492,746,1492,746,1492
All,12,0.6,audit_residual,802f8c58d1c5cad89feba4d41a00fad52bd672a435a92809121af18c006d17a0,1774,746,1774,5040,746,1492,2520,5040
All,12,0.6,human_only,802f8c58d1c5cad89feba4d41a00fad52bd672a435a92809121af18c006d17a0,1774,746,1774,3548,746,1492,2520,5040
All,12,0.6,ppi,802f8c58d1c5cad89feba4d41a00fad52bd672a435a92809121af18c006d17a0,1774,746,1774,5040,746,1492,2520,5040
All,12,0.6,ppi_signed,802f8c58d1c5cad89feba4d41a00fad52bd672a435a92809121af18c006d17a0,1774,746,1774,5040,746,1492,2520,5040
All,12,0.6,ppi_tuned,802f8c58d1c5cad89feba4d41a00fad52bd672a435a92809121af18c006d17a0,1774,746,1774,5040,746,1492,2520,5040
All,12,0.6,raw_proxy,802f8c58d1c5cad89feba4d41a00fad52bd672a435a92809121af18c006d17a0,1774,746,0,1492,746,1492,746,1492
All,13,0.2,audit_residual,93c0e8299d7823e81628968c752a704a86642e97177d5440da83d29892e5a296,604,746,604,2700,746,1492,1350,2700
All,13,0.2,human_only,93c0e8299d7823e81628968c752a704a86642e97177d5440da83d29892e5a296,604,746,604,1208,746,1492,1350,2700
All,13,0.2,ppi,93c0e8299d7823e81628968c752a704a86642e97177d5440da83d29892e5a296,604,746,604,2700,746,1492,1350,2700
All,13,0.2,ppi_signed,93c0e8299d7823e81628968c752a704a86642e97177d5440da83d29892e5a296,604,746,604,2700,746,1492,1350,2700
All,13,0.2,ppi_tuned,93c0e8299d7823e81628968c752a704a86642e97177d5440da83d29892e5a296,604,746,604,2700,746,1492,1350,2700
All,13,0.2,raw_proxy,93c0e8299d7823e81628968c752a704a86642e97177d5440da83d29892e5a296,604,746,0,1492,746,1492,746,1492
All,13,0.4,audit_residual,570e0d94c048a0024e172eec998e659f134b9f778bf30b1dc3f963bf20ac78ad,1195,746,1195,3882,746,1492,1941,3882
All,13,0.4,human_only,570e0d94c048a0024e172eec998e659f134b9f778bf30b1dc3f963bf20ac78ad,1195,746,1195,2390,746,1492,1941,3882
All,13,0.4,ppi,570e0d94c048a0024e172eec998e659f134b9f778bf30b1dc3f963bf20ac78ad,1195,746,1195,3882,746,1492,1941,3882
All,13,0.4,ppi_signed,570e0d94c048a0024e172eec998e659f134b9f778bf30b1dc3f963bf20ac78ad,1195,746,1195,3882,746,1492,1941,3882
All,13,0.4,ppi_tuned,570e0d94c048a0024e172eec998e659f134b9f778bf30b1dc3f963bf20ac78ad,1195,746,1195,3882,746,1492,1941,3882
All,13,0.4,raw_proxy,570e0d94c048a0024e172eec998e659f134b9f778bf30b1dc3f963bf20ac78ad,1195,746,0,1492,746,1492,746,1492
All,13,0.6,audit_residual,5e0e3ff81de6aa18d79ee76769813e00c0ae5178318ada7ae8d7d488d611d8ef,1791,746,1791,5074,746,1492,2537,5074
All,13,0.6,human_only,5e0e3ff81de6aa18d79ee76769813e00c0ae5178318ada7ae8d7d488d611d8ef,1791,746,1791,3582,746,1492,2537,5074
All,13,0.6,ppi,5e0e3ff81de6aa18d79ee76769813e00c0ae5178318ada7ae8d7d488d611d8ef,1791,746,1791,5074,746,1492,2537,5074
All,13,0.6,ppi_signed,5e0e3ff81de6aa18d79ee76769813e00c0ae5178318ada7ae8d7d488d611d8ef,1791,746,1791,5074,746,1492,2537,5074
All,13,0.6,ppi_tuned,5e0e3ff81de6aa18d79ee76769813e00c0ae5178318ada7ae8d7d488d611d8ef,1791,746,1791,5074,746,1492,2537,5074
All,13,0.6,raw_proxy,5e0e3ff81de6aa18d79ee76769813e00c0ae5178318ada7ae8d7d488d611d8ef,1791,746,0,1492,746,1492,746,1492
All,14,0.2,audit_residual,9696df6559336d5b797b2a196c010e90dc0795ae0e46828e976382143f8e11a8,596,755,596,2702,755,1510,1351,2702
All,14,0.2,human_only,9696df6559336d5b797b2a196c010e90dc0795ae0e46828e976382143f8e11a8,596,755,596,1192,755,1510,1351,2702
All,14,0.2,ppi,9696df6559336d5b797b2a196c010e90dc0795ae0e46828e976382143f8e11a8,596,755,596,2702,755,1510,1351,2702
All,14,0.2,ppi_signed,9696df6559336d5b797b2a196c010e90dc0795ae0e46828e976382143f8e11a8,596,755,596,2702,755,1510,1351,2702
All,14,0.2,ppi_tuned,9696df6559336d5b797b2a196c010e90dc0795ae0e46828e976382143f8e11a8,596,755,596,2702,755,1510,1351,2702
All,14,0.2,raw_proxy,9696df6559336d5b797b2a196c010e90dc0795ae0e46828e976382143f8e11a8,596,755,0,1510,755,1510,755,1510
All,14,0.4,audit_residual,d49389047081ed63072f6ad54bd83ece87ca083a216964ccf819ce29a9da7aa3,1195,755,1195,3900,755,1510,1950,3900
All,14,0.4,human_only,d49389047081ed63072f6ad54bd83ece87ca083a216964ccf819ce29a9da7aa3,1195,755,1195,2390,755,1510,1950,3900
All,14,0.4,ppi,d49389047081ed63072f6ad54bd83ece87ca083a216964ccf819ce29a9da7aa3,1195,755,1195,3900,755,1510,1950,3900
All,14,0.4,ppi_signed,d49389047081ed63072f6ad54bd83ece87ca083a216964ccf819ce29a9da7aa3,1195,755,1195,3900,755,1510,1950,3900
All,14,0.4,ppi_tuned,d49389047081ed63072f6ad54bd83ece87ca083a216964ccf819ce29a9da7aa3,1195,755,1195,3900,755,1510,1950,3900
All,14,0.4,raw_proxy,d49389047081ed63072f6ad54bd83ece87ca083a216964ccf819ce29a9da7aa3,1195,755,0,1510,755,1510,755,1510
All,14,0.6,audit_residual,67af879cc4f060ef53a8060d5c4417a0562d34a3e8cfd4e1ca1411192f505bcc,1786,755,1786,5082,755,1510,2541,5082
All,14,0.6,human_only,67af879cc4f060ef53a8060d5c4417a0562d34a3e8cfd4e1ca1411192f505bcc,1786,755,1786,3572,755,1510,2541,5082
All,14,0.6,ppi,67af879cc4f060ef53a8060d5c4417a0562d34a3e8cfd4e1ca1411192f505bcc,1786,755,1786,5082,755,1510,2541,5082
All,14,0.6,ppi_signed,67af879cc4f060ef53a8060d5c4417a0562d34a3e8cfd4e1ca1411192f505bcc,1786,755,1786,5082,755,1510,2541,5082
All,14,0.6,ppi_tuned,67af879cc4f060ef53a8060d5c4417a0562d34a3e8cfd4e1ca1411192f505bcc,1786,755,1786,5082,755,1510,2541,5082
All,14,0.6,raw_proxy,67af879cc4f060ef53a8060d5c4417a0562d34a3e8cfd4e1ca1411192f505bcc,1786,755,0,1510,755,1510,755,1510
All,15,0.2,audit_residual,6edd46a173ea43fa7c0488865e878be28548d6e915bedca31fb575c1453b7d83,591,750,591,2682,750,1500,1341,2682
All,15,0.2,human_only,6edd46a173ea43fa7c0488865e878be28548d6e915bedca31fb575c1453b7d83,591,750,591,1182,750,1500,1341,2682
All,15,0.2,ppi,6edd46a173ea43fa7c0488865e878be28548d6e915bedca31fb575c1453b7d83,591,750,591,2682,750,1500,1341,2682
All,15,0.2,ppi_signed,6edd46a173ea43fa7c0488865e878be28548d6e915bedca31fb575c1453b7d83,591,750,591,2682,750,1500,1341,2682
All,15,0.2,ppi_tuned,6edd46a173ea43fa7c0488865e878be28548d6e915bedca31fb575c1453b7d83,591,750,591,2682,750,1500,1341,2682
All,15,0.2,raw_proxy,6edd46a173ea43fa7c0488865e878be28548d6e915bedca31fb575c1453b7d83,591,750,0,1500,750,1500,750,1500
All,15,0.4,audit_residual,f549a4e09794e2d5d1e2466ebb4b56a7d243eeecfddfe7f824bcad0d4c79e3f1,1186,750,1186,3872,750,1500,1936,3872
All,15,0.4,human_only,f549a4e09794e2d5d1e2466ebb4b56a7d243eeecfddfe7f824bcad0d4c79e3f1,1186,750,1186,2372,750,1500,1936,3872
All,15,0.4,ppi,f549a4e09794e2d5d1e2466ebb4b56a7d243eeecfddfe7f824bcad0d4c79e3f1,1186,750,1186,3872,750,1500,1936,3872
All,15,0.4,ppi_signed,f549a4e09794e2d5d1e2466ebb4b56a7d243eeecfddfe7f824bcad0d4c79e3f1,1186,750,1186,3872,750,1500,1936,3872
All,15,0.4,ppi_tuned,f549a4e09794e2d5d1e2466ebb4b56a7d243eeecfddfe7f824bcad0d4c79e3f1,1186,750,1186,3872,750,1500,1936,3872
All,15,0.4,raw_proxy,f549a4e09794e2d5d1e2466ebb4b56a7d243eeecfddfe7f824bcad0d4c79e3f1,1186,750,0,1500,750,1500,750,1500
All,15,0.6,audit_residual,19dc4f770bf60bda394055fa3a3a7da68c933f8d9317b07d95f5694a00410d5f,1794,750,1794,5088,750,1500,2544,5088
All,15,0.6,human_only,19dc4f770bf60bda394055fa3a3a7da68c933f8d9317b07d95f5694a00410d5f,1794,750,1794,3588,750,1500,2544,5088
All,15,0.6,ppi,19dc4f770bf60bda394055fa3a3a7da68c933f8d9317b07d95f5694a00410d5f,1794,750,1794,5088,750,1500,2544,5088
All,15,0.6,ppi_signed,19dc4f770bf60bda394055fa3a3a7da68c933f8d9317b07d95f5694a00410d5f,1794,750,1794,5088,750,1500,2544,5088
All,15,0.6,ppi_tuned,19dc4f770bf60bda394055fa3a3a7da68c933f8d9317b07d95f5694a00410d5f,1794,750,1794,5088,750,1500,2544,5088
All,15,0.6,raw_proxy,19dc4f770bf60bda394055fa3a3a7da68c933f8d9317b07d95f5694a00410d5f,1794,750,0,1500,750,1500,750,1500
All,16,0.2,audit_residual,9465cebae55c3695045f6fab94d6d6174c33bc22e1f03458da3d08146d86f1f8,593,749,593,2684,749,1498,1342,2684
All,16,0.2,human_only,9465cebae55c3695045f6fab94d6d6174c33bc22e1f03458da3d08146d86f1f8,593,749,593,1186,749,1498,1342,2684
All,16,0.2,ppi,9465cebae55c3695045f6fab94d6d6174c33bc22e1f03458da3d08146d86f1f8,593,749,593,2684,749,1498,1342,2684
All,16,0.2,ppi_signed,9465cebae55c3695045f6fab94d6d6174c33bc22e1f03458da3d08146d86f1f8,593,749,593,2684,749,1498,1342,2684
All,16,0.2,ppi_tuned,9465cebae55c3695045f6fab94d6d6174c33bc22e1f03458da3d08146d86f1f8,593,749,593,2684,749,1498,1342,2684
All,16,0.2,raw_proxy,9465cebae55c3695045f6fab94d6d6174c33bc22e1f03458da3d08146d86f1f8,593,749,0,1498,749,1498,749,1498
All,16,0.4,audit_residual,7e34c75c6270fb02259e73204e14eedfa00df5572808ac15fa7dffe4a57b2cb4,1194,749,1194,3886,749,1498,1943,3886
All,16,0.4,human_only,7e34c75c6270fb02259e73204e14eedfa00df5572808ac15fa7dffe4a57b2cb4,1194,749,1194,2388,749,1498,1943,3886
All,16,0.4,ppi,7e34c75c6270fb02259e73204e14eedfa00df5572808ac15fa7dffe4a57b2cb4,1194,749,1194,3886,749,1498,1943,3886
All,16,0.4,ppi_signed,7e34c75c6270fb02259e73204e14eedfa00df5572808ac15fa7dffe4a57b2cb4,1194,749,1194,3886,749,1498,1943,3886
All,16,0.4,ppi_tuned,7e34c75c6270fb02259e73204e14eedfa00df5572808ac15fa7dffe4a57b2cb4,1194,749,1194,3886,749,1498,1943,3886
All,16,0.4,raw_proxy,7e34c75c6270fb02259e73204e14eedfa00df5572808ac15fa7dffe4a57b2cb4,1194,749,0,1498,749,1498,749,1498
All,16,0.6,audit_residual,49bb739f630199ba2088e12fe840dabda3986e1ca196d45cba76dd47cc4c1802,1782,749,1782,5062,749,1498,2531,5062
All,16,0.6,human_only,49bb739f630199ba2088e12fe840dabda3986e1ca196d45cba76dd47cc4c1802,1782,749,1782,3564,749,1498,2531,5062
All,16,0.6,ppi,49bb739f630199ba2088e12fe840dabda3986e1ca196d45cba76dd47cc4c1802,1782,749,1782,5062,749,1498,2531,5062
All,16,0.6,ppi_signed,49bb739f630199ba2088e12fe840dabda3986e1ca196d45cba76dd47cc4c1802,1782,749,1782,5062,749,1498,2531,5062
All,16,0.6,ppi_tuned,49bb739f630199ba2088e12fe840dabda3986e1ca196d45cba76dd47cc4c1802,1782,749,1782,5062,749,1498,2531,5062
All,16,0.6,raw_proxy,49bb739f630199ba2088e12fe840dabda3986e1ca196d45cba76dd47cc4c1802,1782,749,0,1498,749,1498,749,1498
All,17,0.2,audit_residual,fe746961401fdc3cd57003042e169041c201f6f5db4b5311ae204e55c92273d9,585,741,585,2652,741,1482,1326,2652
All,17,0.2,human_only,fe746961401fdc3cd57003042e169041c201f6f5db4b5311ae204e55c92273d9,585,741,585,1170,741,1482,1326,2652
All,17,0.2,ppi,fe746961401fdc3cd57003042e169041c201f6f5db4b5311ae204e55c92273d9,585,741,585,2652,741,1482,1326,2652
All,17,0.2,ppi_signed,fe746961401fdc3cd57003042e169041c201f6f5db4b5311ae204e55c92273d9,585,741,585,2652,741,1482,1326,2652
All,17,0.2,ppi_tuned,fe746961401fdc3cd57003042e169041c201f6f5db4b5311ae204e55c92273d9,585,741,585,2652,741,1482,1326,2652
All,17,0.2,raw_proxy,fe746961401fdc3cd57003042e169041c201f6f5db4b5311ae204e55c92273d9,585,741,0,1482,741,1482,741,1482
All,17,0.4,audit_residual,c67014cdb35eb5731f35f10989077c27a1923a98f380ec7f4f98ee0f2a3eb77e,1176,741,1176,3834,741,1482,1917,3834
All,17,0.4,human_only,c67014cdb35eb5731f35f10989077c27a1923a98f380ec7f4f98ee0f2a3eb77e,1176,741,1176,2352,741,1482,1917,3834
All,17,0.4,ppi,c67014cdb35eb5731f35f10989077c27a1923a98f380ec7f4f98ee0f2a3eb77e,1176,741,1176,3834,741,1482,1917,3834
All,17,0.4,ppi_signed,c67014cdb35eb5731f35f10989077c27a1923a98f380ec7f4f98ee0f2a3eb77e,1176,741,1176,3834,741,1482,1917,3834
All,17,0.4,ppi_tuned,c67014cdb35eb5731f35f10989077c27a1923a98f380ec7f4f98ee0f2a3eb77e,1176,741,1176,3834,741,1482,1917,3834
All,17,0.4,raw_proxy,c67014cdb35eb5731f35f10989077c27a1923a98f380ec7f4f98ee0f2a3eb77e,1176,741,0,1482,741,1482,741,1482
All,17,0.6,audit_residual,edf5d8e5949a8b0ccd8f3ed83413b409294f5da2c92e30765411108e06701c5c,1780,741,1780,5042,741,1482,2521,5042
All,17,0.6,human_only,edf5d8e5949a8b0ccd8f3ed83413b409294f5da2c92e30765411108e06701c5c,1780,741,1780,3560,741,1482,2521,5042
All,17,0.6,ppi,edf5d8e5949a8b0ccd8f3ed83413b409294f5da2c92e30765411108e06701c5c,1780,741,1780,5042,741,1482,2521,5042
All,17,0.6,ppi_signed,edf5d8e5949a8b0ccd8f3ed83413b409294f5da2c92e30765411108e06701c5c,1780,741,1780,5042,741,1482,2521,5042
All,17,0.6,ppi_tuned,edf5d8e5949a8b0ccd8f3ed83413b409294f5da2c92e30765411108e06701c5c,1780,741,1780,5042,741,1482,2521,5042
All,17,0.6,raw_proxy,edf5d8e5949a8b0ccd8f3ed83413b409294f5da2c92e30765411108e06701c5c,1780,741,0,1482,741,1482,741,1482
All,18,0.2,audit_residual,a7b09ebcd27c651c92789d64cc3abe07a655ae65881ada67cdbe539e9840a0ea,603,741,603,2688,741,1482,1344,2688
All,18,0.2,human_only,a7b09ebcd27c651c92789d64cc3abe07a655ae65881ada67cdbe539e9840a0ea,603,741,603,1206,741,1482,1344,2688
All,18,0.2,ppi,a7b09ebcd27c651c92789d64cc3abe07a655ae65881ada67cdbe539e9840a0ea,603,741,603,2688,741,1482,1344,2688
All,18,0.2,ppi_signed,a7b09ebcd27c651c92789d64cc3abe07a655ae65881ada67cdbe539e9840a0ea,603,741,603,2688,741,1482,1344,2688
All,18,0.2,ppi_tuned,a7b09ebcd27c651c92789d64cc3abe07a655ae65881ada67cdbe539e9840a0ea,603,741,603,2688,741,1482,1344,2688
All,18,0.2,raw_proxy,a7b09ebcd27c651c92789d64cc3abe07a655ae65881ada67cdbe539e9840a0ea,603,741,0,1482,741,1482,741,1482
All,18,0.4,audit_residual,4e8ebb49d6853ea6d40937ac14ed3a021c7ed0a31fbda98dbff552d7c6b771dd,1211,741,1211,3904,741,1482,1952,3904
All,18,0.4,human_only,4e8ebb49d6853ea6d40937ac14ed3a021c7ed0a31fbda98dbff552d7c6b771dd,1211,741,1211,2422,741,1482,1952,3904
All,18,0.4,ppi,4e8ebb49d6853ea6d40937ac14ed3a021c7ed0a31fbda98dbff552d7c6b771dd,1211,741,1211,3904,741,1482,1952,3904
All,18,0.4,ppi_signed,4e8ebb49d6853ea6d40937ac14ed3a021c7ed0a31fbda98dbff552d7c6b771dd,1211,741,1211,3904,741,1482,1952,3904
All,18,0.4,ppi_tuned,4e8ebb49d6853ea6d40937ac14ed3a021c7ed0a31fbda98dbff552d7c6b771dd,1211,741,1211,3904,741,1482,1952,3904
All,18,0.4,raw_proxy,4e8ebb49d6853ea6d40937ac14ed3a021c7ed0a31fbda98dbff552d7c6b771dd,1211,741,0,1482,741,1482,741,1482
All,18,0.6,audit_residual,86ab3c7c222e8de71392c12af4ec94d00010ce4bc9473a3116d93c52ff9c90ec,1797,741,1797,5076,741,1482,2538,5076
All,18,0.6,human_only,86ab3c7c222e8de71392c12af4ec94d00010ce4bc9473a3116d93c52ff9c90ec,1797,741,1797,3594,741,1482,2538,5076
All,18,0.6,ppi,86ab3c7c222e8de71392c12af4ec94d00010ce4bc9473a3116d93c52ff9c90ec,1797,741,1797,5076,741,1482,2538,5076
All,18,0.6,ppi_signed,86ab3c7c222e8de71392c12af4ec94d00010ce4bc9473a3116d93c52ff9c90ec,1797,741,1797,5076,741,1482,2538,5076
All,18,0.6,ppi_tuned,86ab3c7c222e8de71392c12af4ec94d00010ce4bc9473a3116d93c52ff9c90ec,1797,741,1797,5076,741,1482,2538,5076
All,18,0.6,raw_proxy,86ab3c7c222e8de71392c12af4ec94d00010ce4bc9473a3116d93c52ff9c90ec,1797,741,0,1482,741,1482,741,1482
All,19,0.2,audit_residual,a23a2ddb5293b45145cb060f8d4a4d684001768f088066503b214e8663276b1e,605,745,605,2700,745,1490,1350,2700
All,19,0.2,human_only,a23a2ddb5293b45145cb060f8d4a4d684001768f088066503b214e8663276b1e,605,745,605,1210,745,1490,1350,2700
All,19,0.2,ppi,a23a2ddb5293b45145cb060f8d4a4d684001768f088066503b214e8663276b1e,605,745,605,2700,745,1490,1350,2700
All,19,0.2,ppi_signed,a23a2ddb5293b45145cb060f8d4a4d684001768f088066503b214e8663276b1e,605,745,605,2700,745,1490,1350,2700
All,19,0.2,ppi_tuned,a23a2ddb5293b45145cb060f8d4a4d684001768f088066503b214e8663276b1e,605,745,605,2700,745,1490,1350,2700
All,19,0.2,raw_proxy,a23a2ddb5293b45145cb060f8d4a4d684001768f088066503b214e8663276b1e,605,745,0,1490,745,1490,745,1490
All,19,0.4,audit_residual,aa9d50dc71b0650a9578bbdc682a37742cfedfe98ad661e7aaaf1565bb83c1f3,1205,745,1205,3900,745,1490,1950,3900
All,19,0.4,human_only,aa9d50dc71b0650a9578bbdc682a37742cfedfe98ad661e7aaaf1565bb83c1f3,1205,745,1205,2410,745,1490,1950,3900
All,19,0.4,ppi,aa9d50dc71b0650a9578bbdc682a37742cfedfe98ad661e7aaaf1565bb83c1f3,1205,745,1205,3900,745,1490,1950,3900
All,19,0.4,ppi_signed,aa9d50dc71b0650a9578bbdc682a37742cfedfe98ad661e7aaaf1565bb83c1f3,1205,745,1205,3900,745,1490,1950,3900
All,19,0.4,ppi_tuned,aa9d50dc71b0650a9578bbdc682a37742cfedfe98ad661e7aaaf1565bb83c1f3,1205,745,1205,3900,745,1490,1950,3900
All,19,0.4,raw_proxy,aa9d50dc71b0650a9578bbdc682a37742cfedfe98ad661e7aaaf1565bb83c1f3,1205,745,0,1490,745,1490,745,1490
All,19,0.6,audit_residual,bd9016240525060df5204b48ae69a1d63c7602082e044cc7ef5d7873493e6894,1793,745,1793,5076,745,1490,2538,5076
All,19,0.6,human_only,bd9016240525060df5204b48ae69a1d63c7602082e044cc7ef5d7873493e6894,1793,745,1793,3586,745,1490,2538,5076
All,19,0.6,ppi,bd9016240525060df5204b48ae69a1d63c7602082e044cc7ef5d7873493e6894,1793,745,1793,5076,745,1490,2538,5076
All,19,0.6,ppi_signed,bd9016240525060df5204b48ae69a1d63c7602082e044cc7ef5d7873493e6894,1793,745,1793,5076,745,1490,2538,5076
All,19,0.6,ppi_tuned,bd9016240525060df5204b48ae69a1d63c7602082e044cc7ef5d7873493e6894,1793,745,1793,5076,745,1490,2538,5076
All,19,0.6,raw_proxy,bd9016240525060df5204b48ae69a1d63c7602082e044cc7ef5d7873493e6894,1793,745,0,1490,745,1490,745,1490
All,20,0.2,audit_residual,80a339ad25ab4e2ba860c204f705ddb73c8f33871a4e78fce642485df8c2890f,602,735,602,2674,735,1470,1337,2674
All,20,0.2,human_only,80a339ad25ab4e2ba860c204f705ddb73c8f33871a4e78fce642485df8c2890f,602,735,602,1204,735,1470,1337,2674
All,20,0.2,ppi,80a339ad25ab4e2ba860c204f705ddb73c8f33871a4e78fce642485df8c2890f,602,735,602,2674,735,1470,1337,2674
All,20,0.2,ppi_signed,80a339ad25ab4e2ba860c204f705ddb73c8f33871a4e78fce642485df8c2890f,602,735,602,2674,735,1470,1337,2674
All,20,0.2,ppi_tuned,80a339ad25ab4e2ba860c204f705ddb73c8f33871a4e78fce642485df8c2890f,602,735,602,2674,735,1470,1337,2674
All,20,0.2,raw_proxy,80a339ad25ab4e2ba860c204f705ddb73c8f33871a4e78fce642485df8c2890f,602,735,0,1470,735,1470,735,1470
All,20,0.4,audit_residual,2866890b2b6c1f74fe6881355fd8d17514347ad58d34ef9cbc233df11757c692,1210,735,1210,3890,735,1470,1945,3890
All,20,0.4,human_only,2866890b2b6c1f74fe6881355fd8d17514347ad58d34ef9cbc233df11757c692,1210,735,1210,2420,735,1470,1945,3890
All,20,0.4,ppi,2866890b2b6c1f74fe6881355fd8d17514347ad58d34ef9cbc233df11757c692,1210,735,1210,3890,735,1470,1945,3890
All,20,0.4,ppi_signed,2866890b2b6c1f74fe6881355fd8d17514347ad58d34ef9cbc233df11757c692,1210,735,1210,3890,735,1470,1945,3890
All,20,0.4,ppi_tuned,2866890b2b6c1f74fe6881355fd8d17514347ad58d34ef9cbc233df11757c692,1210,735,1210,3890,735,1470,1945,3890
All,20,0.4,raw_proxy,2866890b2b6c1f74fe6881355fd8d17514347ad58d34ef9cbc233df11757c692,1210,735,0,1470,735,1470,735,1470
All,20,0.6,audit_residual,3dcac5f78bf99139e067a550186c73efcc34dfa632e49dcd96a126285e8af777,1800,735,1800,5070,735,1470,2535,5070
All,20,0.6,human_only,3dcac5f78bf99139e067a550186c73efcc34dfa632e49dcd96a126285e8af777,1800,735,1800,3600,735,1470,2535,5070
All,20,0.6,ppi,3dcac5f78bf99139e067a550186c73efcc34dfa632e49dcd96a126285e8af777,1800,735,1800,5070,735,1470,2535,5070
All,20,0.6,ppi_signed,3dcac5f78bf99139e067a550186c73efcc34dfa632e49dcd96a126285e8af777,1800,735,1800,5070,735,1470,2535,5070
All,20,0.6,ppi_tuned,3dcac5f78bf99139e067a550186c73efcc34dfa632e49dcd96a126285e8af777,1800,735,1800,5070,735,1470,2535,5070
All,20,0.6,raw_proxy,3dcac5f78bf99139e067a550186c73efcc34dfa632e49dcd96a126285e8af777,1800,735,0,1470,735,1470,735,1470
All,21,0.2,audit_residual,238b5b4393776d6ea3c9549b8f20212bc53059455ff0e7d13a351a61baae80d6,597,724,597,2642,724,1448,1321,2642
All,21,0.2,human_only,238b5b4393776d6ea3c9549b8f20212bc53059455ff0e7d13a351a61baae80d6,597,724,597,1194,724,1448,1321,2642
All,21,0.2,ppi,238b5b4393776d6ea3c9549b8f20212bc53059455ff0e7d13a351a61baae80d6,597,724,597,2642,724,1448,1321,2642
All,21,0.2,ppi_signed,238b5b4393776d6ea3c9549b8f20212bc53059455ff0e7d13a351a61baae80d6,597,724,597,2642,724,1448,1321,2642
All,21,0.2,ppi_tuned,238b5b4393776d6ea3c9549b8f20212bc53059455ff0e7d13a351a61baae80d6,597,724,597,2642,724,1448,1321,2642
All,21,0.2,raw_proxy,238b5b4393776d6ea3c9549b8f20212bc53059455ff0e7d13a351a61baae80d6,597,724,0,1448,724,1448,724,1448
All,21,0.4,audit_residual,a111432d4f5e12b5d6f9b64d1329d2290f996bf76c59d4217a26fdd9409602e3,1211,724,1211,3870,724,1448,1935,3870
All,21,0.4,human_only,a111432d4f5e12b5d6f9b64d1329d2290f996bf76c59d4217a26fdd9409602e3,1211,724,1211,2422,724,1448,1935,3870
All,21,0.4,ppi,a111432d4f5e12b5d6f9b64d1329d2290f996bf76c59d4217a26fdd9409602e3,1211,724,1211,3870,724,1448,1935,3870
All,21,0.4,ppi_signed,a111432d4f5e12b5d6f9b64d1329d2290f996bf76c59d4217a26fdd9409602e3,1211,724,1211,3870,724,1448,1935,3870
All,21,0.4,ppi_tuned,a111432d4f5e12b5d6f9b64d1329d2290f996bf76c59d4217a26fdd9409602e3,1211,724,1211,3870,724,1448,1935,3870
All,21,0.4,raw_proxy,a111432d4f5e12b5d6f9b64d1329d2290f996bf76c59d4217a26fdd9409602e3,1211,724,0,1448,724,1448,724,1448
All,21,0.6,audit_residual,c35ec6cec47c2f5be0170444976c0ac672aecfd740f0b362fd30ed177b7710a9,1811,724,1811,5070,724,1448,2535,5070
All,21,0.6,human_only,c35ec6cec47c2f5be0170444976c0ac672aecfd740f0b362fd30ed177b7710a9,1811,724,1811,3622,724,1448,2535,5070
All,21,0.6,ppi,c35ec6cec47c2f5be0170444976c0ac672aecfd740f0b362fd30ed177b7710a9,1811,724,1811,5070,724,1448,2535,5070
All,21,0.6,ppi_signed,c35ec6cec47c2f5be0170444976c0ac672aecfd740f0b362fd30ed177b7710a9,1811,724,1811,5070,724,1448,2535,5070
All,21,0.6,ppi_tuned,c35ec6cec47c2f5be0170444976c0ac672aecfd740f0b362fd30ed177b7710a9,1811,724,1811,5070,724,1448,2535,5070
All,21,0.6,raw_proxy,c35ec6cec47c2f5be0170444976c0ac672aecfd740f0b362fd30ed177b7710a9,1811,724,0,1448,724,1448,724,1448
All,22,0.2,audit_residual,3052cc9bcd7c9ca75115e68ae62990549a3e66513e2d3266a46d7c3834381858,600,742,600,2684,742,1484,1342,2684
All,22,0.2,human_only,3052cc9bcd7c9ca75115e68ae62990549a3e66513e2d3266a46d7c3834381858,600,742,600,1200,742,1484,1342,2684
All,22,0.2,ppi,3052cc9bcd7c9ca75115e68ae62990549a3e66513e2d3266a46d7c3834381858,600,742,600,2684,742,1484,1342,2684
All,22,0.2,ppi_signed,3052cc9bcd7c9ca75115e68ae62990549a3e66513e2d3266a46d7c3834381858,600,742,600,2684,742,1484,1342,2684
All,22,0.2,ppi_tuned,3052cc9bcd7c9ca75115e68ae62990549a3e66513e2d3266a46d7c3834381858,600,742,600,2684,742,1484,1342,2684
All,22,0.2,raw_proxy,3052cc9bcd7c9ca75115e68ae62990549a3e66513e2d3266a46d7c3834381858,600,742,0,1484,742,1484,742,1484
All,22,0.4,audit_residual,bdfb7524fa4fff02b5e84b5bdae4269769e450e46f71aac6a504bde9e5adda06,1191,742,1191,3866,742,1484,1933,3866
All,22,0.4,human_only,bdfb7524fa4fff02b5e84b5bdae4269769e450e46f71aac6a504bde9e5adda06,1191,742,1191,2382,742,1484,1933,3866
All,22,0.4,ppi,bdfb7524fa4fff02b5e84b5bdae4269769e450e46f71aac6a504bde9e5adda06,1191,742,1191,3866,742,1484,1933,3866
All,22,0.4,ppi_signed,bdfb7524fa4fff02b5e84b5bdae4269769e450e46f71aac6a504bde9e5adda06,1191,742,1191,3866,742,1484,1933,3866
All,22,0.4,ppi_tuned,bdfb7524fa4fff02b5e84b5bdae4269769e450e46f71aac6a504bde9e5adda06,1191,742,1191,3866,742,1484,1933,3866
All,22,0.4,raw_proxy,bdfb7524fa4fff02b5e84b5bdae4269769e450e46f71aac6a504bde9e5adda06,1191,742,0,1484,742,1484,742,1484
All,22,0.6,audit_residual,6635e4ea08356b1787d9cfa0ecbddcfeb52f55c73b87f818bbd08ac13c03d3c9,1792,742,1792,5068,742,1484,2534,5068
All,22,0.6,human_only,6635e4ea08356b1787d9cfa0ecbddcfeb52f55c73b87f818bbd08ac13c03d3c9,1792,742,1792,3584,742,1484,2534,5068
All,22,0.6,ppi,6635e4ea08356b1787d9cfa0ecbddcfeb52f55c73b87f818bbd08ac13c03d3c9,1792,742,1792,5068,742,1484,2534,5068
All,22,0.6,ppi_signed,6635e4ea08356b1787d9cfa0ecbddcfeb52f55c73b87f818bbd08ac13c03d3c9,1792,742,1792,5068,742,1484,2534,5068
All,22,0.6,ppi_tuned,6635e4ea08356b1787d9cfa0ecbddcfeb52f55c73b87f818bbd08ac13c03d3c9,1792,742,1792,5068,742,1484,2534,5068
All,22,0.6,raw_proxy,6635e4ea08356b1787d9cfa0ecbddcfeb52f55c73b87f818bbd08ac13c03d3c9,1792,742,0,1484,742,1484,742,1484
All,23,0.2,audit_residual,9591b2df434500f040209d4facc07f2a8349a06c0236d00a0489128b48616e31,602,748,602,2700,748,1496,1350,2700
All,23,0.2,human_only,9591b2df434500f040209d4facc07f2a8349a06c0236d00a0489128b48616e31,602,748,602,1204,748,1496,1350,2700
All,23,0.2,ppi,9591b2df434500f040209d4facc07f2a8349a06c0236d00a0489128b48616e31,602,748,602,2700,748,1496,1350,2700
All,23,0.2,ppi_signed,9591b2df434500f040209d4facc07f2a8349a06c0236d00a0489128b48616e31,602,748,602,2700,748,1496,1350,2700
All,23,0.2,ppi_tuned,9591b2df434500f040209d4facc07f2a8349a06c0236d00a0489128b48616e31,602,748,602,2700,748,1496,1350,2700
All,23,0.2,raw_proxy,9591b2df434500f040209d4facc07f2a8349a06c0236d00a0489128b48616e31,602,748,0,1496,748,1496,748,1496
All,23,0.4,audit_residual,0c3da759897b9594ca9539ce6a42f7182a2764d419ca8067f508adfc00a4b804,1196,748,1196,3888,748,1496,1944,3888
All,23,0.4,human_only,0c3da759897b9594ca9539ce6a42f7182a2764d419ca8067f508adfc00a4b804,1196,748,1196,2392,748,1496,1944,3888
All,23,0.4,ppi,0c3da759897b9594ca9539ce6a42f7182a2764d419ca8067f508adfc00a4b804,1196,748,1196,3888,748,1496,1944,3888
All,23,0.4,ppi_signed,0c3da759897b9594ca9539ce6a42f7182a2764d419ca8067f508adfc00a4b804,1196,748,1196,3888,748,1496,1944,3888
All,23,0.4,ppi_tuned,0c3da759897b9594ca9539ce6a42f7182a2764d419ca8067f508adfc00a4b804,1196,748,1196,3888,748,1496,1944,3888
All,23,0.4,raw_proxy,0c3da759897b9594ca9539ce6a42f7182a2764d419ca8067f508adfc00a4b804,1196,748,0,1496,748,1496,748,1496
All,23,0.6,audit_residual,b68d3e4537cc50caee411828510471a0c1073d350560e96ebde61596d383205a,1781,748,1781,5058,748,1496,2529,5058
All,23,0.6,human_only,b68d3e4537cc50caee411828510471a0c1073d350560e96ebde61596d383205a,1781,748,1781,3562,748,1496,2529,5058
All,23,0.6,ppi,b68d3e4537cc50caee411828510471a0c1073d350560e96ebde61596d383205a,1781,748,1781,5058,748,1496,2529,5058
All,23,0.6,ppi_signed,b68d3e4537cc50caee411828510471a0c1073d350560e96ebde61596d383205a,1781,748,1781,5058,748,1496,2529,5058
All,23,0.6,ppi_tuned,b68d3e4537cc50caee411828510471a0c1073d350560e96ebde61596d383205a,1781,748,1781,5058,748,1496,2529,5058
All,23,0.6,raw_proxy,b68d3e4537cc50caee411828510471a0c1073d350560e96ebde61596d383205a,1781,748,0,1496,748,1496,748,1496
All,24,0.2,audit_residual,34feccbc64a07ffe5ae88ef2b86f41ecd017af7e29c8eb065a732e06df43988d,586,752,586,2676,752,1504,1338,2676
All,24,0.2,human_only,34feccbc64a07ffe5ae88ef2b86f41ecd017af7e29c8eb065a732e06df43988d,586,752,586,1172,752,1504,1338,2676
All,24,0.2,ppi,34feccbc64a07ffe5ae88ef2b86f41ecd017af7e29c8eb065a732e06df43988d,586,752,586,2676,752,1504,1338,2676
All,24,0.2,ppi_signed,34feccbc64a07ffe5ae88ef2b86f41ecd017af7e29c8eb065a732e06df43988d,586,752,586,2676,752,1504,1338,2676
All,24,0.2,ppi_tuned,34feccbc64a07ffe5ae88ef2b86f41ecd017af7e29c8eb065a732e06df43988d,586,752,586,2676,752,1504,1338,2676
All,24,0.2,raw_proxy,34feccbc64a07ffe5ae88ef2b86f41ecd017af7e29c8eb065a732e06df43988d,586,752,0,1504,752,1504,752,1504
All,24,0.4,audit_residual,315d044e0e63ead7c2d42ec2fcb5e46e1bbda0985ddabc8d09e9b009bd82bab7,1195,752,1195,3894,752,1504,1947,3894
All,24,0.4,human_only,315d044e0e63ead7c2d42ec2fcb5e46e1bbda0985ddabc8d09e9b009bd82bab7,1195,752,1195,2390,752,1504,1947,3894
All,24,0.4,ppi,315d044e0e63ead7c2d42ec2fcb5e46e1bbda0985ddabc8d09e9b009bd82bab7,1195,752,1195,3894,752,1504,1947,3894
All,24,0.4,ppi_signed,315d044e0e63ead7c2d42ec2fcb5e46e1bbda0985ddabc8d09e9b009bd82bab7,1195,752,1195,3894,752,1504,1947,3894
All,24,0.4,ppi_tuned,315d044e0e63ead7c2d42ec2fcb5e46e1bbda0985ddabc8d09e9b009bd82bab7,1195,752,1195,3894,752,1504,1947,3894
All,24,0.4,raw_proxy,315d044e0e63ead7c2d42ec2fcb5e46e1bbda0985ddabc8d09e9b009bd82bab7,1195,752,0,1504,752,1504,752,1504
All,24,0.6,audit_residual,a608bfbefc08e975f56738936ea91feb119ccdfcf223cafd892b32c278b1df9d,1789,752,1789,5082,752,1504,2541,5082
All,24,0.6,human_only,a608bfbefc08e975f56738936ea91feb119ccdfcf223cafd892b32c278b1df9d,1789,752,1789,3578,752,1504,2541,5082
All,24,0.6,ppi,a608bfbefc08e975f56738936ea91feb119ccdfcf223cafd892b32c278b1df9d,1789,752,1789,5082,752,1504,2541,5082
All,24,0.6,ppi_signed,a608bfbefc08e975f56738936ea91feb119ccdfcf223cafd892b32c278b1df9d,1789,752,1789,5082,752,1504,2541,5082
All,24,0.6,ppi_tuned,a608bfbefc08e975f56738936ea91feb119ccdfcf223cafd892b32c278b1df9d,1789,752,1789,5082,752,1504,2541,5082
All,24,0.6,raw_proxy,a608bfbefc08e975f56738936ea91feb119ccdfcf223cafd892b32c278b1df9d,1789,752,0,1504,752,1504,752,1504
All,25,0.2,audit_residual,40e106813c91ce8f6264ff0758700dd26b6b8067836f618b9854a49db65bb5bb,596,754,596,2700,754,1508,1350,2700
All,25,0.2,human_only,40e106813c91ce8f6264ff0758700dd26b6b8067836f618b9854a49db65bb5bb,596,754,596,1192,754,1508,1350,2700
All,25,0.2,ppi,40e106813c91ce8f6264ff0758700dd26b6b8067836f618b9854a49db65bb5bb,596,754,596,2700,754,1508,1350,2700
All,25,0.2,ppi_signed,40e106813c91ce8f6264ff0758700dd26b6b8067836f618b9854a49db65bb5bb,596,754,596,2700,754,1508,1350,2700
All,25,0.2,ppi_tuned,40e106813c91ce8f6264ff0758700dd26b6b8067836f618b9854a49db65bb5bb,596,754,596,2700,754,1508,1350,2700
All,25,0.2,raw_proxy,40e106813c91ce8f6264ff0758700dd26b6b8067836f618b9854a49db65bb5bb,596,754,0,1508,754,1508,754,1508
All,25,0.4,audit_residual,db58f65bf3d0b147cf2df51c5be64aea5cc89890a9980ad1362368740b58e615,1191,754,1191,3890,754,1508,1945,3890
All,25,0.4,human_only,db58f65bf3d0b147cf2df51c5be64aea5cc89890a9980ad1362368740b58e615,1191,754,1191,2382,754,1508,1945,3890
All,25,0.4,ppi,db58f65bf3d0b147cf2df51c5be64aea5cc89890a9980ad1362368740b58e615,1191,754,1191,3890,754,1508,1945,3890
All,25,0.4,ppi_signed,db58f65bf3d0b147cf2df51c5be64aea5cc89890a9980ad1362368740b58e615,1191,754,1191,3890,754,1508,1945,3890
All,25,0.4,ppi_tuned,db58f65bf3d0b147cf2df51c5be64aea5cc89890a9980ad1362368740b58e615,1191,754,1191,3890,754,1508,1945,3890
All,25,0.4,raw_proxy,db58f65bf3d0b147cf2df51c5be64aea5cc89890a9980ad1362368740b58e615,1191,754,0,1508,754,1508,754,1508
All,25,0.6,audit_residual,555f474fe93ae1e28bd83d0539b7f896ec21a39fa554f7b371dd0af5b2395560,1788,754,1788,5084,754,1508,2542,5084
All,25,0.6,human_only,555f474fe93ae1e28bd83d0539b7f896ec21a39fa554f7b371dd0af5b2395560,1788,754,1788,3576,754,1508,2542,5084
All,25,0.6,ppi,555f474fe93ae1e28bd83d0539b7f896ec21a39fa554f7b371dd0af5b2395560,1788,754,1788,5084,754,1508,2542,5084
All,25,0.6,ppi_signed,555f474fe93ae1e28bd83d0539b7f896ec21a39fa554f7b371dd0af5b2395560,1788,754,1788,5084,754,1508,2542,5084
All,25,0.6,ppi_tuned,555f474fe93ae1e28bd83d0539b7f896ec21a39fa554f7b371dd0af5b2395560,1788,754,1788,5084,754,1508,2542,5084
All,25,0.6,raw_proxy,555f474fe93ae1e28bd83d0539b7f896ec21a39fa554f7b371dd0af5b2395560,1788,754,0,1508,754,1508,754,1508
All,26,0.2,audit_residual,a21aa1f3a8653773f6f5f96e29881fe507921e49e30952a7061d5eb2ceb5035e,587,740,587,2654,740,1480,1327,2654
All,26,0.2,human_only,a21aa1f3a8653773f6f5f96e29881fe507921e49e30952a7061d5eb2ceb5035e,587,740,587,1174,740,1480,1327,2654
All,26,0.2,ppi,a21aa1f3a8653773f6f5f96e29881fe507921e49e30952a7061d5eb2ceb5035e,587,740,587,2654,740,1480,1327,2654
All,26,0.2,ppi_signed,a21aa1f3a8653773f6f5f96e29881fe507921e49e30952a7061d5eb2ceb5035e,587,740,587,2654,740,1480,1327,2654
All,26,0.2,ppi_tuned,a21aa1f3a8653773f6f5f96e29881fe507921e49e30952a7061d5eb2ceb5035e,587,740,587,2654,740,1480,1327,2654
All,26,0.2,raw_proxy,a21aa1f3a8653773f6f5f96e29881fe507921e49e30952a7061d5eb2ceb5035e,587,740,0,1480,740,1480,740,1480
All,26,0.4,audit_residual,10c1e69ee2b166fd956429fd60ae8ab276570483af677668aadbab81cf5a4c8c,1200,740,1200,3880,740,1480,1940,3880
All,26,0.4,human_only,10c1e69ee2b166fd956429fd60ae8ab276570483af677668aadbab81cf5a4c8c,1200,740,1200,2400,740,1480,1940,3880
All,26,0.4,ppi,10c1e69ee2b166fd956429fd60ae8ab276570483af677668aadbab81cf5a4c8c,1200,740,1200,3880,740,1480,1940,3880
All,26,0.4,ppi_signed,10c1e69ee2b166fd956429fd60ae8ab276570483af677668aadbab81cf5a4c8c,1200,740,1200,3880,740,1480,1940,3880
All,26,0.4,ppi_tuned,10c1e69ee2b166fd956429fd60ae8ab276570483af677668aadbab81cf5a4c8c,1200,740,1200,3880,740,1480,1940,3880
All,26,0.4,raw_proxy,10c1e69ee2b166fd956429fd60ae8ab276570483af677668aadbab81cf5a4c8c,1200,740,0,1480,740,1480,740,1480
All,26,0.6,audit_residual,80e399a7c3c828825f7ba65dbc18a1722857fb965551d16ed06f7126f78261b9,1792,740,1792,5064,740,1480,2532,5064
All,26,0.6,human_only,80e399a7c3c828825f7ba65dbc18a1722857fb965551d16ed06f7126f78261b9,1792,740,1792,3584,740,1480,2532,5064
All,26,0.6,ppi,80e399a7c3c828825f7ba65dbc18a1722857fb965551d16ed06f7126f78261b9,1792,740,1792,5064,740,1480,2532,5064
All,26,0.6,ppi_signed,80e399a7c3c828825f7ba65dbc18a1722857fb965551d16ed06f7126f78261b9,1792,740,1792,5064,740,1480,2532,5064
All,26,0.6,ppi_tuned,80e399a7c3c828825f7ba65dbc18a1722857fb965551d16ed06f7126f78261b9,1792,740,1792,5064,740,1480,2532,5064
All,26,0.6,raw_proxy,80e399a7c3c828825f7ba65dbc18a1722857fb965551d16ed06f7126f78261b9,1792,740,0,1480,740,1480,740,1480
All,27,0.2,audit_residual,f7b8ebadb0b99698ac80425cb73050d616ca471e734ec334c581d0580a576034,606,731,606,2674,731,1462,1337,2674
All,27,0.2,human_only,f7b8ebadb0b99698ac80425cb73050d616ca471e734ec334c581d0580a576034,606,731,606,1212,731,1462,1337,2674
All,27,0.2,ppi,f7b8ebadb0b99698ac80425cb73050d616ca471e734ec334c581d0580a576034,606,731,606,2674,731,1462,1337,2674
All,27,0.2,ppi_signed,f7b8ebadb0b99698ac80425cb73050d616ca471e734ec334c581d0580a576034,606,731,606,2674,731,1462,1337,2674
All,27,0.2,ppi_tuned,f7b8ebadb0b99698ac80425cb73050d616ca471e734ec334c581d0580a576034,606,731,606,2674,731,1462,1337,2674
All,27,0.2,raw_proxy,f7b8ebadb0b99698ac80425cb73050d616ca471e734ec334c581d0580a576034,606,731,0,1462,731,1462,731,1462
All,27,0.4,audit_residual,ef104a6802d0cd49049cc2b2e808f64d3e1ef9a1704d3213041ee721a03e33bd,1210,731,1210,3882,731,1462,1941,3882
All,27,0.4,human_only,ef104a6802d0cd49049cc2b2e808f64d3e1ef9a1704d3213041ee721a03e33bd,1210,731,1210,2420,731,1462,1941,3882
All,27,0.4,ppi,ef104a6802d0cd49049cc2b2e808f64d3e1ef9a1704d3213041ee721a03e33bd,1210,731,1210,3882,731,1462,1941,3882
All,27,0.4,ppi_signed,ef104a6802d0cd49049cc2b2e808f64d3e1ef9a1704d3213041ee721a03e33bd,1210,731,1210,3882,731,1462,1941,3882
All,27,0.4,ppi_tuned,ef104a6802d0cd49049cc2b2e808f64d3e1ef9a1704d3213041ee721a03e33bd,1210,731,1210,3882,731,1462,1941,3882
All,27,0.4,raw_proxy,ef104a6802d0cd49049cc2b2e808f64d3e1ef9a1704d3213041ee721a03e33bd,1210,731,0,1462,731,1462,731,1462
All,27,0.6,audit_residual,14a33234cb4aff387fa1cb3909775aafa3e2e38e02a33faa05b2ff316d2b808e,1811,731,1811,5084,731,1462,2542,5084
All,27,0.6,human_only,14a33234cb4aff387fa1cb3909775aafa3e2e38e02a33faa05b2ff316d2b808e,1811,731,1811,3622,731,1462,2542,5084
All,27,0.6,ppi,14a33234cb4aff387fa1cb3909775aafa3e2e38e02a33faa05b2ff316d2b808e,1811,731,1811,5084,731,1462,2542,5084
All,27,0.6,ppi_signed,14a33234cb4aff387fa1cb3909775aafa3e2e38e02a33faa05b2ff316d2b808e,1811,731,1811,5084,731,1462,2542,5084
All,27,0.6,ppi_tuned,14a33234cb4aff387fa1cb3909775aafa3e2e38e02a33faa05b2ff316d2b808e,1811,731,1811,5084,731,1462,2542,5084
All,27,0.6,raw_proxy,14a33234cb4aff387fa1cb3909775aafa3e2e38e02a33faa05b2ff316d2b808e,1811,731,0,1462,731,1462,731,1462
All,28,0.2,audit_residual,7533d249bdc3c6847bdfb3898f755ab8464e1bd50ba01b004e4c1846be3ec4a4,603,755,603,2716,755,1510,1358,2716
All,28,0.2,human_only,7533d249bdc3c6847bdfb3898f755ab8464e1bd50ba01b004e4c1846be3ec4a4,603,755,603,1206,755,1510,1358,2716
All,28,0.2,ppi,7533d249bdc3c6847bdfb3898f755ab8464e1bd50ba01b004e4c1846be3ec4a4,603,755,603,2716,755,1510,1358,2716
All,28,0.2,ppi_signed,7533d249bdc3c6847bdfb3898f755ab8464e1bd50ba01b004e4c1846be3ec4a4,603,755,603,2716,755,1510,1358,2716
All,28,0.2,ppi_tuned,7533d249bdc3c6847bdfb3898f755ab8464e1bd50ba01b004e4c1846be3ec4a4,603,755,603,2716,755,1510,1358,2716
All,28,0.2,raw_proxy,7533d249bdc3c6847bdfb3898f755ab8464e1bd50ba01b004e4c1846be3ec4a4,603,755,0,1510,755,1510,755,1510
All,28,0.4,audit_residual,806c7f3ffb6c893a92977b49b722e69df89b012e0ae374ab610013057ea28f77,1203,755,1203,3916,755,1510,1958,3916
All,28,0.4,human_only,806c7f3ffb6c893a92977b49b722e69df89b012e0ae374ab610013057ea28f77,1203,755,1203,2406,755,1510,1958,3916
All,28,0.4,ppi,806c7f3ffb6c893a92977b49b722e69df89b012e0ae374ab610013057ea28f77,1203,755,1203,3916,755,1510,1958,3916
All,28,0.4,ppi_signed,806c7f3ffb6c893a92977b49b722e69df89b012e0ae374ab610013057ea28f77,1203,755,1203,3916,755,1510,1958,3916
All,28,0.4,ppi_tuned,806c7f3ffb6c893a92977b49b722e69df89b012e0ae374ab610013057ea28f77,1203,755,1203,3916,755,1510,1958,3916
All,28,0.4,raw_proxy,806c7f3ffb6c893a92977b49b722e69df89b012e0ae374ab610013057ea28f77,1203,755,0,1510,755,1510,755,1510
All,28,0.6,audit_residual,c050dfed3147299c71e7f503babfde6c95333ca4f65ef18bf0713843d2daf1e9,1787,755,1787,5084,755,1510,2542,5084
All,28,0.6,human_only,c050dfed3147299c71e7f503babfde6c95333ca4f65ef18bf0713843d2daf1e9,1787,755,1787,3574,755,1510,2542,5084
All,28,0.6,ppi,c050dfed3147299c71e7f503babfde6c95333ca4f65ef18bf0713843d2daf1e9,1787,755,1787,5084,755,1510,2542,5084
All,28,0.6,ppi_signed,c050dfed3147299c71e7f503babfde6c95333ca4f65ef18bf0713843d2daf1e9,1787,755,1787,5084,755,1510,2542,5084
All,28,0.6,ppi_tuned,c050dfed3147299c71e7f503babfde6c95333ca4f65ef18bf0713843d2daf1e9,1787,755,1787,5084,755,1510,2542,5084
All,28,0.6,raw_proxy,c050dfed3147299c71e7f503babfde6c95333ca4f65ef18bf0713843d2daf1e9,1787,755,0,1510,755,1510,755,1510
All,29,0.2,audit_residual,41e312505557fa2cc832f05e96eb95a3d42819a0d1b351786016c992c62af1ee,602,763,602,2730,763,1526,1365,2730
All,29,0.2,human_only,41e312505557fa2cc832f05e96eb95a3d42819a0d1b351786016c992c62af1ee,602,763,602,1204,763,1526,1365,2730
All,29,0.2,ppi,41e312505557fa2cc832f05e96eb95a3d42819a0d1b351786016c992c62af1ee,602,763,602,2730,763,1526,1365,2730
All,29,0.2,ppi_signed,41e312505557fa2cc832f05e96eb95a3d42819a0d1b351786016c992c62af1ee,602,763,602,2730,763,1526,1365,2730
All,29,0.2,ppi_tuned,41e312505557fa2cc832f05e96eb95a3d42819a0d1b351786016c992c62af1ee,602,763,602,2730,763,1526,1365,2730
All,29,0.2,raw_proxy,41e312505557fa2cc832f05e96eb95a3d42819a0d1b351786016c992c62af1ee,602,763,0,1526,763,1526,763,1526
All,29,0.4,audit_residual,12e9f0a4d8ca9c6b22195ee351adb63b69c5f2d8d6bda25974a1348cfee105c9,1180,763,1180,3886,763,1526,1943,3886
All,29,0.4,human_only,12e9f0a4d8ca9c6b22195ee351adb63b69c5f2d8d6bda25974a1348cfee105c9,1180,763,1180,2360,763,1526,1943,3886
All,29,0.4,ppi,12e9f0a4d8ca9c6b22195ee351adb63b69c5f2d8d6bda25974a1348cfee105c9,1180,763,1180,3886,763,1526,1943,3886
All,29,0.4,ppi_signed,12e9f0a4d8ca9c6b22195ee351adb63b69c5f2d8d6bda25974a1348cfee105c9,1180,763,1180,3886,763,1526,1943,3886
All,29,0.4,ppi_tuned,12e9f0a4d8ca9c6b22195ee351adb63b69c5f2d8d6bda25974a1348cfee105c9,1180,763,1180,3886,763,1526,1943,3886
All,29,0.4,raw_proxy,12e9f0a4d8ca9c6b22195ee351adb63b69c5f2d8d6bda25974a1348cfee105c9,1180,763,0,1526,763,1526,763,1526
All,29,0.6,audit_residual,45af4c5a856cf3734be0d9e08780e51b0bb81a588ed248c3bb1ef000b6a0f414,1785,763,1785,5096,763,1526,2548,5096
All,29,0.6,human_only,45af4c5a856cf3734be0d9e08780e51b0bb81a588ed248c3bb1ef000b6a0f414,1785,763,1785,3570,763,1526,2548,5096
All,29,0.6,ppi,45af4c5a856cf3734be0d9e08780e51b0bb81a588ed248c3bb1ef000b6a0f414,1785,763,1785,5096,763,1526,2548,5096
All,29,0.6,ppi_signed,45af4c5a856cf3734be0d9e08780e51b0bb81a588ed248c3bb1ef000b6a0f414,1785,763,1785,5096,763,1526,2548,5096
All,29,0.6,ppi_tuned,45af4c5a856cf3734be0d9e08780e51b0bb81a588ed248c3bb1ef000b6a0f414,1785,763,1785,5096,763,1526,2548,5096
All,29,0.6,raw_proxy,45af4c5a856cf3734be0d9e08780e51b0bb81a588ed248c3bb1ef000b6a0f414,1785,763,0,1526,763,1526,763,1526
LLMBar,0,0.2,audit_residual,bb0089ec6ba407b1e678645d0d9ea1bf9b86d262720138734260c626ad3c5a2f,84,104,84,376,104,208,188,376
LLMBar,0,0.2,human_only,bb0089ec6ba407b1e678645d0d9ea1bf9b86d262720138734260c626ad3c5a2f,84,104,84,168,104,208,188,376
LLMBar,0,0.2,ppi,bb0089ec6ba407b1e678645d0d9ea1bf9b86d262720138734260c626ad3c5a2f,84,104,84,376,104,208,188,376
LLMBar,0,0.2,ppi_signed,bb0089ec6ba407b1e678645d0d9ea1bf9b86d262720138734260c626ad3c5a2f,84,104,84,376,104,208,188,376
LLMBar,0,0.2,ppi_tuned,bb0089ec6ba407b1e678645d0d9ea1bf9b86d262720138734260c626ad3c5a2f,84,104,84,376,104,208,188,376
LLMBar,0,0.2,raw_proxy,bb0089ec6ba407b1e678645d0d9ea1bf9b86d262720138734260c626ad3c5a2f,84,104,0,208,104,208,104,208
LLMBar,0,0.4,audit_residual,81f15e3cc05befa71d53f38e964e875d7fc71df9a6240a14e7acff25d2e07ebf,168,104,168,544,104,208,272,544
LLMBar,0,0.4,human_only,81f15e3cc05befa71d53f38e964e875d7fc71df9a6240a14e7acff25d2e07ebf,168,104,168,336,104,208,272,544
LLMBar,0,0.4,ppi,81f15e3cc05befa71d53f38e964e875d7fc71df9a6240a14e7acff25d2e07ebf,168,104,168,544,104,208,272,544
LLMBar,0,0.4,ppi_signed,81f15e3cc05befa71d53f38e964e875d7fc71df9a6240a14e7acff25d2e07ebf,168,104,168,544,104,208,272,544
LLMBar,0,0.4,ppi_tuned,81f15e3cc05befa71d53f38e964e875d7fc71df9a6240a14e7acff25d2e07ebf,168,104,168,544,104,208,272,544
LLMBar,0,0.4,raw_proxy,81f15e3cc05befa71d53f38e964e875d7fc71df9a6240a14e7acff25d2e07ebf,168,104,0,208,104,208,104,208
LLMBar,0,0.6,audit_residual,c7ead3d1a6670069a1fe77bfcb37cfa118171a8de5002f88d75f4cc025c5f81f,251,104,251,710,104,208,355,710
LLMBar,0,0.6,human_only,c7ead3d1a6670069a1fe77bfcb37cfa118171a8de5002f88d75f4cc025c5f81f,251,104,251,502,104,208,355,710
LLMBar,0,0.6,ppi,c7ead3d1a6670069a1fe77bfcb37cfa118171a8de5002f88d75f4cc025c5f81f,251,104,251,710,104,208,355,710
LLMBar,0,0.6,ppi_signed,c7ead3d1a6670069a1fe77bfcb37cfa118171a8de5002f88d75f4cc025c5f81f,251,104,251,710,104,208,355,710
LLMBar,0,0.6,ppi_tuned,c7ead3d1a6670069a1fe77bfcb37cfa118171a8de5002f88d75f4cc025c5f81f,251,104,251,710,104,208,355,710
LLMBar,0,0.6,raw_proxy,c7ead3d1a6670069a1fe77bfcb37cfa118171a8de5002f88d75f4cc025c5f81f,251,104,0,208,104,208,104,208
LLMBar,1,0.2,audit_residual,2b0b6aad50d0c2b980638a67b674da5d0432a6aedebf9f57074c4e71744c793a,83,104,83,374,104,208,187,374
LLMBar,1,0.2,human_only,2b0b6aad50d0c2b980638a67b674da5d0432a6aedebf9f57074c4e71744c793a,83,104,83,166,104,208,187,374
LLMBar,1,0.2,ppi,2b0b6aad50d0c2b980638a67b674da5d0432a6aedebf9f57074c4e71744c793a,83,104,83,374,104,208,187,374
LLMBar,1,0.2,ppi_signed,2b0b6aad50d0c2b980638a67b674da5d0432a6aedebf9f57074c4e71744c793a,83,104,83,374,104,208,187,374
LLMBar,1,0.2,ppi_tuned,2b0b6aad50d0c2b980638a67b674da5d0432a6aedebf9f57074c4e71744c793a,83,104,83,374,104,208,187,374
LLMBar,1,0.2,raw_proxy,2b0b6aad50d0c2b980638a67b674da5d0432a6aedebf9f57074c4e71744c793a,83,104,0,208,104,208,104,208
LLMBar,1,0.4,audit_residual,51fc37b66e81ac309c892bbbbcacdc40ae429f4bbfd7d1b3a26b93c89c46e452,167,104,167,542,104,208,271,542
LLMBar,1,0.4,human_only,51fc37b66e81ac309c892bbbbcacdc40ae429f4bbfd7d1b3a26b93c89c46e452,167,104,167,334,104,208,271,542
LLMBar,1,0.4,ppi,51fc37b66e81ac309c892bbbbcacdc40ae429f4bbfd7d1b3a26b93c89c46e452,167,104,167,542,104,208,271,542
LLMBar,1,0.4,ppi_signed,51fc37b66e81ac309c892bbbbcacdc40ae429f4bbfd7d1b3a26b93c89c46e452,167,104,167,542,104,208,271,542
LLMBar,1,0.4,ppi_tuned,51fc37b66e81ac309c892bbbbcacdc40ae429f4bbfd7d1b3a26b93c89c46e452,167,104,167,542,104,208,271,542
LLMBar,1,0.4,raw_proxy,51fc37b66e81ac309c892bbbbcacdc40ae429f4bbfd7d1b3a26b93c89c46e452,167,104,0,208,104,208,104,208
LLMBar,1,0.6,audit_residual,eb1297714f6c3f7a9f555f9efae4ca92add7bae8507d5929c2661faded024d18,250,104,250,708,104,208,354,708
LLMBar,1,0.6,human_only,eb1297714f6c3f7a9f555f9efae4ca92add7bae8507d5929c2661faded024d18,250,104,250,500,104,208,354,708
LLMBar,1,0.6,ppi,eb1297714f6c3f7a9f555f9efae4ca92add7bae8507d5929c2661faded024d18,250,104,250,708,104,208,354,708
LLMBar,1,0.6,ppi_signed,eb1297714f6c3f7a9f555f9efae4ca92add7bae8507d5929c2661faded024d18,250,104,250,708,104,208,354,708
LLMBar,1,0.6,ppi_tuned,eb1297714f6c3f7a9f555f9efae4ca92add7bae8507d5929c2661faded024d18,250,104,250,708,104,208,354,708
LLMBar,1,0.6,raw_proxy,eb1297714f6c3f7a9f555f9efae4ca92add7bae8507d5929c2661faded024d18,250,104,0,208,104,208,104,208
LLMBar,2,0.2,audit_residual,17b9f66d95f03e2a51b59e8f6d13363596c879bdfcf8bcd8ad206a15595b55e6,83,104,83,374,104,208,187,374
LLMBar,2,0.2,human_only,17b9f66d95f03e2a51b59e8f6d13363596c879bdfcf8bcd8ad206a15595b55e6,83,104,83,166,104,208,187,374
LLMBar,2,0.2,ppi,17b9f66d95f03e2a51b59e8f6d13363596c879bdfcf8bcd8ad206a15595b55e6,83,104,83,374,104,208,187,374
LLMBar,2,0.2,ppi_signed,17b9f66d95f03e2a51b59e8f6d13363596c879bdfcf8bcd8ad206a15595b55e6,83,104,83,374,104,208,187,374
LLMBar,2,0.2,ppi_tuned,17b9f66d95f03e2a51b59e8f6d13363596c879bdfcf8bcd8ad206a15595b55e6,83,104,83,374,104,208,187,374
LLMBar,2,0.2,raw_proxy,17b9f66d95f03e2a51b59e8f6d13363596c879bdfcf8bcd8ad206a15595b55e6,83,104,0,208,104,208,104,208
LLMBar,2,0.4,audit_residual,5533573228937673bdb9a412a2b9d1593a9ecaae4f0ce2533eb1056f41c56fd9,168,104,168,544,104,208,272,544
LLMBar,2,0.4,human_only,5533573228937673bdb9a412a2b9d1593a9ecaae4f0ce2533eb1056f41c56fd9,168,104,168,336,104,208,272,544
LLMBar,2,0.4,ppi,5533573228937673bdb9a412a2b9d1593a9ecaae4f0ce2533eb1056f41c56fd9,168,104,168,544,104,208,272,544
LLMBar,2,0.4,ppi_signed,5533573228937673bdb9a412a2b9d1593a9ecaae4f0ce2533eb1056f41c56fd9,168,104,168,544,104,208,272,544
LLMBar,2,0.4,ppi_tuned,5533573228937673bdb9a412a2b9d1593a9ecaae4f0ce2533eb1056f41c56fd9,168,104,168,544,104,208,272,544
LLMBar,2,0.4,raw_proxy,5533573228937673bdb9a412a2b9d1593a9ecaae4f0ce2533eb1056f41c56fd9,168,104,0,208,104,208,104,208
LLMBar,2,0.6,audit_residual,b8110b63596e8450d5a55d9d937b399337114c0da6e8d66f43a0ea3b70a1b296,251,104,251,710,104,208,355,710
LLMBar,2,0.6,human_only,b8110b63596e8450d5a55d9d937b399337114c0da6e8d66f43a0ea3b70a1b296,251,104,251,502,104,208,355,710
LLMBar,2,0.6,ppi,b8110b63596e8450d5a55d9d937b399337114c0da6e8d66f43a0ea3b70a1b296,251,104,251,710,104,208,355,710
LLMBar,2,0.6,ppi_signed,b8110b63596e8450d5a55d9d937b399337114c0da6e8d66f43a0ea3b70a1b296,251,104,251,710,104,208,355,710
LLMBar,2,0.6,ppi_tuned,b8110b63596e8450d5a55d9d937b399337114c0da6e8d66f43a0ea3b70a1b296,251,104,251,710,104,208,355,710
LLMBar,2,0.6,raw_proxy,b8110b63596e8450d5a55d9d937b399337114c0da6e8d66f43a0ea3b70a1b296,251,104,0,208,104,208,104,208
LLMBar,3,0.2,audit_residual,78abcc6811672d7033480f0b4fdd2be59ad772b82d4f661b65a50989941ee5fd,84,104,84,376,104,208,188,376
LLMBar,3,0.2,human_only,78abcc6811672d7033480f0b4fdd2be59ad772b82d4f661b65a50989941ee5fd,84,104,84,168,104,208,188,376
LLMBar,3,0.2,ppi,78abcc6811672d7033480f0b4fdd2be59ad772b82d4f661b65a50989941ee5fd,84,104,84,376,104,208,188,376
LLMBar,3,0.2,ppi_signed,78abcc6811672d7033480f0b4fdd2be59ad772b82d4f661b65a50989941ee5fd,84,104,84,376,104,208,188,376
LLMBar,3,0.2,ppi_tuned,78abcc6811672d7033480f0b4fdd2be59ad772b82d4f661b65a50989941ee5fd,84,104,84,376,104,208,188,376
LLMBar,3,0.2,raw_proxy,78abcc6811672d7033480f0b4fdd2be59ad772b82d4f661b65a50989941ee5fd,84,104,0,208,104,208,104,208
LLMBar,3,0.4,audit_residual,bb0a54be4f79e89ddf017227fa3c537ab1a35ad8ae08ab3a178f7d1c575431da,168,104,168,544,104,208,272,544
LLMBar,3,0.4,human_only,bb0a54be4f79e89ddf017227fa3c537ab1a35ad8ae08ab3a178f7d1c575431da,168,104,168,336,104,208,272,544
LLMBar,3,0.4,ppi,bb0a54be4f79e89ddf017227fa3c537ab1a35ad8ae08ab3a178f7d1c575431da,168,104,168,544,104,208,272,544
LLMBar,3,0.4,ppi_signed,bb0a54be4f79e89ddf017227fa3c537ab1a35ad8ae08ab3a178f7d1c575431da,168,104,168,544,104,208,272,544
LLMBar,3,0.4,ppi_tuned,bb0a54be4f79e89ddf017227fa3c537ab1a35ad8ae08ab3a178f7d1c575431da,168,104,168,544,104,208,272,544
LLMBar,3,0.4,raw_proxy,bb0a54be4f79e89ddf017227fa3c537ab1a35ad8ae08ab3a178f7d1c575431da,168,104,0,208,104,208,104,208
LLMBar,3,0.6,audit_residual,1057c29d570c5eec120c2f5a702a63e222ffef15e303a1194ac34998f90f194b,251,104,251,710,104,208,355,710
LLMBar,3,0.6,human_only,1057c29d570c5eec120c2f5a702a63e222ffef15e303a1194ac34998f90f194b,251,104,251,502,104,208,355,710
LLMBar,3,0.6,ppi,1057c29d570c5eec120c2f5a702a63e222ffef15e303a1194ac34998f90f194b,251,104,251,710,104,208,355,710
LLMBar,3,0.6,ppi_signed,1057c29d570c5eec120c2f5a702a63e222ffef15e303a1194ac34998f90f194b,251,104,251,710,104,208,355,710
LLMBar,3,0.6,ppi_tuned,1057c29d570c5eec120c2f5a702a63e222ffef15e303a1194ac34998f90f194b,251,104,251,710,104,208,355,710
LLMBar,3,0.6,raw_proxy,1057c29d570c5eec120c2f5a702a63e222ffef15e303a1194ac34998f90f194b,251,104,0,208,104,208,104,208
LLMBar,4,0.2,audit_residual,758fe0f66388fd15026ce9766e55fa346b8c5c1bf88d032dc950cb8a7b0ad9c1,84,104,84,376,104,208,188,376
LLMBar,4,0.2,human_only,758fe0f66388fd15026ce9766e55fa346b8c5c1bf88d032dc950cb8a7b0ad9c1,84,104,84,168,104,208,188,376
LLMBar,4,0.2,ppi,758fe0f66388fd15026ce9766e55fa346b8c5c1bf88d032dc950cb8a7b0ad9c1,84,104,84,376,104,208,188,376
LLMBar,4,0.2,ppi_signed,758fe0f66388fd15026ce9766e55fa346b8c5c1bf88d032dc950cb8a7b0ad9c1,84,104,84,376,104,208,188,376
LLMBar,4,0.2,ppi_tuned,758fe0f66388fd15026ce9766e55fa346b8c5c1bf88d032dc950cb8a7b0ad9c1,84,104,84,376,104,208,188,376
LLMBar,4,0.2,raw_proxy,758fe0f66388fd15026ce9766e55fa346b8c5c1bf88d032dc950cb8a7b0ad9c1,84,104,0,208,104,208,104,208
LLMBar,4,0.4,audit_residual,fab0d6dc7868bb19987840e571bc832054a4abeb06d6bb6c39532a792dd09b6d,168,104,168,544,104,208,272,544
LLMBar,4,0.4,human_only,fab0d6dc7868bb19987840e571bc832054a4abeb06d6bb6c39532a792dd09b6d,168,104,168,336,104,208,272,544
LLMBar,4,0.4,ppi,fab0d6dc7868bb19987840e571bc832054a4abeb06d6bb6c39532a792dd09b6d,168,104,168,544,104,208,272,544
LLMBar,4,0.4,ppi_signed,fab0d6dc7868bb19987840e571bc832054a4abeb06d6bb6c39532a792dd09b6d,168,104,168,544,104,208,272,544
LLMBar,4,0.4,ppi_tuned,fab0d6dc7868bb19987840e571bc832054a4abeb06d6bb6c39532a792dd09b6d,168,104,168,544,104,208,272,544
LLMBar,4,0.4,raw_proxy,fab0d6dc7868bb19987840e571bc832054a4abeb06d6bb6c39532a792dd09b6d,168,104,0,208,104,208,104,208
LLMBar,4,0.6,audit_residual,250b0a5d5dcff11cc3cd2acdc65732212bd82a432b47f01bfc5b1e1563cd91d3,251,104,251,710,104,208,355,710
LLMBar,4,0.6,human_only,250b0a5d5dcff11cc3cd2acdc65732212bd82a432b47f01bfc5b1e1563cd91d3,251,104,251,502,104,208,355,710
LLMBar,4,0.6,ppi,250b0a5d5dcff11cc3cd2acdc65732212bd82a432b47f01bfc5b1e1563cd91d3,251,104,251,710,104,208,355,710
LLMBar,4,0.6,ppi_signed,250b0a5d5dcff11cc3cd2acdc65732212bd82a432b47f01bfc5b1e1563cd91d3,251,104,251,710,104,208,355,710
LLMBar,4,0.6,ppi_tuned,250b0a5d5dcff11cc3cd2acdc65732212bd82a432b47f01bfc5b1e1563cd91d3,251,104,251,710,104,208,355,710
LLMBar,4,0.6,raw_proxy,250b0a5d5dcff11cc3cd2acdc65732212bd82a432b47f01bfc5b1e1563cd91d3,251,104,0,208,104,208,104,208
LLMBar,5,0.2,audit_residual,ecc94ab36fe8157826d542c67537a8937b89a979b9cceed77d4ae226faf1bebe,83,104,83,374,104,208,187,374
LLMBar,5,0.2,human_only,ecc94ab36fe8157826d542c67537a8937b89a979b9cceed77d4ae226faf1bebe,83,104,83,166,104,208,187,374
LLMBar,5,0.2,ppi,ecc94ab36fe8157826d542c67537a8937b89a979b9cceed77d4ae226faf1bebe,83,104,83,374,104,208,187,374
LLMBar,5,0.2,ppi_signed,ecc94ab36fe8157826d542c67537a8937b89a979b9cceed77d4ae226faf1bebe,83,104,83,374,104,208,187,374
LLMBar,5,0.2,ppi_tuned,ecc94ab36fe8157826d542c67537a8937b89a979b9cceed77d4ae226faf1bebe,83,104,83,374,104,208,187,374
LLMBar,5,0.2,raw_proxy,ecc94ab36fe8157826d542c67537a8937b89a979b9cceed77d4ae226faf1bebe,83,104,0,208,104,208,104,208
LLMBar,5,0.4,audit_residual,8e5215fb431ad5d9618ee5177cd190e1fc21702dabf557b2b5ab2fc741568040,167,104,167,542,104,208,271,542
LLMBar,5,0.4,human_only,8e5215fb431ad5d9618ee5177cd190e1fc21702dabf557b2b5ab2fc741568040,167,104,167,334,104,208,271,542
LLMBar,5,0.4,ppi,8e5215fb431ad5d9618ee5177cd190e1fc21702dabf557b2b5ab2fc741568040,167,104,167,542,104,208,271,542
LLMBar,5,0.4,ppi_signed,8e5215fb431ad5d9618ee5177cd190e1fc21702dabf557b2b5ab2fc741568040,167,104,167,542,104,208,271,542
LLMBar,5,0.4,ppi_tuned,8e5215fb431ad5d9618ee5177cd190e1fc21702dabf557b2b5ab2fc741568040,167,104,167,542,104,208,271,542
LLMBar,5,0.4,raw_proxy,8e5215fb431ad5d9618ee5177cd190e1fc21702dabf557b2b5ab2fc741568040,167,104,0,208,104,208,104,208
LLMBar,5,0.6,audit_residual,255fe28a4fb52dd2fc862654cfb5626c2f26f387c9efe7af91e3a0a3332270f9,251,104,251,710,104,208,355,710
LLMBar,5,0.6,human_only,255fe28a4fb52dd2fc862654cfb5626c2f26f387c9efe7af91e3a0a3332270f9,251,104,251,502,104,208,355,710
LLMBar,5,0.6,ppi,255fe28a4fb52dd2fc862654cfb5626c2f26f387c9efe7af91e3a0a3332270f9,251,104,251,710,104,208,355,710
LLMBar,5,0.6,ppi_signed,255fe28a4fb52dd2fc862654cfb5626c2f26f387c9efe7af91e3a0a3332270f9,251,104,251,710,104,208,355,710
LLMBar,5,0.6,ppi_tuned,255fe28a4fb52dd2fc862654cfb5626c2f26f387c9efe7af91e3a0a3332270f9,251,104,251,710,104,208,355,710
LLMBar,5,0.6,raw_proxy,255fe28a4fb52dd2fc862654cfb5626c2f26f387c9efe7af91e3a0a3332270f9,251,104,0,208,104,208,104,208
LLMBar,6,0.2,audit_residual,1915dad4cfc9c84f7eef0d2b7793e7823db2e57a0c9b9e58481d4c347c9c322d,83,105,83,376,105,210,188,376
LLMBar,6,0.2,human_only,1915dad4cfc9c84f7eef0d2b7793e7823db2e57a0c9b9e58481d4c347c9c322d,83,105,83,166,105,210,188,376
LLMBar,6,0.2,ppi,1915dad4cfc9c84f7eef0d2b7793e7823db2e57a0c9b9e58481d4c347c9c322d,83,105,83,376,105,210,188,376
LLMBar,6,0.2,ppi_signed,1915dad4cfc9c84f7eef0d2b7793e7823db2e57a0c9b9e58481d4c347c9c322d,83,105,83,376,105,210,188,376
LLMBar,6,0.2,ppi_tuned,1915dad4cfc9c84f7eef0d2b7793e7823db2e57a0c9b9e58481d4c347c9c322d,83,105,83,376,105,210,188,376
LLMBar,6,0.2,raw_proxy,1915dad4cfc9c84f7eef0d2b7793e7823db2e57a0c9b9e58481d4c347c9c322d,83,105,0,210,105,210,105,210
LLMBar,6,0.4,audit_residual,d5a08ee669e926f51101c94cd164e98747202b389964ee9c1927d84174d779bd,167,105,167,544,105,210,272,544
LLMBar,6,0.4,human_only,d5a08ee669e926f51101c94cd164e98747202b389964ee9c1927d84174d779bd,167,105,167,334,105,210,272,544
LLMBar,6,0.4,ppi,d5a08ee669e926f51101c94cd164e98747202b389964ee9c1927d84174d779bd,167,105,167,544,105,210,272,544
LLMBar,6,0.4,ppi_signed,d5a08ee669e926f51101c94cd164e98747202b389964ee9c1927d84174d779bd,167,105,167,544,105,210,272,544
LLMBar,6,0.4,ppi_tuned,d5a08ee669e926f51101c94cd164e98747202b389964ee9c1927d84174d779bd,167,105,167,544,105,210,272,544
LLMBar,6,0.4,raw_proxy,d5a08ee669e926f51101c94cd164e98747202b389964ee9c1927d84174d779bd,167,105,0,210,105,210,105,210
LLMBar,6,0.6,audit_residual,e153a9c9854187662bf6dcd1311ce230c3d5ba20d5e107e3a8718ab522a41614,250,105,250,710,105,210,355,710
LLMBar,6,0.6,human_only,e153a9c9854187662bf6dcd1311ce230c3d5ba20d5e107e3a8718ab522a41614,250,105,250,500,105,210,355,710
LLMBar,6,0.6,ppi,e153a9c9854187662bf6dcd1311ce230c3d5ba20d5e107e3a8718ab522a41614,250,105,250,710,105,210,355,710
LLMBar,6,0.6,ppi_signed,e153a9c9854187662bf6dcd1311ce230c3d5ba20d5e107e3a8718ab522a41614,250,105,250,710,105,210,355,710
LLMBar,6,0.6,ppi_tuned,e153a9c9854187662bf6dcd1311ce230c3d5ba20d5e107e3a8718ab522a41614,250,105,250,710,105,210,355,710
LLMBar,6,0.6,raw_proxy,e153a9c9854187662bf6dcd1311ce230c3d5ba20d5e107e3a8718ab522a41614,250,105,0,210,105,210,105,210
LLMBar,7,0.2,audit_residual,a07da15998928f72f3d2161f66790b9ff82c4e11f6451518bdd1cb560114eccf,83,105,83,376,105,210,188,376
LLMBar,7,0.2,human_only,a07da15998928f72f3d2161f66790b9ff82c4e11f6451518bdd1cb560114eccf,83,105,83,166,105,210,188,376
LLMBar,7,0.2,ppi,a07da15998928f72f3d2161f66790b9ff82c4e11f6451518bdd1cb560114eccf,83,105,83,376,105,210,188,376
LLMBar,7,0.2,ppi_signed,a07da15998928f72f3d2161f66790b9ff82c4e11f6451518bdd1cb560114eccf,83,105,83,376,105,210,188,376
LLMBar,7,0.2,ppi_tuned,a07da15998928f72f3d2161f66790b9ff82c4e11f6451518bdd1cb560114eccf,83,105,83,376,105,210,188,376
LLMBar,7,0.2,raw_proxy,a07da15998928f72f3d2161f66790b9ff82c4e11f6451518bdd1cb560114eccf,83,105,0,210,105,210,105,210
LLMBar,7,0.4,audit_residual,b5862ff1b2afba1533473e694e05885b590a06456c6cde4121a9c0ac3c491981,167,105,167,544,105,210,272,544
LLMBar,7,0.4,human_only,b5862ff1b2afba1533473e694e05885b590a06456c6cde4121a9c0ac3c491981,167,105,167,334,105,210,272,544
LLMBar,7,0.4,ppi,b5862ff1b2afba1533473e694e05885b590a06456c6cde4121a9c0ac3c491981,167,105,167,544,105,210,272,544
LLMBar,7,0.4,ppi_signed,b5862ff1b2afba1533473e694e05885b590a06456c6cde4121a9c0ac3c491981,167,105,167,544,105,210,272,544
LLMBar,7,0.4,ppi_tuned,b5862ff1b2afba1533473e694e05885b590a06456c6cde4121a9c0ac3c491981,167,105,167,544,105,210,272,544
LLMBar,7,0.4,raw_proxy,b5862ff1b2afba1533473e694e05885b590a06456c6cde4121a9c0ac3c491981,167,105,0,210,105,210,105,210
LLMBar,7,0.6,audit_residual,d551ee4be8058f5452872fca8d028b709bf1d847d0b28fd963d464a96a51d945,250,105,250,710,105,210,355,710
LLMBar,7,0.6,human_only,d551ee4be8058f5452872fca8d028b709bf1d847d0b28fd963d464a96a51d945,250,105,250,500,105,210,355,710
LLMBar,7,0.6,ppi,d551ee4be8058f5452872fca8d028b709bf1d847d0b28fd963d464a96a51d945,250,105,250,710,105,210,355,710
LLMBar,7,0.6,ppi_signed,d551ee4be8058f5452872fca8d028b709bf1d847d0b28fd963d464a96a51d945,250,105,250,710,105,210,355,710
LLMBar,7,0.6,ppi_tuned,d551ee4be8058f5452872fca8d028b709bf1d847d0b28fd963d464a96a51d945,250,105,250,710,105,210,355,710
LLMBar,7,0.6,raw_proxy,d551ee4be8058f5452872fca8d028b709bf1d847d0b28fd963d464a96a51d945,250,105,0,210,105,210,105,210
LLMBar,8,0.2,audit_residual,3c2946a11197c789bbce324841a6fc5b7008829c0a69751a6b96533124151f94,84,104,84,376,104,208,188,376
LLMBar,8,0.2,human_only,3c2946a11197c789bbce324841a6fc5b7008829c0a69751a6b96533124151f94,84,104,84,168,104,208,188,376
LLMBar,8,0.2,ppi,3c2946a11197c789bbce324841a6fc5b7008829c0a69751a6b96533124151f94,84,104,84,376,104,208,188,376
LLMBar,8,0.2,ppi_signed,3c2946a11197c789bbce324841a6fc5b7008829c0a69751a6b96533124151f94,84,104,84,376,104,208,188,376
LLMBar,8,0.2,ppi_tuned,3c2946a11197c789bbce324841a6fc5b7008829c0a69751a6b96533124151f94,84,104,84,376,104,208,188,376
LLMBar,8,0.2,raw_proxy,3c2946a11197c789bbce324841a6fc5b7008829c0a69751a6b96533124151f94,84,104,0,208,104,208,104,208
LLMBar,8,0.4,audit_residual,ee179220d33592625707fa98be85b07b36505faacf9d614043e51e63652248de,168,104,168,544,104,208,272,544
LLMBar,8,0.4,human_only,ee179220d33592625707fa98be85b07b36505faacf9d614043e51e63652248de,168,104,168,336,104,208,272,544
LLMBar,8,0.4,ppi,ee179220d33592625707fa98be85b07b36505faacf9d614043e51e63652248de,168,104,168,544,104,208,272,544
LLMBar,8,0.4,ppi_signed,ee179220d33592625707fa98be85b07b36505faacf9d614043e51e63652248de,168,104,168,544,104,208,272,544
LLMBar,8,0.4,ppi_tuned,ee179220d33592625707fa98be85b07b36505faacf9d614043e51e63652248de,168,104,168,544,104,208,272,544
LLMBar,8,0.4,raw_proxy,ee179220d33592625707fa98be85b07b36505faacf9d614043e51e63652248de,168,104,0,208,104,208,104,208
LLMBar,8,0.6,audit_residual,62b41480250fc582ac2b5f02a460e0596805c79ca72eceac7a36f6401b3a77d2,251,104,251,710,104,208,355,710
LLMBar,8,0.6,human_only,62b41480250fc582ac2b5f02a460e0596805c79ca72eceac7a36f6401b3a77d2,251,104,251,502,104,208,355,710
LLMBar,8,0.6,ppi,62b41480250fc582ac2b5f02a460e0596805c79ca72eceac7a36f6401b3a77d2,251,104,251,710,104,208,355,710
LLMBar,8,0.6,ppi_signed,62b41480250fc582ac2b5f02a460e0596805c79ca72eceac7a36f6401b3a77d2,251,104,251,710,104,208,355,710
LLMBar,8,0.6,ppi_tuned,62b41480250fc582ac2b5f02a460e0596805c79ca72eceac7a36f6401b3a77d2,251,104,251,710,104,208,355,710
LLMBar,8,0.6,raw_proxy,62b41480250fc582ac2b5f02a460e0596805c79ca72eceac7a36f6401b3a77d2,251,104,0,208,104,208,104,208
LLMBar,9,0.2,audit_residual,e5fa8b8166cd2feb3c1cd60a8416cebd8dda9500b563ff875228d64e9c883388,83,104,83,374,104,208,187,374
LLMBar,9,0.2,human_only,e5fa8b8166cd2feb3c1cd60a8416cebd8dda9500b563ff875228d64e9c883388,83,104,83,166,104,208,187,374
LLMBar,9,0.2,ppi,e5fa8b8166cd2feb3c1cd60a8416cebd8dda9500b563ff875228d64e9c883388,83,104,83,374,104,208,187,374
LLMBar,9,0.2,ppi_signed,e5fa8b8166cd2feb3c1cd60a8416cebd8dda9500b563ff875228d64e9c883388,83,104,83,374,104,208,187,374
LLMBar,9,0.2,ppi_tuned,e5fa8b8166cd2feb3c1cd60a8416cebd8dda9500b563ff875228d64e9c883388,83,104,83,374,104,208,187,374
LLMBar,9,0.2,raw_proxy,e5fa8b8166cd2feb3c1cd60a8416cebd8dda9500b563ff875228d64e9c883388,83,104,0,208,104,208,104,208
LLMBar,9,0.4,audit_residual,888324838a352e110077a1d759a9fd9d92f37558087ab5217d3070887dcf6c2f,167,104,167,542,104,208,271,542
LLMBar,9,0.4,human_only,888324838a352e110077a1d759a9fd9d92f37558087ab5217d3070887dcf6c2f,167,104,167,334,104,208,271,542
LLMBar,9,0.4,ppi,888324838a352e110077a1d759a9fd9d92f37558087ab5217d3070887dcf6c2f,167,104,167,542,104,208,271,542
LLMBar,9,0.4,ppi_signed,888324838a352e110077a1d759a9fd9d92f37558087ab5217d3070887dcf6c2f,167,104,167,542,104,208,271,542
LLMBar,9,0.4,ppi_tuned,888324838a352e110077a1d759a9fd9d92f37558087ab5217d3070887dcf6c2f,167,104,167,542,104,208,271,542
LLMBar,9,0.4,raw_proxy,888324838a352e110077a1d759a9fd9d92f37558087ab5217d3070887dcf6c2f,167,104,0,208,104,208,104,208
LLMBar,9,0.6,audit_residual,66ed3ef449c39773b9df928fed4daf5e54df1d4298cf0d819008f8a4868c4f23,250,104,250,708,104,208,354,708
LLMBar,9,0.6,human_only,66ed3ef449c39773b9df928fed4daf5e54df1d4298cf0d819008f8a4868c4f23,250,104,250,500,104,208,354,708
LLMBar,9,0.6,ppi,66ed3ef449c39773b9df928fed4daf5e54df1d4298cf0d819008f8a4868c4f23,250,104,250,708,104,208,354,708
LLMBar,9,0.6,ppi_signed,66ed3ef449c39773b9df928fed4daf5e54df1d4298cf0d819008f8a4868c4f23,250,104,250,708,104,208,354,708
LLMBar,9,0.6,ppi_tuned,66ed3ef449c39773b9df928fed4daf5e54df1d4298cf0d819008f8a4868c4f23,250,104,250,708,104,208,354,708
LLMBar,9,0.6,raw_proxy,66ed3ef449c39773b9df928fed4daf5e54df1d4298cf0d819008f8a4868c4f23,250,104,0,208,104,208,104,208
LLMBar,10,0.2,audit_residual,dfb6740da06ed7d0fa850f401e866257fb0b6778358f4ee80e96eaeab5d0e363,84,104,84,376,104,208,188,376
LLMBar,10,0.2,human_only,dfb6740da06ed7d0fa850f401e866257fb0b6778358f4ee80e96eaeab5d0e363,84,104,84,168,104,208,188,376
LLMBar,10,0.2,ppi,dfb6740da06ed7d0fa850f401e866257fb0b6778358f4ee80e96eaeab5d0e363,84,104,84,376,104,208,188,376
LLMBar,10,0.2,ppi_signed,dfb6740da06ed7d0fa850f401e866257fb0b6778358f4ee80e96eaeab5d0e363,84,104,84,376,104,208,188,376
LLMBar,10,0.2,ppi_tuned,dfb6740da06ed7d0fa850f401e866257fb0b6778358f4ee80e96eaeab5d0e363,84,104,84,376,104,208,188,376
LLMBar,10,0.2,raw_proxy,dfb6740da06ed7d0fa850f401e866257fb0b6778358f4ee80e96eaeab5d0e363,84,104,0,208,104,208,104,208
LLMBar,10,0.4,audit_residual,c9592da07297f8d154528e3e6c68a8fb07e3224e0f0d9dd705c41f090505383e,168,104,168,544,104,208,272,544
LLMBar,10,0.4,human_only,c9592da07297f8d154528e3e6c68a8fb07e3224e0f0d9dd705c41f090505383e,168,104,168,336,104,208,272,544
LLMBar,10,0.4,ppi,c9592da07297f8d154528e3e6c68a8fb07e3224e0f0d9dd705c41f090505383e,168,104,168,544,104,208,272,544
LLMBar,10,0.4,ppi_signed,c9592da07297f8d154528e3e6c68a8fb07e3224e0f0d9dd705c41f090505383e,168,104,168,544,104,208,272,544
LLMBar,10,0.4,ppi_tuned,c9592da07297f8d154528e3e6c68a8fb07e3224e0f0d9dd705c41f090505383e,168,104,168,544,104,208,272,544
LLMBar,10,0.4,raw_proxy,c9592da07297f8d154528e3e6c68a8fb07e3224e0f0d9dd705c41f090505383e,168,104,0,208,104,208,104,208
LLMBar,10,0.6,audit_residual,baac1eaf72654f31d12a96fa66c4f023deccdfcb1f6999290b86819cc443298a,251,104,251,710,104,208,355,710
LLMBar,10,0.6,human_only,baac1eaf72654f31d12a96fa66c4f023deccdfcb1f6999290b86819cc443298a,251,104,251,502,104,208,355,710
LLMBar,10,0.6,ppi,baac1eaf72654f31d12a96fa66c4f023deccdfcb1f6999290b86819cc443298a,251,104,251,710,104,208,355,710
LLMBar,10,0.6,ppi_signed,baac1eaf72654f31d12a96fa66c4f023deccdfcb1f6999290b86819cc443298a,251,104,251,710,104,208,355,710
LLMBar,10,0.6,ppi_tuned,baac1eaf72654f31d12a96fa66c4f023deccdfcb1f6999290b86819cc443298a,251,104,251,710,104,208,355,710
LLMBar,10,0.6,raw_proxy,baac1eaf72654f31d12a96fa66c4f023deccdfcb1f6999290b86819cc443298a,251,104,0,208,104,208,104,208
LLMBar,11,0.2,audit_residual,4c2c7becf8799b66bdc344e50176f9bb2255a6c015da38052b9f3898c5f3a52f,84,104,84,376,104,208,188,376
LLMBar,11,0.2,human_only,4c2c7becf8799b66bdc344e50176f9bb2255a6c015da38052b9f3898c5f3a52f,84,104,84,168,104,208,188,376
LLMBar,11,0.2,ppi,4c2c7becf8799b66bdc344e50176f9bb2255a6c015da38052b9f3898c5f3a52f,84,104,84,376,104,208,188,376
LLMBar,11,0.2,ppi_signed,4c2c7becf8799b66bdc344e50176f9bb2255a6c015da38052b9f3898c5f3a52f,84,104,84,376,104,208,188,376
LLMBar,11,0.2,ppi_tuned,4c2c7becf8799b66bdc344e50176f9bb2255a6c015da38052b9f3898c5f3a52f,84,104,84,376,104,208,188,376
LLMBar,11,0.2,raw_proxy,4c2c7becf8799b66bdc344e50176f9bb2255a6c015da38052b9f3898c5f3a52f,84,104,0,208,104,208,104,208
LLMBar,11,0.4,audit_residual,f2e1e43f47a517b08715ef491793740d3ca12d4f24a94821240bc15fe43b0b78,168,104,168,544,104,208,272,544
LLMBar,11,0.4,human_only,f2e1e43f47a517b08715ef491793740d3ca12d4f24a94821240bc15fe43b0b78,168,104,168,336,104,208,272,544
LLMBar,11,0.4,ppi,f2e1e43f47a517b08715ef491793740d3ca12d4f24a94821240bc15fe43b0b78,168,104,168,544,104,208,272,544
LLMBar,11,0.4,ppi_signed,f2e1e43f47a517b08715ef491793740d3ca12d4f24a94821240bc15fe43b0b78,168,104,168,544,104,208,272,544
LLMBar,11,0.4,ppi_tuned,f2e1e43f47a517b08715ef491793740d3ca12d4f24a94821240bc15fe43b0b78,168,104,168,544,104,208,272,544
LLMBar,11,0.4,raw_proxy,f2e1e43f47a517b08715ef491793740d3ca12d4f24a94821240bc15fe43b0b78,168,104,0,208,104,208,104,208
LLMBar,11,0.6,audit_residual,2923fad0fcabe4f17c48033ed41d5be1f5a6213fd43b18016b380e451fbc696f,251,104,251,710,104,208,355,710
LLMBar,11,0.6,human_only,2923fad0fcabe4f17c48033ed41d5be1f5a6213fd43b18016b380e451fbc696f,251,104,251,502,104,208,355,710
LLMBar,11,0.6,ppi,2923fad0fcabe4f17c48033ed41d5be1f5a6213fd43b18016b380e451fbc696f,251,104,251,710,104,208,355,710
LLMBar,11,0.6,ppi_signed,2923fad0fcabe4f17c48033ed41d5be1f5a6213fd43b18016b380e451fbc696f,251,104,251,710,104,208,355,710
LLMBar,11,0.6,ppi_tuned,2923fad0fcabe4f17c48033ed41d5be1f5a6213fd43b18016b380e451fbc696f,251,104,251,710,104,208,355,710
LLMBar,11,0.6,raw_proxy,2923fad0fcabe4f17c48033ed41d5be1f5a6213fd43b18016b380e451fbc696f,251,104,0,208,104,208,104,208
LLMBar,12,0.2,audit_residual,f66ba151e311d2b8af0491059050a3f2c69031e029704ff595f0367643382a4f,83,104,83,374,104,208,187,374
LLMBar,12,0.2,human_only,f66ba151e311d2b8af0491059050a3f2c69031e029704ff595f0367643382a4f,83,104,83,166,104,208,187,374
LLMBar,12,0.2,ppi,f66ba151e311d2b8af0491059050a3f2c69031e029704ff595f0367643382a4f,83,104,83,374,104,208,187,374
LLMBar,12,0.2,ppi_signed,f66ba151e311d2b8af0491059050a3f2c69031e029704ff595f0367643382a4f,83,104,83,374,104,208,187,374
LLMBar,12,0.2,ppi_tuned,f66ba151e311d2b8af0491059050a3f2c69031e029704ff595f0367643382a4f,83,104,83,374,104,208,187,374
LLMBar,12,0.2,raw_proxy,f66ba151e311d2b8af0491059050a3f2c69031e029704ff595f0367643382a4f,83,104,0,208,104,208,104,208
LLMBar,12,0.4,audit_residual,83ae4c5c80267ad89530b99797e45e17bfadb00683429f55d972246b3599ce81,167,104,167,542,104,208,271,542
LLMBar,12,0.4,human_only,83ae4c5c80267ad89530b99797e45e17bfadb00683429f55d972246b3599ce81,167,104,167,334,104,208,271,542
LLMBar,12,0.4,ppi,83ae4c5c80267ad89530b99797e45e17bfadb00683429f55d972246b3599ce81,167,104,167,542,104,208,271,542
LLMBar,12,0.4,ppi_signed,83ae4c5c80267ad89530b99797e45e17bfadb00683429f55d972246b3599ce81,167,104,167,542,104,208,271,542
LLMBar,12,0.4,ppi_tuned,83ae4c5c80267ad89530b99797e45e17bfadb00683429f55d972246b3599ce81,167,104,167,542,104,208,271,542
LLMBar,12,0.4,raw_proxy,83ae4c5c80267ad89530b99797e45e17bfadb00683429f55d972246b3599ce81,167,104,0,208,104,208,104,208
LLMBar,12,0.6,audit_residual,d44d11f3c126e847d7b26d6574b13fae0dbb9196b38a2eeb74a63236cf80696a,250,104,250,708,104,208,354,708
LLMBar,12,0.6,human_only,d44d11f3c126e847d7b26d6574b13fae0dbb9196b38a2eeb74a63236cf80696a,250,104,250,500,104,208,354,708
LLMBar,12,0.6,ppi,d44d11f3c126e847d7b26d6574b13fae0dbb9196b38a2eeb74a63236cf80696a,250,104,250,708,104,208,354,708
LLMBar,12,0.6,ppi_signed,d44d11f3c126e847d7b26d6574b13fae0dbb9196b38a2eeb74a63236cf80696a,250,104,250,708,104,208,354,708
LLMBar,12,0.6,ppi_tuned,d44d11f3c126e847d7b26d6574b13fae0dbb9196b38a2eeb74a63236cf80696a,250,104,250,708,104,208,354,708
LLMBar,12,0.6,raw_proxy,d44d11f3c126e847d7b26d6574b13fae0dbb9196b38a2eeb74a63236cf80696a,250,104,0,208,104,208,104,208
LLMBar,13,0.2,audit_residual,b72377fbf51538129d40edcfd1cc64f303a4d01bce9f066a987397b10f0d48f9,83,104,83,374,104,208,187,374
LLMBar,13,0.2,human_only,b72377fbf51538129d40edcfd1cc64f303a4d01bce9f066a987397b10f0d48f9,83,104,83,166,104,208,187,374
LLMBar,13,0.2,ppi,b72377fbf51538129d40edcfd1cc64f303a4d01bce9f066a987397b10f0d48f9,83,104,83,374,104,208,187,374
LLMBar,13,0.2,ppi_signed,b72377fbf51538129d40edcfd1cc64f303a4d01bce9f066a987397b10f0d48f9,83,104,83,374,104,208,187,374
LLMBar,13,0.2,ppi_tuned,b72377fbf51538129d40edcfd1cc64f303a4d01bce9f066a987397b10f0d48f9,83,104,83,374,104,208,187,374
LLMBar,13,0.2,raw_proxy,b72377fbf51538129d40edcfd1cc64f303a4d01bce9f066a987397b10f0d48f9,83,104,0,208,104,208,104,208
LLMBar,13,0.4,audit_residual,2410cd77229ab7abb6d33eb47c65505ce165f7775aa0c425195e397e8edcc898,168,104,168,544,104,208,272,544
LLMBar,13,0.4,human_only,2410cd77229ab7abb6d33eb47c65505ce165f7775aa0c425195e397e8edcc898,168,104,168,336,104,208,272,544
LLMBar,13,0.4,ppi,2410cd77229ab7abb6d33eb47c65505ce165f7775aa0c425195e397e8edcc898,168,104,168,544,104,208,272,544
LLMBar,13,0.4,ppi_signed,2410cd77229ab7abb6d33eb47c65505ce165f7775aa0c425195e397e8edcc898,168,104,168,544,104,208,272,544
LLMBar,13,0.4,ppi_tuned,2410cd77229ab7abb6d33eb47c65505ce165f7775aa0c425195e397e8edcc898,168,104,168,544,104,208,272,544
LLMBar,13,0.4,raw_proxy,2410cd77229ab7abb6d33eb47c65505ce165f7775aa0c425195e397e8edcc898,168,104,0,208,104,208,104,208
LLMBar,13,0.6,audit_residual,02902e1ea20d05f08f33703b0ff4349f1c1660d40ca46d80ecf1f159474825db,251,104,251,710,104,208,355,710
LLMBar,13,0.6,human_only,02902e1ea20d05f08f33703b0ff4349f1c1660d40ca46d80ecf1f159474825db,251,104,251,502,104,208,355,710
LLMBar,13,0.6,ppi,02902e1ea20d05f08f33703b0ff4349f1c1660d40ca46d80ecf1f159474825db,251,104,251,710,104,208,355,710
LLMBar,13,0.6,ppi_signed,02902e1ea20d05f08f33703b0ff4349f1c1660d40ca46d80ecf1f159474825db,251,104,251,710,104,208,355,710
LLMBar,13,0.6,ppi_tuned,02902e1ea20d05f08f33703b0ff4349f1c1660d40ca46d80ecf1f159474825db,251,104,251,710,104,208,355,710
LLMBar,13,0.6,raw_proxy,02902e1ea20d05f08f33703b0ff4349f1c1660d40ca46d80ecf1f159474825db,251,104,0,208,104,208,104,208
LLMBar,14,0.2,audit_residual,a2f6a8621f78c5487446ab8f21bf91dd633c84c7a11e4284fc559f9dc1e742cb,83,105,83,376,105,210,188,376
LLMBar,14,0.2,human_only,a2f6a8621f78c5487446ab8f21bf91dd633c84c7a11e4284fc559f9dc1e742cb,83,105,83,166,105,210,188,376
LLMBar,14,0.2,ppi,a2f6a8621f78c5487446ab8f21bf91dd633c84c7a11e4284fc559f9dc1e742cb,83,105,83,376,105,210,188,376
LLMBar,14,0.2,ppi_signed,a2f6a8621f78c5487446ab8f21bf91dd633c84c7a11e4284fc559f9dc1e742cb,83,105,83,376,105,210,188,376
LLMBar,14,0.2,ppi_tuned,a2f6a8621f78c5487446ab8f21bf91dd633c84c7a11e4284fc559f9dc1e742cb,83,105,83,376,105,210,188,376
LLMBar,14,0.2,raw_proxy,a2f6a8621f78c5487446ab8f21bf91dd633c84c7a11e4284fc559f9dc1e742cb,83,105,0,210,105,210,105,210
LLMBar,14,0.4,audit_residual,b0f5db6b14218c97af31a0840056ce317d82497eef0ec9c956c92314b033f0cf,167,105,167,544,105,210,272,544
LLMBar,14,0.4,human_only,b0f5db6b14218c97af31a0840056ce317d82497eef0ec9c956c92314b033f0cf,167,105,167,334,105,210,272,544
LLMBar,14,0.4,ppi,b0f5db6b14218c97af31a0840056ce317d82497eef0ec9c956c92314b033f0cf,167,105,167,544,105,210,272,544
LLMBar,14,0.4,ppi_signed,b0f5db6b14218c97af31a0840056ce317d82497eef0ec9c956c92314b033f0cf,167,105,167,544,105,210,272,544
LLMBar,14,0.4,ppi_tuned,b0f5db6b14218c97af31a0840056ce317d82497eef0ec9c956c92314b033f0cf,167,105,167,544,105,210,272,544
LLMBar,14,0.4,raw_proxy,b0f5db6b14218c97af31a0840056ce317d82497eef0ec9c956c92314b033f0cf,167,105,0,210,105,210,105,210
LLMBar,14,0.6,audit_residual,dcfb3c40a9408e1f662eab69c0107f261c22d299a16bb8a1936b91f38c987205,250,105,250,710,105,210,355,710
LLMBar,14,0.6,human_only,dcfb3c40a9408e1f662eab69c0107f261c22d299a16bb8a1936b91f38c987205,250,105,250,500,105,210,355,710
LLMBar,14,0.6,ppi,dcfb3c40a9408e1f662eab69c0107f261c22d299a16bb8a1936b91f38c987205,250,105,250,710,105,210,355,710
LLMBar,14,0.6,ppi_signed,dcfb3c40a9408e1f662eab69c0107f261c22d299a16bb8a1936b91f38c987205,250,105,250,710,105,210,355,710
LLMBar,14,0.6,ppi_tuned,dcfb3c40a9408e1f662eab69c0107f261c22d299a16bb8a1936b91f38c987205,250,105,250,710,105,210,355,710
LLMBar,14,0.6,raw_proxy,dcfb3c40a9408e1f662eab69c0107f261c22d299a16bb8a1936b91f38c987205,250,105,0,210,105,210,105,210
LLMBar,15,0.2,audit_residual,d8443ab793ae1f78c5e8984f0710038e0b94e4a1b4650c6b983e5713107ba3f3,83,104,83,374,104,208,187,374
LLMBar,15,0.2,human_only,d8443ab793ae1f78c5e8984f0710038e0b94e4a1b4650c6b983e5713107ba3f3,83,104,83,166,104,208,187,374
LLMBar,15,0.2,ppi,d8443ab793ae1f78c5e8984f0710038e0b94e4a1b4650c6b983e5713107ba3f3,83,104,83,374,104,208,187,374
LLMBar,15,0.2,ppi_signed,d8443ab793ae1f78c5e8984f0710038e0b94e4a1b4650c6b983e5713107ba3f3,83,104,83,374,104,208,187,374
LLMBar,15,0.2,ppi_tuned,d8443ab793ae1f78c5e8984f0710038e0b94e4a1b4650c6b983e5713107ba3f3,83,104,83,374,104,208,187,374
LLMBar,15,0.2,raw_proxy,d8443ab793ae1f78c5e8984f0710038e0b94e4a1b4650c6b983e5713107ba3f3,83,104,0,208,104,208,104,208
LLMBar,15,0.4,audit_residual,25adb3e9f3f5ba5ba458441edc59f5fc2cc608dd3bd9eccb095c6b4d02e1cc7f,167,104,167,542,104,208,271,542
LLMBar,15,0.4,human_only,25adb3e9f3f5ba5ba458441edc59f5fc2cc608dd3bd9eccb095c6b4d02e1cc7f,167,104,167,334,104,208,271,542
LLMBar,15,0.4,ppi,25adb3e9f3f5ba5ba458441edc59f5fc2cc608dd3bd9eccb095c6b4d02e1cc7f,167,104,167,542,104,208,271,542
LLMBar,15,0.4,ppi_signed,25adb3e9f3f5ba5ba458441edc59f5fc2cc608dd3bd9eccb095c6b4d02e1cc7f,167,104,167,542,104,208,271,542
LLMBar,15,0.4,ppi_tuned,25adb3e9f3f5ba5ba458441edc59f5fc2cc608dd3bd9eccb095c6b4d02e1cc7f,167,104,167,542,104,208,271,542
LLMBar,15,0.4,raw_proxy,25adb3e9f3f5ba5ba458441edc59f5fc2cc608dd3bd9eccb095c6b4d02e1cc7f,167,104,0,208,104,208,104,208
LLMBar,15,0.6,audit_residual,f1329711680d563bf8563ed2c44c6b9b25bbcb62a3cfc5f63fb9141f758d9621,251,104,251,710,104,208,355,710
LLMBar,15,0.6,human_only,f1329711680d563bf8563ed2c44c6b9b25bbcb62a3cfc5f63fb9141f758d9621,251,104,251,502,104,208,355,710
LLMBar,15,0.6,ppi,f1329711680d563bf8563ed2c44c6b9b25bbcb62a3cfc5f63fb9141f758d9621,251,104,251,710,104,208,355,710
LLMBar,15,0.6,ppi_signed,f1329711680d563bf8563ed2c44c6b9b25bbcb62a3cfc5f63fb9141f758d9621,251,104,251,710,104,208,355,710
LLMBar,15,0.6,ppi_tuned,f1329711680d563bf8563ed2c44c6b9b25bbcb62a3cfc5f63fb9141f758d9621,251,104,251,710,104,208,355,710
LLMBar,15,0.6,raw_proxy,f1329711680d563bf8563ed2c44c6b9b25bbcb62a3cfc5f63fb9141f758d9621,251,104,0,208,104,208,104,208
LLMBar,16,0.2,audit_residual,668943955f9768ce6222b1dbd439d82b330a154e4a06a01f231ed912ca4b0274,83,104,83,374,104,208,187,374
LLMBar,16,0.2,human_only,668943955f9768ce6222b1dbd439d82b330a154e4a06a01f231ed912ca4b0274,83,104,83,166,104,208,187,374
LLMBar,16,0.2,ppi,668943955f9768ce6222b1dbd439d82b330a154e4a06a01f231ed912ca4b0274,83,104,83,374,104,208,187,374
LLMBar,16,0.2,ppi_signed,668943955f9768ce6222b1dbd439d82b330a154e4a06a01f231ed912ca4b0274,83,104,83,374,104,208,187,374
LLMBar,16,0.2,ppi_tuned,668943955f9768ce6222b1dbd439d82b330a154e4a06a01f231ed912ca4b0274,83,104,83,374,104,208,187,374
LLMBar,16,0.2,raw_proxy,668943955f9768ce6222b1dbd439d82b330a154e4a06a01f231ed912ca4b0274,83,104,0,208,104,208,104,208
LLMBar,16,0.4,audit_residual,0d185df41b0f7851c124976d835686f746715507babe8d420b0f83293f3e2c0b,168,104,168,544,104,208,272,544
LLMBar,16,0.4,human_only,0d185df41b0f7851c124976d835686f746715507babe8d420b0f83293f3e2c0b,168,104,168,336,104,208,272,544
LLMBar,16,0.4,ppi,0d185df41b0f7851c124976d835686f746715507babe8d420b0f83293f3e2c0b,168,104,168,544,104,208,272,544
LLMBar,16,0.4,ppi_signed,0d185df41b0f7851c124976d835686f746715507babe8d420b0f83293f3e2c0b,168,104,168,544,104,208,272,544
LLMBar,16,0.4,ppi_tuned,0d185df41b0f7851c124976d835686f746715507babe8d420b0f83293f3e2c0b,168,104,168,544,104,208,272,544
LLMBar,16,0.4,raw_proxy,0d185df41b0f7851c124976d835686f746715507babe8d420b0f83293f3e2c0b,168,104,0,208,104,208,104,208
LLMBar,16,0.6,audit_residual,4b27878fd58de34d198915006be9aee69a917fe2966fa93ef1e63f2ceecdcaee,251,104,251,710,104,208,355,710
LLMBar,16,0.6,human_only,4b27878fd58de34d198915006be9aee69a917fe2966fa93ef1e63f2ceecdcaee,251,104,251,502,104,208,355,710
LLMBar,16,0.6,ppi,4b27878fd58de34d198915006be9aee69a917fe2966fa93ef1e63f2ceecdcaee,251,104,251,710,104,208,355,710
LLMBar,16,0.6,ppi_signed,4b27878fd58de34d198915006be9aee69a917fe2966fa93ef1e63f2ceecdcaee,251,104,251,710,104,208,355,710
LLMBar,16,0.6,ppi_tuned,4b27878fd58de34d198915006be9aee69a917fe2966fa93ef1e63f2ceecdcaee,251,104,251,710,104,208,355,710
LLMBar,16,0.6,raw_proxy,4b27878fd58de34d198915006be9aee69a917fe2966fa93ef1e63f2ceecdcaee,251,104,0,208,104,208,104,208
LLMBar,17,0.2,audit_residual,6c9cdb29020156d350189bd9a8f266b3b6f8d6dde2c7afbb27d2b5ea86b40938,84,104,84,376,104,208,188,376
LLMBar,17,0.2,human_only,6c9cdb29020156d350189bd9a8f266b3b6f8d6dde2c7afbb27d2b5ea86b40938,84,104,84,168,104,208,188,376
LLMBar,17,0.2,ppi,6c9cdb29020156d350189bd9a8f266b3b6f8d6dde2c7afbb27d2b5ea86b40938,84,104,84,376,104,208,188,376
LLMBar,17,0.2,ppi_signed,6c9cdb29020156d350189bd9a8f266b3b6f8d6dde2c7afbb27d2b5ea86b40938,84,104,84,376,104,208,188,376
LLMBar,17,0.2,ppi_tuned,6c9cdb29020156d350189bd9a8f266b3b6f8d6dde2c7afbb27d2b5ea86b40938,84,104,84,376,104,208,188,376
LLMBar,17,0.2,raw_proxy,6c9cdb29020156d350189bd9a8f266b3b6f8d6dde2c7afbb27d2b5ea86b40938,84,104,0,208,104,208,104,208
LLMBar,17,0.4,audit_residual,b8410eed1e2e14b458e3877f68f0b99c1cb2fb29ab65692c7a7b4f18ec5f4f88,168,104,168,544,104,208,272,544
LLMBar,17,0.4,human_only,b8410eed1e2e14b458e3877f68f0b99c1cb2fb29ab65692c7a7b4f18ec5f4f88,168,104,168,336,104,208,272,544
LLMBar,17,0.4,ppi,b8410eed1e2e14b458e3877f68f0b99c1cb2fb29ab65692c7a7b4f18ec5f4f88,168,104,168,544,104,208,272,544
LLMBar,17,0.4,ppi_signed,b8410eed1e2e14b458e3877f68f0b99c1cb2fb29ab65692c7a7b4f18ec5f4f88,168,104,168,544,104,208,272,544
LLMBar,17,0.4,ppi_tuned,b8410eed1e2e14b458e3877f68f0b99c1cb2fb29ab65692c7a7b4f18ec5f4f88,168,104,168,544,104,208,272,544
LLMBar,17,0.4,raw_proxy,b8410eed1e2e14b458e3877f68f0b99c1cb2fb29ab65692c7a7b4f18ec5f4f88,168,104,0,208,104,208,104,208
LLMBar,17,0.6,audit_residual,15d53dbc7a638acaad35bcdca452b31f85bc764af969c234a21ba147911e9e69,251,104,251,710,104,208,355,710
LLMBar,17,0.6,human_only,15d53dbc7a638acaad35bcdca452b31f85bc764af969c234a21ba147911e9e69,251,104,251,502,104,208,355,710
LLMBar,17,0.6,ppi,15d53dbc7a638acaad35bcdca452b31f85bc764af969c234a21ba147911e9e69,251,104,251,710,104,208,355,710
LLMBar,17,0.6,ppi_signed,15d53dbc7a638acaad35bcdca452b31f85bc764af969c234a21ba147911e9e69,251,104,251,710,104,208,355,710
LLMBar,17,0.6,ppi_tuned,15d53dbc7a638acaad35bcdca452b31f85bc764af969c234a21ba147911e9e69,251,104,251,710,104,208,355,710
LLMBar,17,0.6,raw_proxy,15d53dbc7a638acaad35bcdca452b31f85bc764af969c234a21ba147911e9e69,251,104,0,208,104,208,104,208
LLMBar,18,0.2,audit_residual,12910b8f0f6a60c36b9a844b530029300d42d897c8b9b15b9ef5c71b7b2d5104,84,104,84,376,104,208,188,376
LLMBar,18,0.2,human_only,12910b8f0f6a60c36b9a844b530029300d42d897c8b9b15b9ef5c71b7b2d5104,84,104,84,168,104,208,188,376
LLMBar,18,0.2,ppi,12910b8f0f6a60c36b9a844b530029300d42d897c8b9b15b9ef5c71b7b2d5104,84,104,84,376,104,208,188,376
LLMBar,18,0.2,ppi_signed,12910b8f0f6a60c36b9a844b530029300d42d897c8b9b15b9ef5c71b7b2d5104,84,104,84,376,104,208,188,376
LLMBar,18,0.2,ppi_tuned,12910b8f0f6a60c36b9a844b530029300d42d897c8b9b15b9ef5c71b7b2d5104,84,104,84,376,104,208,188,376
LLMBar,18,0.2,raw_proxy,12910b8f0f6a60c36b9a844b530029300d42d897c8b9b15b9ef5c71b7b2d5104,84,104,0,208,104,208,104,208
LLMBar,18,0.4,audit_residual,12588e08e4f9ab4a3f16d905943f1979b98f6a35dfcc92620dcf30e953d71f9c,168,104,168,544,104,208,272,544
LLMBar,18,0.4,human_only,12588e08e4f9ab4a3f16d905943f1979b98f6a35dfcc92620dcf30e953d71f9c,168,104,168,336,104,208,272,544
LLMBar,18,0.4,ppi,12588e08e4f9ab4a3f16d905943f1979b98f6a35dfcc92620dcf30e953d71f9c,168,104,168,544,104,208,272,544
LLMBar,18,0.4,ppi_signed,12588e08e4f9ab4a3f16d905943f1979b98f6a35dfcc92620dcf30e953d71f9c,168,104,168,544,104,208,272,544
LLMBar,18,0.4,ppi_tuned,12588e08e4f9ab4a3f16d905943f1979b98f6a35dfcc92620dcf30e953d71f9c,168,104,168,544,104,208,272,544
LLMBar,18,0.4,raw_proxy,12588e08e4f9ab4a3f16d905943f1979b98f6a35dfcc92620dcf30e953d71f9c,168,104,0,208,104,208,104,208
LLMBar,18,0.6,audit_residual,ebd90c36fb7885d3902f55c41df58ed01c1d1760ae0f54ac00d1e4005a3f623c,251,104,251,710,104,208,355,710
LLMBar,18,0.6,human_only,ebd90c36fb7885d3902f55c41df58ed01c1d1760ae0f54ac00d1e4005a3f623c,251,104,251,502,104,208,355,710
LLMBar,18,0.6,ppi,ebd90c36fb7885d3902f55c41df58ed01c1d1760ae0f54ac00d1e4005a3f623c,251,104,251,710,104,208,355,710
LLMBar,18,0.6,ppi_signed,ebd90c36fb7885d3902f55c41df58ed01c1d1760ae0f54ac00d1e4005a3f623c,251,104,251,710,104,208,355,710
LLMBar,18,0.6,ppi_tuned,ebd90c36fb7885d3902f55c41df58ed01c1d1760ae0f54ac00d1e4005a3f623c,251,104,251,710,104,208,355,710
LLMBar,18,0.6,raw_proxy,ebd90c36fb7885d3902f55c41df58ed01c1d1760ae0f54ac00d1e4005a3f623c,251,104,0,208,104,208,104,208
LLMBar,19,0.2,audit_residual,07317bd047aeeb877b06d87be87f7876d121f5edc17e822143b98cd0b49ac89a,83,105,83,376,105,210,188,376
LLMBar,19,0.2,human_only,07317bd047aeeb877b06d87be87f7876d121f5edc17e822143b98cd0b49ac89a,83,105,83,166,105,210,188,376
LLMBar,19,0.2,ppi,07317bd047aeeb877b06d87be87f7876d121f5edc17e822143b98cd0b49ac89a,83,105,83,376,105,210,188,376
LLMBar,19,0.2,ppi_signed,07317bd047aeeb877b06d87be87f7876d121f5edc17e822143b98cd0b49ac89a,83,105,83,376,105,210,188,376
LLMBar,19,0.2,ppi_tuned,07317bd047aeeb877b06d87be87f7876d121f5edc17e822143b98cd0b49ac89a,83,105,83,376,105,210,188,376
LLMBar,19,0.2,raw_proxy,07317bd047aeeb877b06d87be87f7876d121f5edc17e822143b98cd0b49ac89a,83,105,0,210,105,210,105,210
LLMBar,19,0.4,audit_residual,401df20ef31d83d508af0885679eda0b29ce17138e1d3f8991cb0380bdb4ab46,167,105,167,544,105,210,272,544
LLMBar,19,0.4,human_only,401df20ef31d83d508af0885679eda0b29ce17138e1d3f8991cb0380bdb4ab46,167,105,167,334,105,210,272,544
LLMBar,19,0.4,ppi,401df20ef31d83d508af0885679eda0b29ce17138e1d3f8991cb0380bdb4ab46,167,105,167,544,105,210,272,544
LLMBar,19,0.4,ppi_signed,401df20ef31d83d508af0885679eda0b29ce17138e1d3f8991cb0380bdb4ab46,167,105,167,544,105,210,272,544
LLMBar,19,0.4,ppi_tuned,401df20ef31d83d508af0885679eda0b29ce17138e1d3f8991cb0380bdb4ab46,167,105,167,544,105,210,272,544
LLMBar,19,0.4,raw_proxy,401df20ef31d83d508af0885679eda0b29ce17138e1d3f8991cb0380bdb4ab46,167,105,0,210,105,210,105,210
LLMBar,19,0.6,audit_residual,5f8e1a075bdf0d830875141d85b63b1c64d9a0e6456d92fe23d4f08881f3dddc,250,105,250,710,105,210,355,710
LLMBar,19,0.6,human_only,5f8e1a075bdf0d830875141d85b63b1c64d9a0e6456d92fe23d4f08881f3dddc,250,105,250,500,105,210,355,710
LLMBar,19,0.6,ppi,5f8e1a075bdf0d830875141d85b63b1c64d9a0e6456d92fe23d4f08881f3dddc,250,105,250,710,105,210,355,710
LLMBar,19,0.6,ppi_signed,5f8e1a075bdf0d830875141d85b63b1c64d9a0e6456d92fe23d4f08881f3dddc,250,105,250,710,105,210,355,710
LLMBar,19,0.6,ppi_tuned,5f8e1a075bdf0d830875141d85b63b1c64d9a0e6456d92fe23d4f08881f3dddc,250,105,250,710,105,210,355,710
LLMBar,19,0.6,raw_proxy,5f8e1a075bdf0d830875141d85b63b1c64d9a0e6456d92fe23d4f08881f3dddc,250,105,0,210,105,210,105,210
LLMBar,20,0.2,audit_residual,7cbc723cc519ee339e677777d9fc24a5887e25396d3bb23f2be617b22b5b799f,84,104,84,376,104,208,188,376
LLMBar,20,0.2,human_only,7cbc723cc519ee339e677777d9fc24a5887e25396d3bb23f2be617b22b5b799f,84,104,84,168,104,208,188,376
LLMBar,20,0.2,ppi,7cbc723cc519ee339e677777d9fc24a5887e25396d3bb23f2be617b22b5b799f,84,104,84,376,104,208,188,376
LLMBar,20,0.2,ppi_signed,7cbc723cc519ee339e677777d9fc24a5887e25396d3bb23f2be617b22b5b799f,84,104,84,376,104,208,188,376
LLMBar,20,0.2,ppi_tuned,7cbc723cc519ee339e677777d9fc24a5887e25396d3bb23f2be617b22b5b799f,84,104,84,376,104,208,188,376
LLMBar,20,0.2,raw_proxy,7cbc723cc519ee339e677777d9fc24a5887e25396d3bb23f2be617b22b5b799f,84,104,0,208,104,208,104,208
LLMBar,20,0.4,audit_residual,a2f15b82ae65cbadea95bb9cfcc30cbbf37d6f5fc9ad238f92902eb69c0bee62,168,104,168,544,104,208,272,544
LLMBar,20,0.4,human_only,a2f15b82ae65cbadea95bb9cfcc30cbbf37d6f5fc9ad238f92902eb69c0bee62,168,104,168,336,104,208,272,544
LLMBar,20,0.4,ppi,a2f15b82ae65cbadea95bb9cfcc30cbbf37d6f5fc9ad238f92902eb69c0bee62,168,104,168,544,104,208,272,544
LLMBar,20,0.4,ppi_signed,a2f15b82ae65cbadea95bb9cfcc30cbbf37d6f5fc9ad238f92902eb69c0bee62,168,104,168,544,104,208,272,544
LLMBar,20,0.4,ppi_tuned,a2f15b82ae65cbadea95bb9cfcc30cbbf37d6f5fc9ad238f92902eb69c0bee62,168,104,168,544,104,208,272,544
LLMBar,20,0.4,raw_proxy,a2f15b82ae65cbadea95bb9cfcc30cbbf37d6f5fc9ad238f92902eb69c0bee62,168,104,0,208,104,208,104,208
LLMBar,20,0.6,audit_residual,548b8de3da66a6a317bc0ecbff5fe90276ca436dbb1f7d6866526a032e084377,251,104,251,710,104,208,355,710
LLMBar,20,0.6,human_only,548b8de3da66a6a317bc0ecbff5fe90276ca436dbb1f7d6866526a032e084377,251,104,251,502,104,208,355,710
LLMBar,20,0.6,ppi,548b8de3da66a6a317bc0ecbff5fe90276ca436dbb1f7d6866526a032e084377,251,104,251,710,104,208,355,710
LLMBar,20,0.6,ppi_signed,548b8de3da66a6a317bc0ecbff5fe90276ca436dbb1f7d6866526a032e084377,251,104,251,710,104,208,355,710
LLMBar,20,0.6,ppi_tuned,548b8de3da66a6a317bc0ecbff5fe90276ca436dbb1f7d6866526a032e084377,251,104,251,710,104,208,355,710
LLMBar,20,0.6,raw_proxy,548b8de3da66a6a317bc0ecbff5fe90276ca436dbb1f7d6866526a032e084377,251,104,0,208,104,208,104,208
LLMBar,21,0.2,audit_residual,84ef85cfc9c5d1622b1ecd63cecc2cb576dbcebc451f17e02f9f77e93a53c895,83,104,83,374,104,208,187,374
LLMBar,21,0.2,human_only,84ef85cfc9c5d1622b1ecd63cecc2cb576dbcebc451f17e02f9f77e93a53c895,83,104,83,166,104,208,187,374
LLMBar,21,0.2,ppi,84ef85cfc9c5d1622b1ecd63cecc2cb576dbcebc451f17e02f9f77e93a53c895,83,104,83,374,104,208,187,374
LLMBar,21,0.2,ppi_signed,84ef85cfc9c5d1622b1ecd63cecc2cb576dbcebc451f17e02f9f77e93a53c895,83,104,83,374,104,208,187,374
LLMBar,21,0.2,ppi_tuned,84ef85cfc9c5d1622b1ecd63cecc2cb576dbcebc451f17e02f9f77e93a53c895,83,104,83,374,104,208,187,374
LLMBar,21,0.2,raw_proxy,84ef85cfc9c5d1622b1ecd63cecc2cb576dbcebc451f17e02f9f77e93a53c895,83,104,0,208,104,208,104,208
LLMBar,21,0.4,audit_residual,cbd93215462effb98da1c1b2637f5609dd8b2a51f00c9a25babe6b743b84cfc2,168,104,168,544,104,208,272,544
LLMBar,21,0.4,human_only,cbd93215462effb98da1c1b2637f5609dd8b2a51f00c9a25babe6b743b84cfc2,168,104,168,336,104,208,272,544
LLMBar,21,0.4,ppi,cbd93215462effb98da1c1b2637f5609dd8b2a51f00c9a25babe6b743b84cfc2,168,104,168,544,104,208,272,544
LLMBar,21,0.4,ppi_signed,cbd93215462effb98da1c1b2637f5609dd8b2a51f00c9a25babe6b743b84cfc2,168,104,168,544,104,208,272,544
LLMBar,21,0.4,ppi_tuned,cbd93215462effb98da1c1b2637f5609dd8b2a51f00c9a25babe6b743b84cfc2,168,104,168,544,104,208,272,544
LLMBar,21,0.4,raw_proxy,cbd93215462effb98da1c1b2637f5609dd8b2a51f00c9a25babe6b743b84cfc2,168,104,0,208,104,208,104,208
LLMBar,21,0.6,audit_residual,351c4a69a756e056c71b41c18f6058f08bd8dac21a0bafd38cb943b81e72de4c,251,104,251,710,104,208,355,710
LLMBar,21,0.6,human_only,351c4a69a756e056c71b41c18f6058f08bd8dac21a0bafd38cb943b81e72de4c,251,104,251,502,104,208,355,710
LLMBar,21,0.6,ppi,351c4a69a756e056c71b41c18f6058f08bd8dac21a0bafd38cb943b81e72de4c,251,104,251,710,104,208,355,710
LLMBar,21,0.6,ppi_signed,351c4a69a756e056c71b41c18f6058f08bd8dac21a0bafd38cb943b81e72de4c,251,104,251,710,104,208,355,710
LLMBar,21,0.6,ppi_tuned,351c4a69a756e056c71b41c18f6058f08bd8dac21a0bafd38cb943b81e72de4c,251,104,251,710,104,208,355,710
LLMBar,21,0.6,raw_proxy,351c4a69a756e056c71b41c18f6058f08bd8dac21a0bafd38cb943b81e72de4c,251,104,0,208,104,208,104,208
LLMBar,22,0.2,audit_residual,9cf8c956a26b6f38cbf29f7df87cca6bd55384968acda81e879a8907c5e011b8,83,104,83,374,104,208,187,374
LLMBar,22,0.2,human_only,9cf8c956a26b6f38cbf29f7df87cca6bd55384968acda81e879a8907c5e011b8,83,104,83,166,104,208,187,374
LLMBar,22,0.2,ppi,9cf8c956a26b6f38cbf29f7df87cca6bd55384968acda81e879a8907c5e011b8,83,104,83,374,104,208,187,374
LLMBar,22,0.2,ppi_signed,9cf8c956a26b6f38cbf29f7df87cca6bd55384968acda81e879a8907c5e011b8,83,104,83,374,104,208,187,374
LLMBar,22,0.2,ppi_tuned,9cf8c956a26b6f38cbf29f7df87cca6bd55384968acda81e879a8907c5e011b8,83,104,83,374,104,208,187,374
LLMBar,22,0.2,raw_proxy,9cf8c956a26b6f38cbf29f7df87cca6bd55384968acda81e879a8907c5e011b8,83,104,0,208,104,208,104,208
LLMBar,22,0.4,audit_residual,50cec512cd1553d528957289a47c8da7ffcee7a31e0ba2a3b90b11c3eb2d0a8c,168,104,168,544,104,208,272,544
LLMBar,22,0.4,human_only,50cec512cd1553d528957289a47c8da7ffcee7a31e0ba2a3b90b11c3eb2d0a8c,168,104,168,336,104,208,272,544
LLMBar,22,0.4,ppi,50cec512cd1553d528957289a47c8da7ffcee7a31e0ba2a3b90b11c3eb2d0a8c,168,104,168,544,104,208,272,544
LLMBar,22,0.4,ppi_signed,50cec512cd1553d528957289a47c8da7ffcee7a31e0ba2a3b90b11c3eb2d0a8c,168,104,168,544,104,208,272,544
LLMBar,22,0.4,ppi_tuned,50cec512cd1553d528957289a47c8da7ffcee7a31e0ba2a3b90b11c3eb2d0a8c,168,104,168,544,104,208,272,544
LLMBar,22,0.4,raw_proxy,50cec512cd1553d528957289a47c8da7ffcee7a31e0ba2a3b90b11c3eb2d0a8c,168,104,0,208,104,208,104,208
LLMBar,22,0.6,audit_residual,28db26e7a38566afd1775d5b7fdc9d58101b4458145dc80abb29f93b49d77363,251,104,251,710,104,208,355,710
LLMBar,22,0.6,human_only,28db26e7a38566afd1775d5b7fdc9d58101b4458145dc80abb29f93b49d77363,251,104,251,502,104,208,355,710
LLMBar,22,0.6,ppi,28db26e7a38566afd1775d5b7fdc9d58101b4458145dc80abb29f93b49d77363,251,104,251,710,104,208,355,710
LLMBar,22,0.6,ppi_signed,28db26e7a38566afd1775d5b7fdc9d58101b4458145dc80abb29f93b49d77363,251,104,251,710,104,208,355,710
LLMBar,22,0.6,ppi_tuned,28db26e7a38566afd1775d5b7fdc9d58101b4458145dc80abb29f93b49d77363,251,104,251,710,104,208,355,710
LLMBar,22,0.6,raw_proxy,28db26e7a38566afd1775d5b7fdc9d58101b4458145dc80abb29f93b49d77363,251,104,0,208,104,208,104,208
LLMBar,23,0.2,audit_residual,3fb8a62c9f81f0947ea131ff693c48601e1de1f0cfecba728d9e0db6de1d6272,83,105,83,376,105,210,188,376
LLMBar,23,0.2,human_only,3fb8a62c9f81f0947ea131ff693c48601e1de1f0cfecba728d9e0db6de1d6272,83,105,83,166,105,210,188,376
LLMBar,23,0.2,ppi,3fb8a62c9f81f0947ea131ff693c48601e1de1f0cfecba728d9e0db6de1d6272,83,105,83,376,105,210,188,376
LLMBar,23,0.2,ppi_signed,3fb8a62c9f81f0947ea131ff693c48601e1de1f0cfecba728d9e0db6de1d6272,83,105,83,376,105,210,188,376
LLMBar,23,0.2,ppi_tuned,3fb8a62c9f81f0947ea131ff693c48601e1de1f0cfecba728d9e0db6de1d6272,83,105,83,376,105,210,188,376
LLMBar,23,0.2,raw_proxy,3fb8a62c9f81f0947ea131ff693c48601e1de1f0cfecba728d9e0db6de1d6272,83,105,0,210,105,210,105,210
LLMBar,23,0.4,audit_residual,70d894988e83cf26209ef6d7db76cc630a561d25fd848c6d51ef34a27f58e88a,167,105,167,544,105,210,272,544
LLMBar,23,0.4,human_only,70d894988e83cf26209ef6d7db76cc630a561d25fd848c6d51ef34a27f58e88a,167,105,167,334,105,210,272,544
LLMBar,23,0.4,ppi,70d894988e83cf26209ef6d7db76cc630a561d25fd848c6d51ef34a27f58e88a,167,105,167,544,105,210,272,544
LLMBar,23,0.4,ppi_signed,70d894988e83cf26209ef6d7db76cc630a561d25fd848c6d51ef34a27f58e88a,167,105,167,544,105,210,272,544
LLMBar,23,0.4,ppi_tuned,70d894988e83cf26209ef6d7db76cc630a561d25fd848c6d51ef34a27f58e88a,167,105,167,544,105,210,272,544
LLMBar,23,0.4,raw_proxy,70d894988e83cf26209ef6d7db76cc630a561d25fd848c6d51ef34a27f58e88a,167,105,0,210,105,210,105,210
LLMBar,23,0.6,audit_residual,376842b68d7a919a77b1c96af7feb4147e82e96fb1405f935d35aa714ce68309,250,105,250,710,105,210,355,710
LLMBar,23,0.6,human_only,376842b68d7a919a77b1c96af7feb4147e82e96fb1405f935d35aa714ce68309,250,105,250,500,105,210,355,710
LLMBar,23,0.6,ppi,376842b68d7a919a77b1c96af7feb4147e82e96fb1405f935d35aa714ce68309,250,105,250,710,105,210,355,710
LLMBar,23,0.6,ppi_signed,376842b68d7a919a77b1c96af7feb4147e82e96fb1405f935d35aa714ce68309,250,105,250,710,105,210,355,710
LLMBar,23,0.6,ppi_tuned,376842b68d7a919a77b1c96af7feb4147e82e96fb1405f935d35aa714ce68309,250,105,250,710,105,210,355,710
LLMBar,23,0.6,raw_proxy,376842b68d7a919a77b1c96af7feb4147e82e96fb1405f935d35aa714ce68309,250,105,0,210,105,210,105,210
LLMBar,24,0.2,audit_residual,f98f458a22d0fb41755705b03e9b68f88bfe8bf07fe676fac176f98f760161d0,83,105,83,376,105,210,188,376
LLMBar,24,0.2,human_only,f98f458a22d0fb41755705b03e9b68f88bfe8bf07fe676fac176f98f760161d0,83,105,83,166,105,210,188,376
LLMBar,24,0.2,ppi,f98f458a22d0fb41755705b03e9b68f88bfe8bf07fe676fac176f98f760161d0,83,105,83,376,105,210,188,376
LLMBar,24,0.2,ppi_signed,f98f458a22d0fb41755705b03e9b68f88bfe8bf07fe676fac176f98f760161d0,83,105,83,376,105,210,188,376
LLMBar,24,0.2,ppi_tuned,f98f458a22d0fb41755705b03e9b68f88bfe8bf07fe676fac176f98f760161d0,83,105,83,376,105,210,188,376
LLMBar,24,0.2,raw_proxy,f98f458a22d0fb41755705b03e9b68f88bfe8bf07fe676fac176f98f760161d0,83,105,0,210,105,210,105,210
LLMBar,24,0.4,audit_residual,bebb4b40cd3585f76620600d85fbf123d98b9f28e2ce1772d71a2d2af4382210,167,105,167,544,105,210,272,544
LLMBar,24,0.4,human_only,bebb4b40cd3585f76620600d85fbf123d98b9f28e2ce1772d71a2d2af4382210,167,105,167,334,105,210,272,544
LLMBar,24,0.4,ppi,bebb4b40cd3585f76620600d85fbf123d98b9f28e2ce1772d71a2d2af4382210,167,105,167,544,105,210,272,544
LLMBar,24,0.4,ppi_signed,bebb4b40cd3585f76620600d85fbf123d98b9f28e2ce1772d71a2d2af4382210,167,105,167,544,105,210,272,544
LLMBar,24,0.4,ppi_tuned,bebb4b40cd3585f76620600d85fbf123d98b9f28e2ce1772d71a2d2af4382210,167,105,167,544,105,210,272,544
LLMBar,24,0.4,raw_proxy,bebb4b40cd3585f76620600d85fbf123d98b9f28e2ce1772d71a2d2af4382210,167,105,0,210,105,210,105,210
LLMBar,24,0.6,audit_residual,4143c5562a59f08b402540b36b1fdd85297ccab4f1403a0aea7535fa46bfd406,250,105,250,710,105,210,355,710
LLMBar,24,0.6,human_only,4143c5562a59f08b402540b36b1fdd85297ccab4f1403a0aea7535fa46bfd406,250,105,250,500,105,210,355,710
LLMBar,24,0.6,ppi,4143c5562a59f08b402540b36b1fdd85297ccab4f1403a0aea7535fa46bfd406,250,105,250,710,105,210,355,710
LLMBar,24,0.6,ppi_signed,4143c5562a59f08b402540b36b1fdd85297ccab4f1403a0aea7535fa46bfd406,250,105,250,710,105,210,355,710
LLMBar,24,0.6,ppi_tuned,4143c5562a59f08b402540b36b1fdd85297ccab4f1403a0aea7535fa46bfd406,250,105,250,710,105,210,355,710
LLMBar,24,0.6,raw_proxy,4143c5562a59f08b402540b36b1fdd85297ccab4f1403a0aea7535fa46bfd406,250,105,0,210,105,210,105,210
LLMBar,25,0.2,audit_residual,1d9534c1eaa506696badbd60c6d60b8ba6c4aaf88edbf3caab307b0daa16060f,83,104,83,374,104,208,187,374
LLMBar,25,0.2,human_only,1d9534c1eaa506696badbd60c6d60b8ba6c4aaf88edbf3caab307b0daa16060f,83,104,83,166,104,208,187,374
LLMBar,25,0.2,ppi,1d9534c1eaa506696badbd60c6d60b8ba6c4aaf88edbf3caab307b0daa16060f,83,104,83,374,104,208,187,374
LLMBar,25,0.2,ppi_signed,1d9534c1eaa506696badbd60c6d60b8ba6c4aaf88edbf3caab307b0daa16060f,83,104,83,374,104,208,187,374
LLMBar,25,0.2,ppi_tuned,1d9534c1eaa506696badbd60c6d60b8ba6c4aaf88edbf3caab307b0daa16060f,83,104,83,374,104,208,187,374
LLMBar,25,0.2,raw_proxy,1d9534c1eaa506696badbd60c6d60b8ba6c4aaf88edbf3caab307b0daa16060f,83,104,0,208,104,208,104,208
LLMBar,25,0.4,audit_residual,f84752a4312c8c3230b5f5b1f7be126e096afaad883a5fb78e9e7949e8cbf28d,167,104,167,542,104,208,271,542
LLMBar,25,0.4,human_only,f84752a4312c8c3230b5f5b1f7be126e096afaad883a5fb78e9e7949e8cbf28d,167,104,167,334,104,208,271,542
LLMBar,25,0.4,ppi,f84752a4312c8c3230b5f5b1f7be126e096afaad883a5fb78e9e7949e8cbf28d,167,104,167,542,104,208,271,542
LLMBar,25,0.4,ppi_signed,f84752a4312c8c3230b5f5b1f7be126e096afaad883a5fb78e9e7949e8cbf28d,167,104,167,542,104,208,271,542
LLMBar,25,0.4,ppi_tuned,f84752a4312c8c3230b5f5b1f7be126e096afaad883a5fb78e9e7949e8cbf28d,167,104,167,542,104,208,271,542
LLMBar,25,0.4,raw_proxy,f84752a4312c8c3230b5f5b1f7be126e096afaad883a5fb78e9e7949e8cbf28d,167,104,0,208,104,208,104,208
LLMBar,25,0.6,audit_residual,4c57c7dd4d9abc30bbd7ce5d3f1ecc7a43bfb557c3b5ca4385d1e83a4f051f72,251,104,251,710,104,208,355,710
LLMBar,25,0.6,human_only,4c57c7dd4d9abc30bbd7ce5d3f1ecc7a43bfb557c3b5ca4385d1e83a4f051f72,251,104,251,502,104,208,355,710
LLMBar,25,0.6,ppi,4c57c7dd4d9abc30bbd7ce5d3f1ecc7a43bfb557c3b5ca4385d1e83a4f051f72,251,104,251,710,104,208,355,710
LLMBar,25,0.6,ppi_signed,4c57c7dd4d9abc30bbd7ce5d3f1ecc7a43bfb557c3b5ca4385d1e83a4f051f72,251,104,251,710,104,208,355,710
LLMBar,25,0.6,ppi_tuned,4c57c7dd4d9abc30bbd7ce5d3f1ecc7a43bfb557c3b5ca4385d1e83a4f051f72,251,104,251,710,104,208,355,710
LLMBar,25,0.6,raw_proxy,4c57c7dd4d9abc30bbd7ce5d3f1ecc7a43bfb557c3b5ca4385d1e83a4f051f72,251,104,0,208,104,208,104,208
LLMBar,26,0.2,audit_residual,1dacbcdf0decd6240ec33cdc8bb055ecf6f1ae2576e54081d76854f2c3a2b103,83,104,83,374,104,208,187,374
LLMBar,26,0.2,human_only,1dacbcdf0decd6240ec33cdc8bb055ecf6f1ae2576e54081d76854f2c3a2b103,83,104,83,166,104,208,187,374
LLMBar,26,0.2,ppi,1dacbcdf0decd6240ec33cdc8bb055ecf6f1ae2576e54081d76854f2c3a2b103,83,104,83,374,104,208,187,374
LLMBar,26,0.2,ppi_signed,1dacbcdf0decd6240ec33cdc8bb055ecf6f1ae2576e54081d76854f2c3a2b103,83,104,83,374,104,208,187,374
LLMBar,26,0.2,ppi_tuned,1dacbcdf0decd6240ec33cdc8bb055ecf6f1ae2576e54081d76854f2c3a2b103,83,104,83,374,104,208,187,374
LLMBar,26,0.2,raw_proxy,1dacbcdf0decd6240ec33cdc8bb055ecf6f1ae2576e54081d76854f2c3a2b103,83,104,0,208,104,208,104,208
LLMBar,26,0.4,audit_residual,a0d09c6934e1eca0d6f889b2db23aa07fd5ee85e064d49cb83d4021b9efc80c9,167,104,167,542,104,208,271,542
LLMBar,26,0.4,human_only,a0d09c6934e1eca0d6f889b2db23aa07fd5ee85e064d49cb83d4021b9efc80c9,167,104,167,334,104,208,271,542
LLMBar,26,0.4,ppi,a0d09c6934e1eca0d6f889b2db23aa07fd5ee85e064d49cb83d4021b9efc80c9,167,104,167,542,104,208,271,542
LLMBar,26,0.4,ppi_signed,a0d09c6934e1eca0d6f889b2db23aa07fd5ee85e064d49cb83d4021b9efc80c9,167,104,167,542,104,208,271,542
LLMBar,26,0.4,ppi_tuned,a0d09c6934e1eca0d6f889b2db23aa07fd5ee85e064d49cb83d4021b9efc80c9,167,104,167,542,104,208,271,542
LLMBar,26,0.4,raw_proxy,a0d09c6934e1eca0d6f889b2db23aa07fd5ee85e064d49cb83d4021b9efc80c9,167,104,0,208,104,208,104,208
LLMBar,26,0.6,audit_residual,27889578fde8755684d92c5b30fcbbeaac455cd0286fed1c0c0af616fbf502f9,251,104,251,710,104,208,355,710
LLMBar,26,0.6,human_only,27889578fde8755684d92c5b30fcbbeaac455cd0286fed1c0c0af616fbf502f9,251,104,251,502,104,208,355,710
LLMBar,26,0.6,ppi,27889578fde8755684d92c5b30fcbbeaac455cd0286fed1c0c0af616fbf502f9,251,104,251,710,104,208,355,710
LLMBar,26,0.6,ppi_signed,27889578fde8755684d92c5b30fcbbeaac455cd0286fed1c0c0af616fbf502f9,251,104,251,710,104,208,355,710
LLMBar,26,0.6,ppi_tuned,27889578fde8755684d92c5b30fcbbeaac455cd0286fed1c0c0af616fbf502f9,251,104,251,710,104,208,355,710
LLMBar,26,0.6,raw_proxy,27889578fde8755684d92c5b30fcbbeaac455cd0286fed1c0c0af616fbf502f9,251,104,0,208,104,208,104,208
LLMBar,27,0.2,audit_residual,8e408a102ce868ae6dd4600dfa21a16b2950b3c3f7141d18cd94ce25664b76f4,83,105,83,376,105,210,188,376
LLMBar,27,0.2,human_only,8e408a102ce868ae6dd4600dfa21a16b2950b3c3f7141d18cd94ce25664b76f4,83,105,83,166,105,210,188,376
LLMBar,27,0.2,ppi,8e408a102ce868ae6dd4600dfa21a16b2950b3c3f7141d18cd94ce25664b76f4,83,105,83,376,105,210,188,376
LLMBar,27,0.2,ppi_signed,8e408a102ce868ae6dd4600dfa21a16b2950b3c3f7141d18cd94ce25664b76f4,83,105,83,376,105,210,188,376
LLMBar,27,0.2,ppi_tuned,8e408a102ce868ae6dd4600dfa21a16b2950b3c3f7141d18cd94ce25664b76f4,83,105,83,376,105,210,188,376
LLMBar,27,0.2,raw_proxy,8e408a102ce868ae6dd4600dfa21a16b2950b3c3f7141d18cd94ce25664b76f4,83,105,0,210,105,210,105,210
LLMBar,27,0.4,audit_residual,bbe583b92d1dbd5a1bfad4bddc24aaf3ccfe01f5564bfd4186818510232bd475,167,105,167,544,105,210,272,544
LLMBar,27,0.4,human_only,bbe583b92d1dbd5a1bfad4bddc24aaf3ccfe01f5564bfd4186818510232bd475,167,105,167,334,105,210,272,544
LLMBar,27,0.4,ppi,bbe583b92d1dbd5a1bfad4bddc24aaf3ccfe01f5564bfd4186818510232bd475,167,105,167,544,105,210,272,544
LLMBar,27,0.4,ppi_signed,bbe583b92d1dbd5a1bfad4bddc24aaf3ccfe01f5564bfd4186818510232bd475,167,105,167,544,105,210,272,544
LLMBar,27,0.4,ppi_tuned,bbe583b92d1dbd5a1bfad4bddc24aaf3ccfe01f5564bfd4186818510232bd475,167,105,167,544,105,210,272,544
LLMBar,27,0.4,raw_proxy,bbe583b92d1dbd5a1bfad4bddc24aaf3ccfe01f5564bfd4186818510232bd475,167,105,0,210,105,210,105,210
LLMBar,27,0.6,audit_residual,bdd785b0e0a34169c2f40232b61358e68ed6fb69523740f1671de0aa60d71faf,250,105,250,710,105,210,355,710
LLMBar,27,0.6,human_only,bdd785b0e0a34169c2f40232b61358e68ed6fb69523740f1671de0aa60d71faf,250,105,250,500,105,210,355,710
LLMBar,27,0.6,ppi,bdd785b0e0a34169c2f40232b61358e68ed6fb69523740f1671de0aa60d71faf,250,105,250,710,105,210,355,710
LLMBar,27,0.6,ppi_signed,bdd785b0e0a34169c2f40232b61358e68ed6fb69523740f1671de0aa60d71faf,250,105,250,710,105,210,355,710
LLMBar,27,0.6,ppi_tuned,bdd785b0e0a34169c2f40232b61358e68ed6fb69523740f1671de0aa60d71faf,250,105,250,710,105,210,355,710
LLMBar,27,0.6,raw_proxy,bdd785b0e0a34169c2f40232b61358e68ed6fb69523740f1671de0aa60d71faf,250,105,0,210,105,210,105,210
LLMBar,28,0.2,audit_residual,d809a1ed4e3a44077dcff7f89217ba2905c4b8d71f0cd84de6d0f1a3bc6e27e6,83,105,83,376,105,210,188,376
LLMBar,28,0.2,human_only,d809a1ed4e3a44077dcff7f89217ba2905c4b8d71f0cd84de6d0f1a3bc6e27e6,83,105,83,166,105,210,188,376
LLMBar,28,0.2,ppi,d809a1ed4e3a44077dcff7f89217ba2905c4b8d71f0cd84de6d0f1a3bc6e27e6,83,105,83,376,105,210,188,376
LLMBar,28,0.2,ppi_signed,d809a1ed4e3a44077dcff7f89217ba2905c4b8d71f0cd84de6d0f1a3bc6e27e6,83,105,83,376,105,210,188,376
LLMBar,28,0.2,ppi_tuned,d809a1ed4e3a44077dcff7f89217ba2905c4b8d71f0cd84de6d0f1a3bc6e27e6,83,105,83,376,105,210,188,376
LLMBar,28,0.2,raw_proxy,d809a1ed4e3a44077dcff7f89217ba2905c4b8d71f0cd84de6d0f1a3bc6e27e6,83,105,0,210,105,210,105,210
LLMBar,28,0.4,audit_residual,6090b5c4459f5530d43563ddd4eac0c6de28f531ed7d323650e2ce5cf5cc6b8b,167,105,167,544,105,210,272,544
LLMBar,28,0.4,human_only,6090b5c4459f5530d43563ddd4eac0c6de28f531ed7d323650e2ce5cf5cc6b8b,167,105,167,334,105,210,272,544
LLMBar,28,0.4,ppi,6090b5c4459f5530d43563ddd4eac0c6de28f531ed7d323650e2ce5cf5cc6b8b,167,105,167,544,105,210,272,544
LLMBar,28,0.4,ppi_signed,6090b5c4459f5530d43563ddd4eac0c6de28f531ed7d323650e2ce5cf5cc6b8b,167,105,167,544,105,210,272,544
LLMBar,28,0.4,ppi_tuned,6090b5c4459f5530d43563ddd4eac0c6de28f531ed7d323650e2ce5cf5cc6b8b,167,105,167,544,105,210,272,544
LLMBar,28,0.4,raw_proxy,6090b5c4459f5530d43563ddd4eac0c6de28f531ed7d323650e2ce5cf5cc6b8b,167,105,0,210,105,210,105,210
LLMBar,28,0.6,audit_residual,bf1658623168ee497696eee62866e852b592f5fe1a740b7b988b9661f9ada501,250,105,250,710,105,210,355,710
LLMBar,28,0.6,human_only,bf1658623168ee497696eee62866e852b592f5fe1a740b7b988b9661f9ada501,250,105,250,500,105,210,355,710
LLMBar,28,0.6,ppi,bf1658623168ee497696eee62866e852b592f5fe1a740b7b988b9661f9ada501,250,105,250,710,105,210,355,710
LLMBar,28,0.6,ppi_signed,bf1658623168ee497696eee62866e852b592f5fe1a740b7b988b9661f9ada501,250,105,250,710,105,210,355,710
LLMBar,28,0.6,ppi_tuned,bf1658623168ee497696eee62866e852b592f5fe1a740b7b988b9661f9ada501,250,105,250,710,105,210,355,710
LLMBar,28,0.6,raw_proxy,bf1658623168ee497696eee62866e852b592f5fe1a740b7b988b9661f9ada501,250,105,0,210,105,210,105,210
LLMBar,29,0.2,audit_residual,b5099336ef6afb9b86b77ae8b97f0b30a5e9ddc805be3ce251446af125204856,83,104,83,374,104,208,187,374
LLMBar,29,0.2,human_only,b5099336ef6afb9b86b77ae8b97f0b30a5e9ddc805be3ce251446af125204856,83,104,83,166,104,208,187,374
LLMBar,29,0.2,ppi,b5099336ef6afb9b86b77ae8b97f0b30a5e9ddc805be3ce251446af125204856,83,104,83,374,104,208,187,374
LLMBar,29,0.2,ppi_signed,b5099336ef6afb9b86b77ae8b97f0b30a5e9ddc805be3ce251446af125204856,83,104,83,374,104,208,187,374
LLMBar,29,0.2,ppi_tuned,b5099336ef6afb9b86b77ae8b97f0b30a5e9ddc805be3ce251446af125204856,83,104,83,374,104,208,187,374
LLMBar,29,0.2,raw_proxy,b5099336ef6afb9b86b77ae8b97f0b30a5e9ddc805be3ce251446af125204856,83,104,0,208,104,208,104,208
LLMBar,29,0.4,audit_residual,9059263d78399213083fcecfd8f4f6cdc55ddf3a898ea3d569519c7bf355a743,167,104,167,542,104,208,271,542
LLMBar,29,0.4,human_only,9059263d78399213083fcecfd8f4f6cdc55ddf3a898ea3d569519c7bf355a743,167,104,167,334,104,208,271,542
LLMBar,29,0.4,ppi,9059263d78399213083fcecfd8f4f6cdc55ddf3a898ea3d569519c7bf355a743,167,104,167,542,104,208,271,542
LLMBar,29,0.4,ppi_signed,9059263d78399213083fcecfd8f4f6cdc55ddf3a898ea3d569519c7bf355a743,167,104,167,542,104,208,271,542
LLMBar,29,0.4,ppi_tuned,9059263d78399213083fcecfd8f4f6cdc55ddf3a898ea3d569519c7bf355a743,167,104,167,542,104,208,271,542
LLMBar,29,0.4,raw_proxy,9059263d78399213083fcecfd8f4f6cdc55ddf3a898ea3d569519c7bf355a743,167,104,0,208,104,208,104,208
LLMBar,29,0.6,audit_residual,7a683b2dfba209f7635b4bd53c7e125ce546b76737f3a8585274078431e60985,251,104,251,710,104,208,355,710
LLMBar,29,0.6,human_only,7a683b2dfba209f7635b4bd53c7e125ce546b76737f3a8585274078431e60985,251,104,251,502,104,208,355,710
LLMBar,29,0.6,ppi,7a683b2dfba209f7635b4bd53c7e125ce546b76737f3a8585274078431e60985,251,104,251,710,104,208,355,710
LLMBar,29,0.6,ppi_signed,7a683b2dfba209f7635b4bd53c7e125ce546b76737f3a8585274078431e60985,251,104,251,710,104,208,355,710
LLMBar,29,0.6,ppi_tuned,7a683b2dfba209f7635b4bd53c7e125ce546b76737f3a8585274078431e60985,251,104,251,710,104,208,355,710
LLMBar,29,0.6,raw_proxy,7a683b2dfba209f7635b4bd53c7e125ce546b76737f3a8585274078431e60985,251,104,0,208,104,208,104,208
NonLLMBar,0,0.2,audit_residual,f51fa70a741b1587758238e4c3e997a7f048328ed4ef4498ef499a2d5ee2481a,505,633,505,2276,633,1266,1138,2276
NonLLMBar,0,0.2,human_only,f51fa70a741b1587758238e4c3e997a7f048328ed4ef4498ef499a2d5ee2481a,505,633,505,1010,633,1266,1138,2276
NonLLMBar,0,0.2,ppi,f51fa70a741b1587758238e4c3e997a7f048328ed4ef4498ef499a2d5ee2481a,505,633,505,2276,633,1266,1138,2276
NonLLMBar,0,0.2,ppi_signed,f51fa70a741b1587758238e4c3e997a7f048328ed4ef4498ef499a2d5ee2481a,505,633,505,2276,633,1266,1138,2276
NonLLMBar,0,0.2,ppi_tuned,f51fa70a741b1587758238e4c3e997a7f048328ed4ef4498ef499a2d5ee2481a,505,633,505,2276,633,1266,1138,2276
NonLLMBar,0,0.2,raw_proxy,f51fa70a741b1587758238e4c3e997a7f048328ed4ef4498ef499a2d5ee2481a,505,633,0,1266,633,1266,633,1266
NonLLMBar,0,0.4,audit_residual,adacf267c6083de150875532855b8717a024b8564a6437ad372401cb2d31d6a1,1021,633,1021,3308,633,1266,1654,3308
NonLLMBar,0,0.4,human_only,adacf267c6083de150875532855b8717a024b8564a6437ad372401cb2d31d6a1,1021,633,1021,2042,633,1266,1654,3308
NonLLMBar,0,0.4,ppi,adacf267c6083de150875532855b8717a024b8564a6437ad372401cb2d31d6a1,1021,633,1021,3308,633,1266,1654,3308
NonLLMBar,0,0.4,ppi_signed,adacf267c6083de150875532855b8717a024b8564a6437ad372401cb2d31d6a1,1021,633,1021,3308,633,1266,1654,3308
NonLLMBar,0,0.4,ppi_tuned,adacf267c6083de150875532855b8717a024b8564a6437ad372401cb2d31d6a1,1021,633,1021,3308,633,1266,1654,3308
NonLLMBar,0,0.4,raw_proxy,adacf267c6083de150875532855b8717a024b8564a6437ad372401cb2d31d6a1,1021,633,0,1266,633,1266,633,1266
NonLLMBar,0,0.6,audit_residual,1ffc09775d85958c787867bb7acf649b7d857888b55688a5e586cd6b0673615d,1547,633,1547,4360,633,1266,2180,4360
NonLLMBar,0,0.6,human_only,1ffc09775d85958c787867bb7acf649b7d857888b55688a5e586cd6b0673615d,1547,633,1547,3094,633,1266,2180,4360
NonLLMBar,0,0.6,ppi,1ffc09775d85958c787867bb7acf649b7d857888b55688a5e586cd6b0673615d,1547,633,1547,4360,633,1266,2180,4360
NonLLMBar,0,0.6,ppi_signed,1ffc09775d85958c787867bb7acf649b7d857888b55688a5e586cd6b0673615d,1547,633,1547,4360,633,1266,2180,4360
NonLLMBar,0,0.6,ppi_tuned,1ffc09775d85958c787867bb7acf649b7d857888b55688a5e586cd6b0673615d,1547,633,1547,4360,633,1266,2180,4360
NonLLMBar,0,0.6,raw_proxy,1ffc09775d85958c787867bb7acf649b7d857888b55688a5e586cd6b0673615d,1547,633,0,1266,633,1266,633,1266
NonLLMBar,1,0.2,audit_residual,e87e6b79d59e72bcf9b27973509bf43e7abcaf88e8ebc0aeb1d8b1fe9a88ff02,520,641,520,2322,641,1282,1161,2322
NonLLMBar,1,0.2,human_only,e87e6b79d59e72bcf9b27973509bf43e7abcaf88e8ebc0aeb1d8b1fe9a88ff02,520,641,520,1040,641,1282,1161,2322
NonLLMBar,1,0.2,ppi,e87e6b79d59e72bcf9b27973509bf43e7abcaf88e8ebc0aeb1d8b1fe9a88ff02,520,641,520,2322,641,1282,1161,2322
NonLLMBar,1,0.2,ppi_signed,e87e6b79d59e72bcf9b27973509bf43e7abcaf88e8ebc0aeb1d8b1fe9a88ff02,520,641,520,2322,641,1282,1161,2322
NonLLMBar,1,0.2,ppi_tuned,e87e6b79d59e72bcf9b27973509bf43e7abcaf88e8ebc0aeb1d8b1fe9a88ff02,520,641,520,2322,641,1282,1161,2322
NonLLMBar,1,0.2,raw_proxy,e87e6b79d59e72bcf9b27973509bf43e7abcaf88e8ebc0aeb1d8b1fe9a88ff02,520,641,0,1282,641,1282,641,1282
NonLLMBar,1,0.4,audit_residual,aaf343286c3cd910c6e9aef7e9b2bc986d774828e1d6b7d60a49def2e648c0cf,1025,641,1025,3332,641,1282,1666,3332
NonLLMBar,1,0.4,human_only,aaf343286c3cd910c6e9aef7e9b2bc986d774828e1d6b7d60a49def2e648c0cf,1025,641,1025,2050,641,1282,1666,3332
NonLLMBar,1,0.4,ppi,aaf343286c3cd910c6e9aef7e9b2bc986d774828e1d6b7d60a49def2e648c0cf,1025,641,1025,3332,641,1282,1666,3332
NonLLMBar,1,0.4,ppi_signed,aaf343286c3cd910c6e9aef7e9b2bc986d774828e1d6b7d60a49def2e648c0cf,1025,641,1025,3332,641,1282,1666,3332
NonLLMBar,1,0.4,ppi_tuned,aaf343286c3cd910c6e9aef7e9b2bc986d774828e1d6b7d60a49def2e648c0cf,1025,641,1025,3332,641,1282,1666,3332
NonLLMBar,1,0.4,raw_proxy,aaf343286c3cd910c6e9aef7e9b2bc986d774828e1d6b7d60a49def2e648c0cf,1025,641,0,1282,641,1282,641,1282
NonLLMBar,1,0.6,audit_residual,8685437941c8a765514bdc96380f118e4c47823fabee43e34313766197ba18d1,1540,641,1540,4362,641,1282,2181,4362
NonLLMBar,1,0.6,human_only,8685437941c8a765514bdc96380f118e4c47823fabee43e34313766197ba18d1,1540,641,1540,3080,641,1282,2181,4362
NonLLMBar,1,0.6,ppi,8685437941c8a765514bdc96380f118e4c47823fabee43e34313766197ba18d1,1540,641,1540,4362,641,1282,2181,4362
NonLLMBar,1,0.6,ppi_signed,8685437941c8a765514bdc96380f118e4c47823fabee43e34313766197ba18d1,1540,641,1540,4362,641,1282,2181,4362
NonLLMBar,1,0.6,ppi_tuned,8685437941c8a765514bdc96380f118e4c47823fabee43e34313766197ba18d1,1540,641,1540,4362,641,1282,2181,4362
NonLLMBar,1,0.6,raw_proxy,8685437941c8a765514bdc96380f118e4c47823fabee43e34313766197ba18d1,1540,641,0,1282,641,1282,641,1282
NonLLMBar,2,0.2,audit_residual,c3656a976f1b4a0f02295c352f87b29d8874cc21336af4cf797846ef8aed12fd,512,647,512,2318,647,1294,1159,2318
NonLLMBar,2,0.2,human_only,c3656a976f1b4a0f02295c352f87b29d8874cc21336af4cf797846ef8aed12fd,512,647,512,1024,647,1294,1159,2318
NonLLMBar,2,0.2,ppi,c3656a976f1b4a0f02295c352f87b29d8874cc21336af4cf797846ef8aed12fd,512,647,512,2318,647,1294,1159,2318
NonLLMBar,2,0.2,ppi_signed,c3656a976f1b4a0f02295c352f87b29d8874cc21336af4cf797846ef8aed12fd,512,647,512,2318,647,1294,1159,2318
NonLLMBar,2,0.2,ppi_tuned,c3656a976f1b4a0f02295c352f87b29d8874cc21336af4cf797846ef8aed12fd,512,647,512,2318,647,1294,1159,2318
NonLLMBar,2,0.2,raw_proxy,c3656a976f1b4a0f02295c352f87b29d8874cc21336af4cf797846ef8aed12fd,512,647,0,1294,647,1294,647,1294
NonLLMBar,2,0.4,audit_residual,3d371c146401786b9c450fb54eb814638f381bd3b628f5859136beb751e3cac6,1023,647,1023,3340,647,1294,1670,3340
NonLLMBar,2,0.4,human_only,3d371c146401786b9c450fb54eb814638f381bd3b628f5859136beb751e3cac6,1023,647,1023,2046,647,1294,1670,3340
NonLLMBar,2,0.4,ppi,3d371c146401786b9c450fb54eb814638f381bd3b628f5859136beb751e3cac6,1023,647,1023,3340,647,1294,1670,3340
NonLLMBar,2,0.4,ppi_signed,3d371c146401786b9c450fb54eb814638f381bd3b628f5859136beb751e3cac6,1023,647,1023,3340,647,1294,1670,3340
NonLLMBar,2,0.4,ppi_tuned,3d371c146401786b9c450fb54eb814638f381bd3b628f5859136beb751e3cac6,1023,647,1023,3340,647,1294,1670,3340
NonLLMBar,2,0.4,raw_proxy,3d371c146401786b9c450fb54eb814638f381bd3b628f5859136beb751e3cac6,1023,647,0,1294,647,1294,647,1294
NonLLMBar,2,0.6,audit_residual,8585526bb4c5a72037fa76023ec7fd6f3ec9cab3042e3c98608a9f298b5b1052,1530,647,1530,4354,647,1294,2177,4354
NonLLMBar,2,0.6,human_only,8585526bb4c5a72037fa76023ec7fd6f3ec9cab3042e3c98608a9f298b5b1052,1530,647,1530,3060,647,1294,2177,4354
NonLLMBar,2,0.6,ppi,8585526bb4c5a72037fa76023ec7fd6f3ec9cab3042e3c98608a9f298b5b1052,1530,647,1530,4354,647,1294,2177,4354
NonLLMBar,2,0.6,ppi_signed,8585526bb4c5a72037fa76023ec7fd6f3ec9cab3042e3c98608a9f298b5b1052,1530,647,1530,4354,647,1294,2177,4354
NonLLMBar,2,0.6,ppi_tuned,8585526bb4c5a72037fa76023ec7fd6f3ec9cab3042e3c98608a9f298b5b1052,1530,647,1530,4354,647,1294,2177,4354
NonLLMBar,2,0.6,raw_proxy,8585526bb4c5a72037fa76023ec7fd6f3ec9cab3042e3c98608a9f298b5b1052,1530,647,0,1294,647,1294,647,1294
NonLLMBar,3,0.2,audit_residual,31fcd8791f78ae6f279d5bc24a6b95902ba5b3d78e9885deafe0559c79615cd3,511,648,511,2318,648,1296,1159,2318
NonLLMBar,3,0.2,human_only,31fcd8791f78ae6f279d5bc24a6b95902ba5b3d78e9885deafe0559c79615cd3,511,648,511,1022,648,1296,1159,2318
NonLLMBar,3,0.2,ppi,31fcd8791f78ae6f279d5bc24a6b95902ba5b3d78e9885deafe0559c79615cd3,511,648,511,2318,648,1296,1159,2318
NonLLMBar,3,0.2,ppi_signed,31fcd8791f78ae6f279d5bc24a6b95902ba5b3d78e9885deafe0559c79615cd3,511,648,511,2318,648,1296,1159,2318
NonLLMBar,3,0.2,ppi_tuned,31fcd8791f78ae6f279d5bc24a6b95902ba5b3d78e9885deafe0559c79615cd3,511,648,511,2318,648,1296,1159,2318
NonLLMBar,3,0.2,raw_proxy,31fcd8791f78ae6f279d5bc24a6b95902ba5b3d78e9885deafe0559c79615cd3,511,648,0,1296,648,1296,648,1296
NonLLMBar,3,0.4,audit_residual,a3fb7a7360802d92b7e844fa44c3e61309a7e718cd92bb29aa460164ed86df97,1038,648,1038,3372,648,1296,1686,3372
NonLLMBar,3,0.4,human_only,a3fb7a7360802d92b7e844fa44c3e61309a7e718cd92bb29aa460164ed86df97,1038,648,1038,2076,648,1296,1686,3372
NonLLMBar,3,0.4,ppi,a3fb7a7360802d92b7e844fa44c3e61309a7e718cd92bb29aa460164ed86df97,1038,648,1038,3372,648,1296,1686,3372
NonLLMBar,3,0.4,ppi_signed,a3fb7a7360802d92b7e844fa44c3e61309a7e718cd92bb29aa460164ed86df97,1038,648,1038,3372,648,1296,1686,3372
NonLLMBar,3,0.4,ppi_tuned,a3fb7a7360802d92b7e844fa44c3e61309a7e718cd92bb29aa460164ed86df97,1038,648,1038,3372,648,1296,1686,3372
NonLLMBar,3,0.4,raw_proxy,a3fb7a7360802d92b7e844fa44c3e61309a7e718cd92bb29aa460164ed86df97,1038,648,0,1296,648,1296,648,1296
NonLLMBar,3,0.6,audit_residual,40ef0d8dac6682321f9aacc751ad08bd3398a7f2940917e9ebec64d4f7195e4d,1527,648,1527,4350,648,1296,2175,4350
NonLLMBar,3,0.6,human_only,40ef0d8dac6682321f9aacc751ad08bd3398a7f2940917e9ebec64d4f7195e4d,1527,648,1527,3054,648,1296,2175,4350
NonLLMBar,3,0.6,ppi,40ef0d8dac6682321f9aacc751ad08bd3398a7f2940917e9ebec64d4f7195e4d,1527,648,1527,4350,648,1296,2175,4350
NonLLMBar,3,0.6,ppi_signed,40ef0d8dac6682321f9aacc751ad08bd3398a7f2940917e9ebec64d4f7195e4d,1527,648,1527,4350,648,1296,2175,4350
NonLLMBar,3,0.6,ppi_tuned,40ef0d8dac6682321f9aacc751ad08bd3398a7f2940917e9ebec64d4f7195e4d,1527,648,1527,4350,648,1296,2175,4350
NonLLMBar,3,0.6,raw_proxy,40ef0d8dac6682321f9aacc751ad08bd3398a7f2940917e9ebec64d4f7195e4d,1527,648,0,1296,648,1296,648,1296
NonLLMBar,4,0.2,audit_residual,02458bfb85232787fb0e19388aac255235fe97016666928bfbaf191942c54c6d,528,641,528,2338,641,1282,1169,2338
NonLLMBar,4,0.2,human_only,02458bfb85232787fb0e19388aac255235fe97016666928bfbaf191942c54c6d,528,641,528,1056,641,1282,1169,2338
NonLLMBar,4,0.2,ppi,02458bfb85232787fb0e19388aac255235fe97016666928bfbaf191942c54c6d,528,641,528,2338,641,1282,1169,2338
NonLLMBar,4,0.2,ppi_signed,02458bfb85232787fb0e19388aac255235fe97016666928bfbaf191942c54c6d,528,641,528,2338,641,1282,1169,2338
NonLLMBar,4,0.2,ppi_tuned,02458bfb85232787fb0e19388aac255235fe97016666928bfbaf191942c54c6d,528,641,528,2338,641,1282,1169,2338
NonLLMBar,4,0.2,raw_proxy,02458bfb85232787fb0e19388aac255235fe97016666928bfbaf191942c54c6d,528,641,0,1282,641,1282,641,1282
NonLLMBar,4,0.4,audit_residual,15f415975e81ea62e77873ab00d43a27cd3c30bf6c4256a6f45a6256e4f0655b,1040,641,1040,3362,641,1282,1681,3362
NonLLMBar,4,0.4,human_only,15f415975e81ea62e77873ab00d43a27cd3c30bf6c4256a6f45a6256e4f0655b,1040,641,1040,2080,641,1282,1681,3362
NonLLMBar,4,0.4,ppi,15f415975e81ea62e77873ab00d43a27cd3c30bf6c4256a6f45a6256e4f0655b,1040,641,1040,3362,641,1282,1681,3362
NonLLMBar,4,0.4,ppi_signed,15f415975e81ea62e77873ab00d43a27cd3c30bf6c4256a6f45a6256e4f0655b,1040,641,1040,3362,641,1282,1681,3362
NonLLMBar,4,0.4,ppi_tuned,15f415975e81ea62e77873ab00d43a27cd3c30bf6c4256a6f45a6256e4f0655b,1040,641,1040,3362,641,1282,1681,3362
NonLLMBar,4,0.4,raw_proxy,15f415975e81ea62e77873ab00d43a27cd3c30bf6c4256a6f45a6256e4f0655b,1040,641,0,1282,641,1282,641,1282
NonLLMBar,4,0.6,audit_residual,7358dcbbbffcecf7f21c5544cba6dc604adb7a258677e5f37faea1b699e62271,1550,641,1550,4382,641,1282,2191,4382
NonLLMBar,4,0.6,human_only,7358dcbbbffcecf7f21c5544cba6dc604adb7a258677e5f37faea1b699e62271,1550,641,1550,3100,641,1282,2191,4382
NonLLMBar,4,0.6,ppi,7358dcbbbffcecf7f21c5544cba6dc604adb7a258677e5f37faea1b699e62271,1550,641,1550,4382,641,1282,2191,4382
NonLLMBar,4,0.6,ppi_signed,7358dcbbbffcecf7f21c5544cba6dc604adb7a258677e5f37faea1b699e62271,1550,641,1550,4382,641,1282,2191,4382
NonLLMBar,4,0.6,ppi_tuned,7358dcbbbffcecf7f21c5544cba6dc604adb7a258677e5f37faea1b699e62271,1550,641,1550,4382,641,1282,2191,4382
NonLLMBar,4,0.6,raw_proxy,7358dcbbbffcecf7f21c5544cba6dc604adb7a258677e5f37faea1b699e62271,1550,641,0,1282,641,1282,641,1282
NonLLMBar,5,0.2,audit_residual,a529a4e14f5b274f4c22044bf14e78d668c72e78276c71ce44b89bb200a3dd79,508,643,508,2302,643,1286,1151,2302
NonLLMBar,5,0.2,human_only,a529a4e14f5b274f4c22044bf14e78d668c72e78276c71ce44b89bb200a3dd79,508,643,508,1016,643,1286,1151,2302
NonLLMBar,5,0.2,ppi,a529a4e14f5b274f4c22044bf14e78d668c72e78276c71ce44b89bb200a3dd79,508,643,508,2302,643,1286,1151,2302
NonLLMBar,5,0.2,ppi_signed,a529a4e14f5b274f4c22044bf14e78d668c72e78276c71ce44b89bb200a3dd79,508,643,508,2302,643,1286,1151,2302
NonLLMBar,5,0.2,ppi_tuned,a529a4e14f5b274f4c22044bf14e78d668c72e78276c71ce44b89bb200a3dd79,508,643,508,2302,643,1286,1151,2302
NonLLMBar,5,0.2,raw_proxy,a529a4e14f5b274f4c22044bf14e78d668c72e78276c71ce44b89bb200a3dd79,508,643,0,1286,643,1286,643,1286
NonLLMBar,5,0.4,audit_residual,f0bd0dd25dbef56b8b855982dd309ef25e7b11b7c09f699733e4e39e5a262765,1017,643,1017,3320,643,1286,1660,3320
NonLLMBar,5,0.4,human_only,f0bd0dd25dbef56b8b855982dd309ef25e7b11b7c09f699733e4e39e5a262765,1017,643,1017,2034,643,1286,1660,3320
NonLLMBar,5,0.4,ppi,f0bd0dd25dbef56b8b855982dd309ef25e7b11b7c09f699733e4e39e5a262765,1017,643,1017,3320,643,1286,1660,3320
NonLLMBar,5,0.4,ppi_signed,f0bd0dd25dbef56b8b855982dd309ef25e7b11b7c09f699733e4e39e5a262765,1017,643,1017,3320,643,1286,1660,3320
NonLLMBar,5,0.4,ppi_tuned,f0bd0dd25dbef56b8b855982dd309ef25e7b11b7c09f699733e4e39e5a262765,1017,643,1017,3320,643,1286,1660,3320
NonLLMBar,5,0.4,raw_proxy,f0bd0dd25dbef56b8b855982dd309ef25e7b11b7c09f699733e4e39e5a262765,1017,643,0,1286,643,1286,643,1286
NonLLMBar,5,0.6,audit_residual,f294628794dee8dbd4a28d746550d20aec1387848c7b434dc0f3f09da6cdeadb,1522,643,1522,4330,643,1286,2165,4330
NonLLMBar,5,0.6,human_only,f294628794dee8dbd4a28d746550d20aec1387848c7b434dc0f3f09da6cdeadb,1522,643,1522,3044,643,1286,2165,4330
NonLLMBar,5,0.6,ppi,f294628794dee8dbd4a28d746550d20aec1387848c7b434dc0f3f09da6cdeadb,1522,643,1522,4330,643,1286,2165,4330
NonLLMBar,5,0.6,ppi_signed,f294628794dee8dbd4a28d746550d20aec1387848c7b434dc0f3f09da6cdeadb,1522,643,1522,4330,643,1286,2165,4330
NonLLMBar,5,0.6,ppi_tuned,f294628794dee8dbd4a28d746550d20aec1387848c7b434dc0f3f09da6cdeadb,1522,643,1522,4330,643,1286,2165,4330
NonLLMBar,5,0.6,raw_proxy,f294628794dee8dbd4a28d746550d20aec1387848c7b434dc0f3f09da6cdeadb,1522,643,0,1286,643,1286,643,1286
NonLLMBar,6,0.2,audit_residual,20e07be31123929ec3c6c97c594ff9e129203a522f7c8b28afb04a7965778c88,523,647,523,2340,647,1294,1170,2340
NonLLMBar,6,0.2,human_only,20e07be31123929ec3c6c97c594ff9e129203a522f7c8b28afb04a7965778c88,523,647,523,1046,647,1294,1170,2340
NonLLMBar,6,0.2,ppi,20e07be31123929ec3c6c97c594ff9e129203a522f7c8b28afb04a7965778c88,523,647,523,2340,647,1294,1170,2340
NonLLMBar,6,0.2,ppi_signed,20e07be31123929ec3c6c97c594ff9e129203a522f7c8b28afb04a7965778c88,523,647,523,2340,647,1294,1170,2340
NonLLMBar,6,0.2,ppi_tuned,20e07be31123929ec3c6c97c594ff9e129203a522f7c8b28afb04a7965778c88,523,647,523,2340,647,1294,1170,2340
NonLLMBar,6,0.2,raw_proxy,20e07be31123929ec3c6c97c594ff9e129203a522f7c8b28afb04a7965778c88,523,647,0,1294,647,1294,647,1294
NonLLMBar,6,0.4,audit_residual,42426ae0292b522776145f87e7844428dae6f4a76258517219c033df56e697ba,1033,647,1033,3360,647,1294,1680,3360
NonLLMBar,6,0.4,human_only,42426ae0292b522776145f87e7844428dae6f4a76258517219c033df56e697ba,1033,647,1033,2066,647,1294,1680,3360
NonLLMBar,6,0.4,ppi,42426ae0292b522776145f87e7844428dae6f4a76258517219c033df56e697ba,1033,647,1033,3360,647,1294,1680,3360
NonLLMBar,6,0.4,ppi_signed,42426ae0292b522776145f87e7844428dae6f4a76258517219c033df56e697ba,1033,647,1033,3360,647,1294,1680,3360
NonLLMBar,6,0.4,ppi_tuned,42426ae0292b522776145f87e7844428dae6f4a76258517219c033df56e697ba,1033,647,1033,3360,647,1294,1680,3360
NonLLMBar,6,0.4,raw_proxy,42426ae0292b522776145f87e7844428dae6f4a76258517219c033df56e697ba,1033,647,0,1294,647,1294,647,1294
NonLLMBar,6,0.6,audit_residual,f8d3b88f63f3e98dc888872dee4d44436b3a55c0b2dc1f4a6f3de5e329ca5702,1545,647,1545,4384,647,1294,2192,4384
NonLLMBar,6,0.6,human_only,f8d3b88f63f3e98dc888872dee4d44436b3a55c0b2dc1f4a6f3de5e329ca5702,1545,647,1545,3090,647,1294,2192,4384
NonLLMBar,6,0.6,ppi,f8d3b88f63f3e98dc888872dee4d44436b3a55c0b2dc1f4a6f3de5e329ca5702,1545,647,1545,4384,647,1294,2192,4384
NonLLMBar,6,0.6,ppi_signed,f8d3b88f63f3e98dc888872dee4d44436b3a55c0b2dc1f4a6f3de5e329ca5702,1545,647,1545,4384,647,1294,2192,4384
NonLLMBar,6,0.6,ppi_tuned,f8d3b88f63f3e98dc888872dee4d44436b3a55c0b2dc1f4a6f3de5e329ca5702,1545,647,1545,4384,647,1294,2192,4384
NonLLMBar,6,0.6,raw_proxy,f8d3b88f63f3e98dc888872dee4d44436b3a55c0b2dc1f4a6f3de5e329ca5702,1545,647,0,1294,647,1294,647,1294
NonLLMBar,7,0.2,audit_residual,da1c28e568c4b8a200ae11bba34f2e55e762f05480bceec70fadf7698df5fedc,509,632,509,2282,632,1264,1141,2282
NonLLMBar,7,0.2,human_only,da1c28e568c4b8a200ae11bba34f2e55e762f05480bceec70fadf7698df5fedc,509,632,509,1018,632,1264,1141,2282
NonLLMBar,7,0.2,ppi,da1c28e568c4b8a200ae11bba34f2e55e762f05480bceec70fadf7698df5fedc,509,632,509,2282,632,1264,1141,2282
NonLLMBar,7,0.2,ppi_signed,da1c28e568c4b8a200ae11bba34f2e55e762f05480bceec70fadf7698df5fedc,509,632,509,2282,632,1264,1141,2282
NonLLMBar,7,0.2,ppi_tuned,da1c28e568c4b8a200ae11bba34f2e55e762f05480bceec70fadf7698df5fedc,509,632,509,2282,632,1264,1141,2282
NonLLMBar,7,0.2,raw_proxy,da1c28e568c4b8a200ae11bba34f2e55e762f05480bceec70fadf7698df5fedc,509,632,0,1264,632,1264,632,1264
NonLLMBar,7,0.4,audit_residual,f96ccf4c242c3bd045f7308a0d46ead72ec9d7f4a09370ca042418b25bfa72dd,1028,632,1028,3320,632,1264,1660,3320
NonLLMBar,7,0.4,human_only,f96ccf4c242c3bd045f7308a0d46ead72ec9d7f4a09370ca042418b25bfa72dd,1028,632,1028,2056,632,1264,1660,3320
NonLLMBar,7,0.4,ppi,f96ccf4c242c3bd045f7308a0d46ead72ec9d7f4a09370ca042418b25bfa72dd,1028,632,1028,3320,632,1264,1660,3320
NonLLMBar,7,0.4,ppi_signed,f96ccf4c242c3bd045f7308a0d46ead72ec9d7f4a09370ca042418b25bfa72dd,1028,632,1028,3320,632,1264,1660,3320
NonLLMBar,7,0.4,ppi_tuned,f96ccf4c242c3bd045f7308a0d46ead72ec9d7f4a09370ca042418b25bfa72dd,1028,632,1028,3320,632,1264,1660,3320
NonLLMBar,7,0.4,raw_proxy,f96ccf4c242c3bd045f7308a0d46ead72ec9d7f4a09370ca042418b25bfa72dd,1028,632,0,1264,632,1264,632,1264
NonLLMBar,7,0.6,audit_residual,09a04d5dd775909b26b4a735de058d6930ed6e05ca3caf87c884a07fa908e298,1551,632,1551,4366,632,1264,2183,4366
NonLLMBar,7,0.6,human_only,09a04d5dd775909b26b4a735de058d6930ed6e05ca3caf87c884a07fa908e298,1551,632,1551,3102,632,1264,2183,4366
NonLLMBar,7,0.6,ppi,09a04d5dd775909b26b4a735de058d6930ed6e05ca3caf87c884a07fa908e298,1551,632,1551,4366,632,1264,2183,4366
NonLLMBar,7,0.6,ppi_signed,09a04d5dd775909b26b4a735de058d6930ed6e05ca3caf87c884a07fa908e298,1551,632,1551,4366,632,1264,2183,4366
NonLLMBar,7,0.6,ppi_tuned,09a04d5dd775909b26b4a735de058d6930ed6e05ca3caf87c884a07fa908e298,1551,632,1551,4366,632,1264,2183,4366
NonLLMBar,7,0.6,raw_proxy,09a04d5dd775909b26b4a735de058d6930ed6e05ca3caf87c884a07fa908e298,1551,632,0,1264,632,1264,632,1264
NonLLMBar,8,0.2,audit_residual,446c78c730f68530ed3fb1e68905fcda9f8770e06c42021f5a48170215939648,520,650,520,2340,650,1300,1170,2340
NonLLMBar,8,0.2,human_only,446c78c730f68530ed3fb1e68905fcda9f8770e06c42021f5a48170215939648,520,650,520,1040,650,1300,1170,2340
NonLLMBar,8,0.2,ppi,446c78c730f68530ed3fb1e68905fcda9f8770e06c42021f5a48170215939648,520,650,520,2340,650,1300,1170,2340
NonLLMBar,8,0.2,ppi_signed,446c78c730f68530ed3fb1e68905fcda9f8770e06c42021f5a48170215939648,520,650,520,2340,650,1300,1170,2340
NonLLMBar,8,0.2,ppi_tuned,446c78c730f68530ed3fb1e68905fcda9f8770e06c42021f5a48170215939648,520,650,520,2340,650,1300,1170,2340
NonLLMBar,8,0.2,raw_proxy,446c78c730f68530ed3fb1e68905fcda9f8770e06c42021f5a48170215939648,520,650,0,1300,650,1300,650,1300
NonLLMBar,8,0.4,audit_residual,30098c202e0f303daf1e6c161aa4c121647cc5102229db91c78332d05454bc6e,1039,650,1039,3378,650,1300,1689,3378
NonLLMBar,8,0.4,human_only,30098c202e0f303daf1e6c161aa4c121647cc5102229db91c78332d05454bc6e,1039,650,1039,2078,650,1300,1689,3378
NonLLMBar,8,0.4,ppi,30098c202e0f303daf1e6c161aa4c121647cc5102229db91c78332d05454bc6e,1039,650,1039,3378,650,1300,1689,3378
NonLLMBar,8,0.4,ppi_signed,30098c202e0f303daf1e6c161aa4c121647cc5102229db91c78332d05454bc6e,1039,650,1039,3378,650,1300,1689,3378
NonLLMBar,8,0.4,ppi_tuned,30098c202e0f303daf1e6c161aa4c121647cc5102229db91c78332d05454bc6e,1039,650,1039,3378,650,1300,1689,3378
NonLLMBar,8,0.4,raw_proxy,30098c202e0f303daf1e6c161aa4c121647cc5102229db91c78332d05454bc6e,1039,650,0,1300,650,1300,650,1300
NonLLMBar,8,0.6,audit_residual,a47ed53276df2f9119ec6a724853b229e2eaae21c61a6b879aed44595c08e247,1538,650,1538,4376,650,1300,2188,4376
NonLLMBar,8,0.6,human_only,a47ed53276df2f9119ec6a724853b229e2eaae21c61a6b879aed44595c08e247,1538,650,1538,3076,650,1300,2188,4376
NonLLMBar,8,0.6,ppi,a47ed53276df2f9119ec6a724853b229e2eaae21c61a6b879aed44595c08e247,1538,650,1538,4376,650,1300,2188,4376
NonLLMBar,8,0.6,ppi_signed,a47ed53276df2f9119ec6a724853b229e2eaae21c61a6b879aed44595c08e247,1538,650,1538,4376,650,1300,2188,4376
NonLLMBar,8,0.6,ppi_tuned,a47ed53276df2f9119ec6a724853b229e2eaae21c61a6b879aed44595c08e247,1538,650,1538,4376,650,1300,2188,4376
NonLLMBar,8,0.6,raw_proxy,a47ed53276df2f9119ec6a724853b229e2eaae21c61a6b879aed44595c08e247,1538,650,0,1300,650,1300,650,1300
NonLLMBar,9,0.2,audit_residual,e271481f12ee7f42f909c621b232eb6ee8e3da6f1aa256aceebe6df1027ff921,515,649,515,2328,649,1298,1164,2328
NonLLMBar,9,0.2,human_only,e271481f12ee7f42f909c621b232eb6ee8e3da6f1aa256aceebe6df1027ff921,515,649,515,1030,649,1298,1164,2328
NonLLMBar,9,0.2,ppi,e271481f12ee7f42f909c621b232eb6ee8e3da6f1aa256aceebe6df1027ff921,515,649,515,2328,649,1298,1164,2328
NonLLMBar,9,0.2,ppi_signed,e271481f12ee7f42f909c621b232eb6ee8e3da6f1aa256aceebe6df1027ff921,515,649,515,2328,649,1298,1164,2328
NonLLMBar,9,0.2,ppi_tuned,e271481f12ee7f42f909c621b232eb6ee8e3da6f1aa256aceebe6df1027ff921,515,649,515,2328,649,1298,1164,2328
NonLLMBar,9,0.2,raw_proxy,e271481f12ee7f42f909c621b232eb6ee8e3da6f1aa256aceebe6df1027ff921,515,649,0,1298,649,1298,649,1298
NonLLMBar,9,0.4,audit_residual,914e55032ff90edf5b83c79ccc26eee153595f071fbdd8477fe989a15a8ac908,1033,649,1033,3364,649,1298,1682,3364
NonLLMBar,9,0.4,human_only,914e55032ff90edf5b83c79ccc26eee153595f071fbdd8477fe989a15a8ac908,1033,649,1033,2066,649,1298,1682,3364
NonLLMBar,9,0.4,ppi,914e55032ff90edf5b83c79ccc26eee153595f071fbdd8477fe989a15a8ac908,1033,649,1033,3364,649,1298,1682,3364
NonLLMBar,9,0.4,ppi_signed,914e55032ff90edf5b83c79ccc26eee153595f071fbdd8477fe989a15a8ac908,1033,649,1033,3364,649,1298,1682,3364
NonLLMBar,9,0.4,ppi_tuned,914e55032ff90edf5b83c79ccc26eee153595f071fbdd8477fe989a15a8ac908,1033,649,1033,3364,649,1298,1682,3364
NonLLMBar,9,0.4,raw_proxy,914e55032ff90edf5b83c79ccc26eee153595f071fbdd8477fe989a15a8ac908,1033,649,0,1298,649,1298,649,1298
NonLLMBar,9,0.6,audit_residual,c6f5217dac408699253c51fb24ca3378f6cb9e392676a56cebba12fabb9884b4,1538,649,1538,4374,649,1298,2187,4374
NonLLMBar,9,0.6,human_only,c6f5217dac408699253c51fb24ca3378f6cb9e392676a56cebba12fabb9884b4,1538,649,1538,3076,649,1298,2187,4374
NonLLMBar,9,0.6,ppi,c6f5217dac408699253c51fb24ca3378f6cb9e392676a56cebba12fabb9884b4,1538,649,1538,4374,649,1298,2187,4374
NonLLMBar,9,0.6,ppi_signed,c6f5217dac408699253c51fb24ca3378f6cb9e392676a56cebba12fabb9884b4,1538,649,1538,4374,649,1298,2187,4374
NonLLMBar,9,0.6,ppi_tuned,c6f5217dac408699253c51fb24ca3378f6cb9e392676a56cebba12fabb9884b4,1538,649,1538,4374,649,1298,2187,4374
NonLLMBar,9,0.6,raw_proxy,c6f5217dac408699253c51fb24ca3378f6cb9e392676a56cebba12fabb9884b4,1538,649,0,1298,649,1298,649,1298
NonLLMBar,10,0.2,audit_residual,e6aac4e61f0f5692a3ff1e987d5c2f3f5cac04681b305570ec56b90eb0a88527,506,651,506,2314,651,1302,1157,2314
NonLLMBar,10,0.2,human_only,e6aac4e61f0f5692a3ff1e987d5c2f3f5cac04681b305570ec56b90eb0a88527,506,651,506,1012,651,1302,1157,2314
NonLLMBar,10,0.2,ppi,e6aac4e61f0f5692a3ff1e987d5c2f3f5cac04681b305570ec56b90eb0a88527,506,651,506,2314,651,1302,1157,2314
NonLLMBar,10,0.2,ppi_signed,e6aac4e61f0f5692a3ff1e987d5c2f3f5cac04681b305570ec56b90eb0a88527,506,651,506,2314,651,1302,1157,2314
NonLLMBar,10,0.2,ppi_tuned,e6aac4e61f0f5692a3ff1e987d5c2f3f5cac04681b305570ec56b90eb0a88527,506,651,506,2314,651,1302,1157,2314
NonLLMBar,10,0.2,raw_proxy,e6aac4e61f0f5692a3ff1e987d5c2f3f5cac04681b305570ec56b90eb0a88527,506,651,0,1302,651,1302,651,1302
NonLLMBar,10,0.4,audit_residual,717bf948e749ccc2611d2933877c96bdd3436cb5cfa1c204632d4bbee8455344,1037,651,1037,3376,651,1302,1688,3376
NonLLMBar,10,0.4,human_only,717bf948e749ccc2611d2933877c96bdd3436cb5cfa1c204632d4bbee8455344,1037,651,1037,2074,651,1302,1688,3376
NonLLMBar,10,0.4,ppi,717bf948e749ccc2611d2933877c96bdd3436cb5cfa1c204632d4bbee8455344,1037,651,1037,3376,651,1302,1688,3376
NonLLMBar,10,0.4,ppi_signed,717bf948e749ccc2611d2933877c96bdd3436cb5cfa1c204632d4bbee8455344,1037,651,1037,3376,651,1302,1688,3376
NonLLMBar,10,0.4,ppi_tuned,717bf948e749ccc2611d2933877c96bdd3436cb5cfa1c204632d4bbee8455344,1037,651,1037,3376,651,1302,1688,3376
NonLLMBar,10,0.4,raw_proxy,717bf948e749ccc2611d2933877c96bdd3436cb5cfa1c204632d4bbee8455344,1037,651,0,1302,651,1302,651,1302
NonLLMBar,10,0.6,audit_residual,1310be8eef5bd7440b11709e28586851c5534039bc6ff1223747122d54b0f8bb,1540,651,1540,4382,651,1302,2191,4382
NonLLMBar,10,0.6,human_only,1310be8eef5bd7440b11709e28586851c5534039bc6ff1223747122d54b0f8bb,1540,651,1540,3080,651,1302,2191,4382
NonLLMBar,10,0.6,ppi,1310be8eef5bd7440b11709e28586851c5534039bc6ff1223747122d54b0f8bb,1540,651,1540,4382,651,1302,2191,4382
NonLLMBar,10,0.6,ppi_signed,1310be8eef5bd7440b11709e28586851c5534039bc6ff1223747122d54b0f8bb,1540,651,1540,4382,651,1302,2191,4382
NonLLMBar,10,0.6,ppi_tuned,1310be8eef5bd7440b11709e28586851c5534039bc6ff1223747122d54b0f8bb,1540,651,1540,4382,651,1302,2191,4382
NonLLMBar,10,0.6,raw_proxy,1310be8eef5bd7440b11709e28586851c5534039bc6ff1223747122d54b0f8bb,1540,651,0,1302,651,1302,651,1302
NonLLMBar,11,0.2,audit_residual,0448882a93bbab2d85a3a9647f306df6aa111c5970249d3b43b9387005f380a2,514,635,514,2298,635,1270,1149,2298
NonLLMBar,11,0.2,human_only,0448882a93bbab2d85a3a9647f306df6aa111c5970249d3b43b9387005f380a2,514,635,514,1028,635,1270,1149,2298
NonLLMBar,11,0.2,ppi,0448882a93bbab2d85a3a9647f306df6aa111c5970249d3b43b9387005f380a2,514,635,514,2298,635,1270,1149,2298
NonLLMBar,11,0.2,ppi_signed,0448882a93bbab2d85a3a9647f306df6aa111c5970249d3b43b9387005f380a2,514,635,514,2298,635,1270,1149,2298
NonLLMBar,11,0.2,ppi_tuned,0448882a93bbab2d85a3a9647f306df6aa111c5970249d3b43b9387005f380a2,514,635,514,2298,635,1270,1149,2298
NonLLMBar,11,0.2,raw_proxy,0448882a93bbab2d85a3a9647f306df6aa111c5970249d3b43b9387005f380a2,514,635,0,1270,635,1270,635,1270
NonLLMBar,11,0.4,audit_residual,7627a404468f6b8c0098a19da629a6c0c3679221b93d0a4242d555c32532eeec,1027,635,1027,3324,635,1270,1662,3324
NonLLMBar,11,0.4,human_only,7627a404468f6b8c0098a19da629a6c0c3679221b93d0a4242d555c32532eeec,1027,635,1027,2054,635,1270,1662,3324
NonLLMBar,11,0.4,ppi,7627a404468f6b8c0098a19da629a6c0c3679221b93d0a4242d555c32532eeec,1027,635,1027,3324,635,1270,1662,3324
NonLLMBar,11,0.4,ppi_signed,7627a404468f6b8c0098a19da629a6c0c3679221b93d0a4242d555c32532eeec,1027,635,1027,3324,635,1270,1662,3324
NonLLMBar,11,0.4,ppi_tuned,7627a404468f6b8c0098a19da629a6c0c3679221b93d0a4242d555c32532eeec,1027,635,1027,3324,635,1270,1662,3324
NonLLMBar,11,0.4,raw_proxy,7627a404468f6b8c0098a19da629a6c0c3679221b93d0a4242d555c32532eeec,1027,635,0,1270,635,1270,635,1270
NonLLMBar,11,0.6,audit_residual,c27c45cf0422bb59bed55c5af855cef249882b185943d37c6fc44f3a4057d7f6,1543,635,1543,4356,635,1270,2178,4356
NonLLMBar,11,0.6,human_only,c27c45cf0422bb59bed55c5af855cef249882b185943d37c6fc44f3a4057d7f6,1543,635,1543,3086,635,1270,2178,4356
NonLLMBar,11,0.6,ppi,c27c45cf0422bb59bed55c5af855cef249882b185943d37c6fc44f3a4057d7f6,1543,635,1543,4356,635,1270,2178,4356
NonLLMBar,11,0.6,ppi_signed,c27c45cf0422bb59bed55c5af855cef249882b185943d37c6fc44f3a4057d7f6,1543,635,1543,4356,635,1270,2178,4356
NonLLMBar,11,0.6,ppi_tuned,c27c45cf0422bb59bed55c5af855cef249882b185943d37c6fc44f3a4057d7f6,1543,635,1543,4356,635,1270,2178,4356
NonLLMBar,11,0.6,raw_proxy,c27c45cf0422bb59bed55c5af855cef249882b185943d37c6fc44f3a4057d7f6,1543,635,0,1270,635,1270,635,1270
NonLLMBar,12,0.2,audit_residual,87292b737a22e4a22feeb16ad9ae1331686f6c62528bd25a863748f2bc7d1351,516,630,516,2292,630,1260,1146,2292
NonLLMBar,12,0.2,human_only,87292b737a22e4a22feeb16ad9ae1331686f6c62528bd25a863748f2bc7d1351,516,630,516,1032,630,1260,1146,2292
NonLLMBar,12,0.2,ppi,87292b737a22e4a22feeb16ad9ae1331686f6c62528bd25a863748f2bc7d1351,516,630,516,2292,630,1260,1146,2292
NonLLMBar,12,0.2,ppi_signed,87292b737a22e4a22feeb16ad9ae1331686f6c62528bd25a863748f2bc7d1351,516,630,516,2292,630,1260,1146,2292
NonLLMBar,12,0.2,ppi_tuned,87292b737a22e4a22feeb16ad9ae1331686f6c62528bd25a863748f2bc7d1351,516,630,516,2292,630,1260,1146,2292
NonLLMBar,12,0.2,raw_proxy,87292b737a22e4a22feeb16ad9ae1331686f6c62528bd25a863748f2bc7d1351,516,630,0,1260,630,1260,630,1260
NonLLMBar,12,0.4,audit_residual,89a130fd4c6131b50b218e0521dcefaf2ac7af36e2c8edd8683844c748c95886,1041,630,1041,3342,630,1260,1671,3342
NonLLMBar,12,0.4,human_only,89a130fd4c6131b50b218e0521dcefaf2ac7af36e2c8edd8683844c748c95886,1041,630,1041,2082,630,1260,1671,3342
NonLLMBar,12,0.4,ppi,89a130fd4c6131b50b218e0521dcefaf2ac7af36e2c8edd8683844c748c95886,1041,630,1041,3342,630,1260,1671,3342
NonLLMBar,12,0.4,ppi_signed,89a130fd4c6131b50b218e0521dcefaf2ac7af36e2c8edd8683844c748c95886,1041,630,1041,3342,630,1260,1671,3342
NonLLMBar,12,0.4,ppi_tuned,89a130fd4c6131b50b218e0521dcefaf2ac7af36e2c8edd8683844c748c95886,1041,630,1041,3342,630,1260,1671,3342
NonLLMBar,12,0.4,raw_proxy,89a130fd4c6131b50b218e0521dcefaf2ac7af36e2c8edd8683844c748c95886,1041,630,0,1260,630,1260,630,1260
NonLLMBar,12,0.6,audit_residual,6fe97594b726fe1f273ce5fcdeee1bfb43ec91e5b69f2c40260f08852d070526,1546,630,1546,4352,630,1260,2176,4352
NonLLMBar,12,0.6,human_only,6fe97594b726fe1f273ce5fcdeee1bfb43ec91e5b69f2c40260f08852d070526,1546,630,1546,3092,630,1260,2176,4352
NonLLMBar,12,0.6,ppi,6fe97594b726fe1f273ce5fcdeee1bfb43ec91e5b69f2c40260f08852d070526,1546,630,1546,4352,630,1260,2176,4352
NonLLMBar,12,0.6,ppi_signed,6fe97594b726fe1f273ce5fcdeee1bfb43ec91e5b69f2c40260f08852d070526,1546,630,1546,4352,630,1260,2176,4352
NonLLMBar,12,0.6,ppi_tuned,6fe97594b726fe1f273ce5fcdeee1bfb43ec91e5b69f2c40260f08852d070526,1546,630,1546,4352,630,1260,2176,4352
NonLLMBar,12,0.6,raw_proxy,6fe97594b726fe1f273ce5fcdeee1bfb43ec91e5b69f2c40260f08852d070526,1546,630,0,1260,630,1260,630,1260
NonLLMBar,13,0.2,audit_residual,b4342343e320893329397676ef6614891af2137b40e7eb5178896f8bb0a89c8b,517,635,517,2304,635,1270,1152,2304
NonLLMBar,13,0.2,human_only,b4342343e320893329397676ef6614891af2137b40e7eb5178896f8bb0a89c8b,517,635,517,1034,635,1270,1152,2304
NonLLMBar,13,0.2,ppi,b4342343e320893329397676ef6614891af2137b40e7eb5178896f8bb0a89c8b,517,635,517,2304,635,1270,1152,2304
NonLLMBar,13,0.2,ppi_signed,b4342343e320893329397676ef6614891af2137b40e7eb5178896f8bb0a89c8b,517,635,517,2304,635,1270,1152,2304
NonLLMBar,13,0.2,ppi_tuned,b4342343e320893329397676ef6614891af2137b40e7eb5178896f8bb0a89c8b,517,635,517,2304,635,1270,1152,2304
NonLLMBar,13,0.2,raw_proxy,b4342343e320893329397676ef6614891af2137b40e7eb5178896f8bb0a89c8b,517,635,0,1270,635,1270,635,1270
NonLLMBar,13,0.4,audit_residual,22614a23147e0a036fc32d9372a72910f738ae8a481b0fde4af103da1baaa0d4,1033,635,1033,3336,635,1270,1668,3336
NonLLMBar,13,0.4,human_only,22614a23147e0a036fc32d9372a72910f738ae8a481b0fde4af103da1baaa0d4,1033,635,1033,2066,635,1270,1668,3336
NonLLMBar,13,0.4,ppi,22614a23147e0a036fc32d9372a72910f738ae8a481b0fde4af103da1baaa0d4,1033,635,1033,3336,635,1270,1668,3336
NonLLMBar,13,0.4,ppi_signed,22614a23147e0a036fc32d9372a72910f738ae8a481b0fde4af103da1baaa0d4,1033,635,1033,3336,635,1270,1668,3336
NonLLMBar,13,0.4,ppi_tuned,22614a23147e0a036fc32d9372a72910f738ae8a481b0fde4af103da1baaa0d4,1033,635,1033,3336,635,1270,1668,3336
NonLLMBar,13,0.4,raw_proxy,22614a23147e0a036fc32d9372a72910f738ae8a481b0fde4af103da1baaa0d4,1033,635,0,1270,635,1270,635,1270
NonLLMBar,13,0.6,audit_residual,b3800a8d9fda7b2711844cc7a96a89a3d7d8cba40adb296c16e292f9719fd1fa,1545,635,1545,4360,635,1270,2180,4360
NonLLMBar,13,0.6,human_only,b3800a8d9fda7b2711844cc7a96a89a3d7d8cba40adb296c16e292f9719fd1fa,1545,635,1545,3090,635,1270,2180,4360
NonLLMBar,13,0.6,ppi,b3800a8d9fda7b2711844cc7a96a89a3d7d8cba40adb296c16e292f9719fd1fa,1545,635,1545,4360,635,1270,2180,4360
NonLLMBar,13,0.6,ppi_signed,b3800a8d9fda7b2711844cc7a96a89a3d7d8cba40adb296c16e292f9719fd1fa,1545,635,1545,4360,635,1270,2180,4360
NonLLMBar,13,0.6,ppi_tuned,b3800a8d9fda7b2711844cc7a96a89a3d7d8cba40adb296c16e292f9719fd1fa,1545,635,1545,4360,635,1270,2180,4360
NonLLMBar,13,0.6,raw_proxy,b3800a8d9fda7b2711844cc7a96a89a3d7d8cba40adb296c16e292f9719fd1fa,1545,635,0,1270,635,1270,635,1270
NonLLMBar,14,0.2,audit_residual,8678f52632a11fdaf6ab1e7abf4a8e0f24cbceb417c1663a3ecbbfd5f91b13b2,499,644,499,2286,644,1288,1143,2286
NonLLMBar,14,0.2,human_only,8678f52632a11fdaf6ab1e7abf4a8e0f24cbceb417c1663a3ecbbfd5f91b13b2,499,644,499,998,644,1288,1143,2286
NonLLMBar,14,0.2,ppi,8678f52632a11fdaf6ab1e7abf4a8e0f24cbceb417c1663a3ecbbfd5f91b13b2,499,644,499,2286,644,1288,1143,2286
NonLLMBar,14,0.2,ppi_signed,8678f52632a11fdaf6ab1e7abf4a8e0f24cbceb417c1663a3ecbbfd5f91b13b2,499,644,499,2286,644,1288,1143,2286
NonLLMBar,14,0.2,ppi_tuned,8678f52632a11fdaf6ab1e7abf4a8e0f24cbceb417c1663a3ecbbfd5f91b13b2,499,644,499,2286,644,1288,1143,2286
NonLLMBar,14,0.2,raw_proxy,8678f52632a11fdaf6ab1e7abf4a8e0f24cbceb417c1663a3ecbbfd5f91b13b2,499,644,0,1288,644,1288,644,1288
NonLLMBar,14,0.4,audit_residual,c7431c94f1b5f9ec060bcd818e7c4b575ffef67c1199e3e333bbf9e25d58a080,1028,644,1028,3344,644,1288,1672,3344
NonLLMBar,14,0.4,human_only,c7431c94f1b5f9ec060bcd818e7c4b575ffef67c1199e3e333bbf9e25d58a080,1028,644,1028,2056,644,1288,1672,3344
NonLLMBar,14,0.4,ppi,c7431c94f1b5f9ec060bcd818e7c4b575ffef67c1199e3e333bbf9e25d58a080,1028,644,1028,3344,644,1288,1672,3344
NonLLMBar,14,0.4,ppi_signed,c7431c94f1b5f9ec060bcd818e7c4b575ffef67c1199e3e333bbf9e25d58a080,1028,644,1028,3344,644,1288,1672,3344
NonLLMBar,14,0.4,ppi_tuned,c7431c94f1b5f9ec060bcd818e7c4b575ffef67c1199e3e333bbf9e25d58a080,1028,644,1028,3344,644,1288,1672,3344
NonLLMBar,14,0.4,raw_proxy,c7431c94f1b5f9ec060bcd818e7c4b575ffef67c1199e3e333bbf9e25d58a080,1028,644,0,1288,644,1288,644,1288
NonLLMBar,14,0.6,audit_residual,b145c3a12b6a03db6723eefcb42814072e487bbddf2d1013e7fe37a570927a26,1548,644,1548,4384,644,1288,2192,4384
NonLLMBar,14,0.6,human_only,b145c3a12b6a03db6723eefcb42814072e487bbddf2d1013e7fe37a570927a26,1548,644,1548,3096,644,1288,2192,4384
NonLLMBar,14,0.6,ppi,b145c3a12b6a03db6723eefcb42814072e487bbddf2d1013e7fe37a570927a26,1548,644,1548,4384,644,1288,2192,4384
NonLLMBar,14,0.6,ppi_signed,b145c3a12b6a03db6723eefcb42814072e487bbddf2d1013e7fe37a570927a26,1548,644,1548,4384,644,1288,2192,4384
NonLLMBar,14,0.6,ppi_tuned,b145c3a12b6a03db6723eefcb42814072e487bbddf2d1013e7fe37a570927a26,1548,644,1548,4384,644,1288,2192,4384
NonLLMBar,14,0.6,raw_proxy,b145c3a12b6a03db6723eefcb42814072e487bbddf2d1013e7fe37a570927a26,1548,644,0,1288,644,1288,644,1288
NonLLMBar,15,0.2,audit_residual,c05afb51d6562dea1523dfae10949cd5bde49ad2654ae4fcc820380171a719f3,520,648,520,2336,648,1296,1168,2336
NonLLMBar,15,0.2,human_only,c05afb51d6562dea1523dfae10949cd5bde49ad2654ae4fcc820380171a719f3,520,648,520,1040,648,1296,1168,2336
NonLLMBar,15,0.2,ppi,c05afb51d6562dea1523dfae10949cd5bde49ad2654ae4fcc820380171a719f3,520,648,520,2336,648,1296,1168,2336
NonLLMBar,15,0.2,ppi_signed,c05afb51d6562dea1523dfae10949cd5bde49ad2654ae4fcc820380171a719f3,520,648,520,2336,648,1296,1168,2336
NonLLMBar,15,0.2,ppi_tuned,c05afb51d6562dea1523dfae10949cd5bde49ad2654ae4fcc820380171a719f3,520,648,520,2336,648,1296,1168,2336
NonLLMBar,15,0.2,raw_proxy,c05afb51d6562dea1523dfae10949cd5bde49ad2654ae4fcc820380171a719f3,520,648,0,1296,648,1296,648,1296
NonLLMBar,15,0.4,audit_residual,86969e6ebfb10df50feb6c90f4654a07947046ab5fc03cd0ee81379b38edeb87,1038,648,1038,3372,648,1296,1686,3372
NonLLMBar,15,0.4,human_only,86969e6ebfb10df50feb6c90f4654a07947046ab5fc03cd0ee81379b38edeb87,1038,648,1038,2076,648,1296,1686,3372
NonLLMBar,15,0.4,ppi,86969e6ebfb10df50feb6c90f4654a07947046ab5fc03cd0ee81379b38edeb87,1038,648,1038,3372,648,1296,1686,3372
NonLLMBar,15,0.4,ppi_signed,86969e6ebfb10df50feb6c90f4654a07947046ab5fc03cd0ee81379b38edeb87,1038,648,1038,3372,648,1296,1686,3372
NonLLMBar,15,0.4,ppi_tuned,86969e6ebfb10df50feb6c90f4654a07947046ab5fc03cd0ee81379b38edeb87,1038,648,1038,3372,648,1296,1686,3372
NonLLMBar,15,0.4,raw_proxy,86969e6ebfb10df50feb6c90f4654a07947046ab5fc03cd0ee81379b38edeb87,1038,648,0,1296,648,1296,648,1296
NonLLMBar,15,0.6,audit_residual,520320f94760f4152af7263009d1aefaa86c87af3539b83954670613b9af497d,1536,648,1536,4368,648,1296,2184,4368
NonLLMBar,15,0.6,human_only,520320f94760f4152af7263009d1aefaa86c87af3539b83954670613b9af497d,1536,648,1536,3072,648,1296,2184,4368
NonLLMBar,15,0.6,ppi,520320f94760f4152af7263009d1aefaa86c87af3539b83954670613b9af497d,1536,648,1536,4368,648,1296,2184,4368
NonLLMBar,15,0.6,ppi_signed,520320f94760f4152af7263009d1aefaa86c87af3539b83954670613b9af497d,1536,648,1536,4368,648,1296,2184,4368
NonLLMBar,15,0.6,ppi_tuned,520320f94760f4152af7263009d1aefaa86c87af3539b83954670613b9af497d,1536,648,1536,4368,648,1296,2184,4368
NonLLMBar,15,0.6,raw_proxy,520320f94760f4152af7263009d1aefaa86c87af3539b83954670613b9af497d,1536,648,0,1296,648,1296,648,1296
NonLLMBar,16,0.2,audit_residual,c3b377ace3944054ac9c4832e5f1d7700b9bbdb6ba5a9d969436b65bf9e53444,518,644,518,2324,644,1288,1162,2324
NonLLMBar,16,0.2,human_only,c3b377ace3944054ac9c4832e5f1d7700b9bbdb6ba5a9d969436b65bf9e53444,518,644,518,1036,644,1288,1162,2324
NonLLMBar,16,0.2,ppi,c3b377ace3944054ac9c4832e5f1d7700b9bbdb6ba5a9d969436b65bf9e53444,518,644,518,2324,644,1288,1162,2324
NonLLMBar,16,0.2,ppi_signed,c3b377ace3944054ac9c4832e5f1d7700b9bbdb6ba5a9d969436b65bf9e53444,518,644,518,2324,644,1288,1162,2324
NonLLMBar,16,0.2,ppi_tuned,c3b377ace3944054ac9c4832e5f1d7700b9bbdb6ba5a9d969436b65bf9e53444,518,644,518,2324,644,1288,1162,2324
NonLLMBar,16,0.2,raw_proxy,c3b377ace3944054ac9c4832e5f1d7700b9bbdb6ba5a9d969436b65bf9e53444,518,644,0,1288,644,1288,644,1288
NonLLMBar,16,0.4,audit_residual,eaac9a892ab69840a89965b2b49de61868e7264b03033adf2b77374d182b2dd1,1014,644,1014,3316,644,1288,1658,3316
NonLLMBar,16,0.4,human_only,eaac9a892ab69840a89965b2b49de61868e7264b03033adf2b77374d182b2dd1,1014,644,1014,2028,644,1288,1658,3316
NonLLMBar,16,0.4,ppi,eaac9a892ab69840a89965b2b49de61868e7264b03033adf2b77374d182b2dd1,1014,644,1014,3316,644,1288,1658,3316
NonLLMBar,16,0.4,ppi_signed,eaac9a892ab69840a89965b2b49de61868e7264b03033adf2b77374d182b2dd1,1014,644,1014,3316,644,1288,1658,3316
NonLLMBar,16,0.4,ppi_tuned,eaac9a892ab69840a89965b2b49de61868e7264b03033adf2b77374d182b2dd1,1014,644,1014,3316,644,1288,1658,3316
NonLLMBar,16,0.4,raw_proxy,eaac9a892ab69840a89965b2b49de61868e7264b03033adf2b77374d182b2dd1,1014,644,0,1288,644,1288,644,1288
NonLLMBar,16,0.6,audit_residual,4c8206a2349524c58f85a0467910433638296f48583fedf45d56d8ceed174992,1537,644,1537,4362,644,1288,2181,4362
NonLLMBar,16,0.6,human_only,4c8206a2349524c58f85a0467910433638296f48583fedf45d56d8ceed174992,1537,644,1537,3074,644,1288,2181,4362
NonLLMBar,16,0.6,ppi,4c8206a2349524c58f85a0467910433638296f48583fedf45d56d8ceed174992,1537,644,1537,4362,644,1288,2181,4362
NonLLMBar,16,0.6,ppi_signed,4c8206a2349524c58f85a0467910433638296f48583fedf45d56d8ceed174992,1537,644,1537,4362,644,1288,2181,4362
NonLLMBar,16,0.6,ppi_tuned,4c8206a2349524c58f85a0467910433638296f48583fedf45d56d8ceed174992,1537,644,1537,4362,644,1288,2181,4362
NonLLMBar,16,0.6,raw_proxy,4c8206a2349524c58f85a0467910433638296f48583fedf45d56d8ceed174992,1537,644,0,1288,644,1288,644,1288
NonLLMBar,17,0.2,audit_residual,f301c61aeccfd373e7499b9e1d0d897e6046768c18eb869c277db7c097b51c79,505,637,505,2284,637,1274,1142,2284
NonLLMBar,17,0.2,human_only,f301c61aeccfd373e7499b9e1d0d897e6046768c18eb869c277db7c097b51c79,505,637,505,1010,637,1274,1142,2284
NonLLMBar,17,0.2,ppi,f301c61aeccfd373e7499b9e1d0d897e6046768c18eb869c277db7c097b51c79,505,637,505,2284,637,1274,1142,2284
NonLLMBar,17,0.2,ppi_signed,f301c61aeccfd373e7499b9e1d0d897e6046768c18eb869c277db7c097b51c79,505,637,505,2284,637,1274,1142,2284
NonLLMBar,17,0.2,ppi_tuned,f301c61aeccfd373e7499b9e1d0d897e6046768c18eb869c277db7c097b51c79,505,637,505,2284,637,1274,1142,2284
NonLLMBar,17,0.2,raw_proxy,f301c61aeccfd373e7499b9e1d0d897e6046768c18eb869c277db7c097b51c79,505,637,0,1274,637,1274,637,1274
NonLLMBar,17,0.4,audit_residual,a05e06bbae1bb5d62ad6a3c353023b5c70b39e22c2ea696ce8690ef6719ea68c,1021,637,1021,3316,637,1274,1658,3316
NonLLMBar,17,0.4,human_only,a05e06bbae1bb5d62ad6a3c353023b5c70b39e22c2ea696ce8690ef6719ea68c,1021,637,1021,2042,637,1274,1658,3316
NonLLMBar,17,0.4,ppi,a05e06bbae1bb5d62ad6a3c353023b5c70b39e22c2ea696ce8690ef6719ea68c,1021,637,1021,3316,637,1274,1658,3316
NonLLMBar,17,0.4,ppi_signed,a05e06bbae1bb5d62ad6a3c353023b5c70b39e22c2ea696ce8690ef6719ea68c,1021,637,1021,3316,637,1274,1658,3316
NonLLMBar,17,0.4,ppi_tuned,a05e06bbae1bb5d62ad6a3c353023b5c70b39e22c2ea696ce8690ef6719ea68c,1021,637,1021,3316,637,1274,1658,3316
NonLLMBar,17,0.4,raw_proxy,a05e06bbae1bb5d62ad6a3c353023b5c70b39e22c2ea696ce8690ef6719ea68c,1021,637,0,1274,637,1274,637,1274
NonLLMBar,17,0.6,audit_residual,67f7bc821c8eaf525d7a6940a2d505197a8a592f1de234c6981a355383a70734,1549,637,1549,4372,637,1274,2186,4372
NonLLMBar,17,0.6,human_only,67f7bc821c8eaf525d7a6940a2d505197a8a592f1de234c6981a355383a70734,1549,637,1549,3098,637,1274,2186,4372
NonLLMBar,17,0.6,ppi,67f7bc821c8eaf525d7a6940a2d505197a8a592f1de234c6981a355383a70734,1549,637,1549,4372,637,1274,2186,4372
NonLLMBar,17,0.6,ppi_signed,67f7bc821c8eaf525d7a6940a2d505197a8a592f1de234c6981a355383a70734,1549,637,1549,4372,637,1274,2186,4372
NonLLMBar,17,0.6,ppi_tuned,67f7bc821c8eaf525d7a6940a2d505197a8a592f1de234c6981a355383a70734,1549,637,1549,4372,637,1274,2186,4372
NonLLMBar,17,0.6,raw_proxy,67f7bc821c8eaf525d7a6940a2d505197a8a592f1de234c6981a355383a70734,1549,637,0,1274,637,1274,637,1274
NonLLMBar,18,0.2,audit_residual,8985df14553e4b06a4482cbfbba545f97a9b31436ee126ee8ade78638bcb2707,496,640,496,2272,640,1280,1136,2272
NonLLMBar,18,0.2,human_only,8985df14553e4b06a4482cbfbba545f97a9b31436ee126ee8ade78638bcb2707,496,640,496,992,640,1280,1136,2272
NonLLMBar,18,0.2,ppi,8985df14553e4b06a4482cbfbba545f97a9b31436ee126ee8ade78638bcb2707,496,640,496,2272,640,1280,1136,2272
NonLLMBar,18,0.2,ppi_signed,8985df14553e4b06a4482cbfbba545f97a9b31436ee126ee8ade78638bcb2707,496,640,496,2272,640,1280,1136,2272
NonLLMBar,18,0.2,ppi_tuned,8985df14553e4b06a4482cbfbba545f97a9b31436ee126ee8ade78638bcb2707,496,640,496,2272,640,1280,1136,2272
NonLLMBar,18,0.2,raw_proxy,8985df14553e4b06a4482cbfbba545f97a9b31436ee126ee8ade78638bcb2707,496,640,0,1280,640,1280,640,1280
NonLLMBar,18,0.4,audit_residual,3deb7f89854cd7940ec7c6276e49ac406da708a8686a0520391209c2969d6142,1013,640,1013,3306,640,1280,1653,3306
NonLLMBar,18,0.4,human_only,3deb7f89854cd7940ec7c6276e49ac406da708a8686a0520391209c2969d6142,1013,640,1013,2026,640,1280,1653,3306
NonLLMBar,18,0.4,ppi,3deb7f89854cd7940ec7c6276e49ac406da708a8686a0520391209c2969d6142,1013,640,1013,3306,640,1280,1653,3306
NonLLMBar,18,0.4,ppi_signed,3deb7f89854cd7940ec7c6276e49ac406da708a8686a0520391209c2969d6142,1013,640,1013,3306,640,1280,1653,3306
NonLLMBar,18,0.4,ppi_tuned,3deb7f89854cd7940ec7c6276e49ac406da708a8686a0520391209c2969d6142,1013,640,1013,3306,640,1280,1653,3306
NonLLMBar,18,0.4,raw_proxy,3deb7f89854cd7940ec7c6276e49ac406da708a8686a0520391209c2969d6142,1013,640,0,1280,640,1280,640,1280
NonLLMBar,18,0.6,audit_residual,7a7e8194a2f3a7a40aaf46236b101e28dc0630c4048a28ea6b93d5210c5f5dab,1541,640,1541,4362,640,1280,2181,4362
NonLLMBar,18,0.6,human_only,7a7e8194a2f3a7a40aaf46236b101e28dc0630c4048a28ea6b93d5210c5f5dab,1541,640,1541,3082,640,1280,2181,4362
NonLLMBar,18,0.6,ppi,7a7e8194a2f3a7a40aaf46236b101e28dc0630c4048a28ea6b93d5210c5f5dab,1541,640,1541,4362,640,1280,2181,4362
NonLLMBar,18,0.6,ppi_signed,7a7e8194a2f3a7a40aaf46236b101e28dc0630c4048a28ea6b93d5210c5f5dab,1541,640,1541,4362,640,1280,2181,4362
NonLLMBar,18,0.6,ppi_tuned,7a7e8194a2f3a7a40aaf46236b101e28dc0630c4048a28ea6b93d5210c5f5dab,1541,640,1541,4362,640,1280,2181,4362
NonLLMBar,18,0.6,raw_proxy,7a7e8194a2f3a7a40aaf46236b101e28dc0630c4048a28ea6b93d5210c5f5dab,1541,640,0,1280,640,1280,640,1280
NonLLMBar,19,0.2,audit_residual,316f3eb9dc7da7c488b3a41e2231349d511eadc057f9e63b56c8381938195cc4,505,631,505,2272,631,1262,1136,2272
NonLLMBar,19,0.2,human_only,316f3eb9dc7da7c488b3a41e2231349d511eadc057f9e63b56c8381938195cc4,505,631,505,1010,631,1262,1136,2272
NonLLMBar,19,0.2,ppi,316f3eb9dc7da7c488b3a41e2231349d511eadc057f9e63b56c8381938195cc4,505,631,505,2272,631,1262,1136,2272
NonLLMBar,19,0.2,ppi_signed,316f3eb9dc7da7c488b3a41e2231349d511eadc057f9e63b56c8381938195cc4,505,631,505,2272,631,1262,1136,2272
NonLLMBar,19,0.2,ppi_tuned,316f3eb9dc7da7c488b3a41e2231349d511eadc057f9e63b56c8381938195cc4,505,631,505,2272,631,1262,1136,2272
NonLLMBar,19,0.2,raw_proxy,316f3eb9dc7da7c488b3a41e2231349d511eadc057f9e63b56c8381938195cc4,505,631,0,1262,631,1262,631,1262
NonLLMBar,19,0.4,audit_residual,71eb4416909901ad914af0458fdddaa4b372137b1f5fb967ce567695651f9109,1029,631,1029,3320,631,1262,1660,3320
NonLLMBar,19,0.4,human_only,71eb4416909901ad914af0458fdddaa4b372137b1f5fb967ce567695651f9109,1029,631,1029,2058,631,1262,1660,3320
NonLLMBar,19,0.4,ppi,71eb4416909901ad914af0458fdddaa4b372137b1f5fb967ce567695651f9109,1029,631,1029,3320,631,1262,1660,3320
NonLLMBar,19,0.4,ppi_signed,71eb4416909901ad914af0458fdddaa4b372137b1f5fb967ce567695651f9109,1029,631,1029,3320,631,1262,1660,3320
NonLLMBar,19,0.4,ppi_tuned,71eb4416909901ad914af0458fdddaa4b372137b1f5fb967ce567695651f9109,1029,631,1029,3320,631,1262,1660,3320
NonLLMBar,19,0.4,raw_proxy,71eb4416909901ad914af0458fdddaa4b372137b1f5fb967ce567695651f9109,1029,631,0,1262,631,1262,631,1262
NonLLMBar,19,0.6,audit_residual,7536e40d85745abfab71796a0dd656670dfa715d3857244e0a6288dc4f564ecb,1552,631,1552,4366,631,1262,2183,4366
NonLLMBar,19,0.6,human_only,7536e40d85745abfab71796a0dd656670dfa715d3857244e0a6288dc4f564ecb,1552,631,1552,3104,631,1262,2183,4366
NonLLMBar,19,0.6,ppi,7536e40d85745abfab71796a0dd656670dfa715d3857244e0a6288dc4f564ecb,1552,631,1552,4366,631,1262,2183,4366
NonLLMBar,19,0.6,ppi_signed,7536e40d85745abfab71796a0dd656670dfa715d3857244e0a6288dc4f564ecb,1552,631,1552,4366,631,1262,2183,4366
NonLLMBar,19,0.6,ppi_tuned,7536e40d85745abfab71796a0dd656670dfa715d3857244e0a6288dc4f564ecb,1552,631,1552,4366,631,1262,2183,4366
NonLLMBar,19,0.6,raw_proxy,7536e40d85745abfab71796a0dd656670dfa715d3857244e0a6288dc4f564ecb,1552,631,0,1262,631,1262,631,1262
NonLLMBar,20,0.2,audit_residual,88cca466b10d15db59ddd8f2cd1e7bf0ddd352118da358c4351c46271a281f77,518,636,518,2308,636,1272,1154,2308
NonLLMBar,20,0.2,human_only,88cca466b10d15db59ddd8f2cd1e7bf0ddd352118da358c4351c46271a281f77,518,636,518,1036,636,1272,1154,2308
NonLLMBar,20,0.2,ppi,88cca466b10d15db59ddd8f2cd1e7bf0ddd352118da358c4351c46271a281f77,518,636,518,2308,636,1272,1154,2308
NonLLMBar,20,0.2,ppi_signed,88cca466b10d15db59ddd8f2cd1e7bf0ddd352118da358c4351c46271a281f77,518,636,518,2308,636,1272,1154,2308
NonLLMBar,20,0.2,ppi_tuned,88cca466b10d15db59ddd8f2cd1e7bf0ddd352118da358c4351c46271a281f77,518,636,518,2308,636,1272,1154,2308
NonLLMBar,20,0.2,raw_proxy,88cca466b10d15db59ddd8f2cd1e7bf0ddd352118da358c4351c46271a281f77,518,636,0,1272,636,1272,636,1272
NonLLMBar,20,0.4,audit_residual,51c358e813bce959007617737ceecc9445359e70653c8a07e5de26cfd4cee6dc,1038,636,1038,3348,636,1272,1674,3348
NonLLMBar,20,0.4,human_only,51c358e813bce959007617737ceecc9445359e70653c8a07e5de26cfd4cee6dc,1038,636,1038,2076,636,1272,1674,3348
NonLLMBar,20,0.4,ppi,51c358e813bce959007617737ceecc9445359e70653c8a07e5de26cfd4cee6dc,1038,636,1038,3348,636,1272,1674,3348
NonLLMBar,20,0.4,ppi_signed,51c358e813bce959007617737ceecc9445359e70653c8a07e5de26cfd4cee6dc,1038,636,1038,3348,636,1272,1674,3348
NonLLMBar,20,0.4,ppi_tuned,51c358e813bce959007617737ceecc9445359e70653c8a07e5de26cfd4cee6dc,1038,636,1038,3348,636,1272,1674,3348
NonLLMBar,20,0.4,raw_proxy,51c358e813bce959007617737ceecc9445359e70653c8a07e5de26cfd4cee6dc,1038,636,0,1272,636,1272,636,1272
NonLLMBar,20,0.6,audit_residual,f67a3f35c67bf5d43591e093ea73c2ca3a675311e49edfd2fc75a9634135ff9b,1543,636,1543,4358,636,1272,2179,4358
NonLLMBar,20,0.6,human_only,f67a3f35c67bf5d43591e093ea73c2ca3a675311e49edfd2fc75a9634135ff9b,1543,636,1543,3086,636,1272,2179,4358
NonLLMBar,20,0.6,ppi,f67a3f35c67bf5d43591e093ea73c2ca3a675311e49edfd2fc75a9634135ff9b,1543,636,1543,4358,636,1272,2179,4358
NonLLMBar,20,0.6,ppi_signed,f67a3f35c67bf5d43591e093ea73c2ca3a675311e49edfd2fc75a9634135ff9b,1543,636,1543,4358,636,1272,2179,4358
NonLLMBar,20,0.6,ppi_tuned,f67a3f35c67bf5d43591e093ea73c2ca3a675311e49edfd2fc75a9634135ff9b,1543,636,1543,4358,636,1272,2179,4358
NonLLMBar,20,0.6,raw_proxy,f67a3f35c67bf5d43591e093ea73c2ca3a675311e49edfd2fc75a9634135ff9b,1543,636,0,1272,636,1272,636,1272
NonLLMBar,21,0.2,audit_residual,19c80cde35a4f029ed34cb69aa50ff1eebe41ef761331936d9424a7aa284bd30,505,645,505,2300,645,1290,1150,2300
NonLLMBar,21,0.2,human_only,19c80cde35a4f029ed34cb69aa50ff1eebe41ef761331936d9424a7aa284bd30,505,645,505,1010,645,1290,1150,2300
NonLLMBar,21,0.2,ppi,19c80cde35a4f029ed34cb69aa50ff1eebe41ef761331936d9424a7aa284bd30,505,645,505,2300,645,1290,1150,2300
NonLLMBar,21,0.2,ppi_signed,19c80cde35a4f029ed34cb69aa50ff1eebe41ef761331936d9424a7aa284bd30,505,645,505,2300,645,1290,1150,2300
NonLLMBar,21,0.2,ppi_tuned,19c80cde35a4f029ed34cb69aa50ff1eebe41ef761331936d9424a7aa284bd30,505,645,505,2300,645,1290,1150,2300
NonLLMBar,21,0.2,raw_proxy,19c80cde35a4f029ed34cb69aa50ff1eebe41ef761331936d9424a7aa284bd30,505,645,0,1290,645,1290,645,1290
NonLLMBar,21,0.4,audit_residual,648651165373d6317809feb0759ceb1be5f38e491d676904b026ad1a1c48873f,1026,645,1026,3342,645,1290,1671,3342
NonLLMBar,21,0.4,human_only,648651165373d6317809feb0759ceb1be5f38e491d676904b026ad1a1c48873f,1026,645,1026,2052,645,1290,1671,3342
NonLLMBar,21,0.4,ppi,648651165373d6317809feb0759ceb1be5f38e491d676904b026ad1a1c48873f,1026,645,1026,3342,645,1290,1671,3342
NonLLMBar,21,0.4,ppi_signed,648651165373d6317809feb0759ceb1be5f38e491d676904b026ad1a1c48873f,1026,645,1026,3342,645,1290,1671,3342
NonLLMBar,21,0.4,ppi_tuned,648651165373d6317809feb0759ceb1be5f38e491d676904b026ad1a1c48873f,1026,645,1026,3342,645,1290,1671,3342
NonLLMBar,21,0.4,raw_proxy,648651165373d6317809feb0759ceb1be5f38e491d676904b026ad1a1c48873f,1026,645,0,1290,645,1290,645,1290
NonLLMBar,21,0.6,audit_residual,f8e38727a7202d6dfda09abbcbd9ceb08935570bf3e40d521d8606fffe68299c,1543,645,1543,4376,645,1290,2188,4376
NonLLMBar,21,0.6,human_only,f8e38727a7202d6dfda09abbcbd9ceb08935570bf3e40d521d8606fffe68299c,1543,645,1543,3086,645,1290,2188,4376
NonLLMBar,21,0.6,ppi,f8e38727a7202d6dfda09abbcbd9ceb08935570bf3e40d521d8606fffe68299c,1543,645,1543,4376,645,1290,2188,4376
NonLLMBar,21,0.6,ppi_signed,f8e38727a7202d6dfda09abbcbd9ceb08935570bf3e40d521d8606fffe68299c,1543,645,1543,4376,645,1290,2188,4376
NonLLMBar,21,0.6,ppi_tuned,f8e38727a7202d6dfda09abbcbd9ceb08935570bf3e40d521d8606fffe68299c,1543,645,1543,4376,645,1290,2188,4376
NonLLMBar,21,0.6,raw_proxy,f8e38727a7202d6dfda09abbcbd9ceb08935570bf3e40d521d8606fffe68299c,1543,645,0,1290,645,1290,645,1290
NonLLMBar,22,0.2,audit_residual,ec37e8f96c835250abc19dc0041c70502c8038956a8997b68ed24f2933874b44,512,641,512,2306,641,1282,1153,2306
NonLLMBar,22,0.2,human_only,ec37e8f96c835250abc19dc0041c70502c8038956a8997b68ed24f2933874b44,512,641,512,1024,641,1282,1153,2306
NonLLMBar,22,0.2,ppi,ec37e8f96c835250abc19dc0041c70502c8038956a8997b68ed24f2933874b44,512,641,512,2306,641,1282,1153,2306
NonLLMBar,22,0.2,ppi_signed,ec37e8f96c835250abc19dc0041c70502c8038956a8997b68ed24f2933874b44,512,641,512,2306,641,1282,1153,2306
NonLLMBar,22,0.2,ppi_tuned,ec37e8f96c835250abc19dc0041c70502c8038956a8997b68ed24f2933874b44,512,641,512,2306,641,1282,1153,2306
NonLLMBar,22,0.2,raw_proxy,ec37e8f96c835250abc19dc0041c70502c8038956a8997b68ed24f2933874b44,512,641,0,1282,641,1282,641,1282
NonLLMBar,22,0.4,audit_residual,ceb7aab26607e7b4cf9bda68a7ef93ab600ad96afa33cba4b2fec8a97fca31a3,1031,641,1031,3344,641,1282,1672,3344
NonLLMBar,22,0.4,human_only,ceb7aab26607e7b4cf9bda68a7ef93ab600ad96afa33cba4b2fec8a97fca31a3,1031,641,1031,2062,641,1282,1672,3344
NonLLMBar,22,0.4,ppi,ceb7aab26607e7b4cf9bda68a7ef93ab600ad96afa33cba4b2fec8a97fca31a3,1031,641,1031,3344,641,1282,1672,3344
NonLLMBar,22,0.4,ppi_signed,ceb7aab26607e7b4cf9bda68a7ef93ab600ad96afa33cba4b2fec8a97fca31a3,1031,641,1031,3344,641,1282,1672,3344
NonLLMBar,22,0.4,ppi_tuned,ceb7aab26607e7b4cf9bda68a7ef93ab600ad96afa33cba4b2fec8a97fca31a3,1031,641,1031,3344,641,1282,1672,3344
NonLLMBar,22,0.4,raw_proxy,ceb7aab26607e7b4cf9bda68a7ef93ab600ad96afa33cba4b2fec8a97fca31a3,1031,641,0,1282,641,1282,641,1282
NonLLMBar,22,0.6,audit_residual,b466417e1a3f215a46e6a0a3e9120be7d671ebf2347ae217970ee6a1d8ea811e,1544,641,1544,4370,641,1282,2185,4370
NonLLMBar,22,0.6,human_only,b466417e1a3f215a46e6a0a3e9120be7d671ebf2347ae217970ee6a1d8ea811e,1544,641,1544,3088,641,1282,2185,4370
NonLLMBar,22,0.6,ppi,b466417e1a3f215a46e6a0a3e9120be7d671ebf2347ae217970ee6a1d8ea811e,1544,641,1544,4370,641,1282,2185,4370
NonLLMBar,22,0.6,ppi_signed,b466417e1a3f215a46e6a0a3e9120be7d671ebf2347ae217970ee6a1d8ea811e,1544,641,1544,4370,641,1282,2185,4370
NonLLMBar,22,0.6,ppi_tuned,b466417e1a3f215a46e6a0a3e9120be7d671ebf2347ae217970ee6a1d8ea811e,1544,641,1544,4370,641,1282,2185,4370
NonLLMBar,22,0.6,raw_proxy,b466417e1a3f215a46e6a0a3e9120be7d671ebf2347ae217970ee6a1d8ea811e,1544,641,0,1282,641,1282,641,1282
NonLLMBar,23,0.2,audit_residual,563022140a40d2a077b039be0fcd36072359fef04fc67a90c547a427d875cea5,521,639,521,2320,639,1278,1160,2320
NonLLMBar,23,0.2,human_only,563022140a40d2a077b039be0fcd36072359fef04fc67a90c547a427d875cea5,521,639,521,1042,639,1278,1160,2320
NonLLMBar,23,0.2,ppi,563022140a40d2a077b039be0fcd36072359fef04fc67a90c547a427d875cea5,521,639,521,2320,639,1278,1160,2320
NonLLMBar,23,0.2,ppi_signed,563022140a40d2a077b039be0fcd36072359fef04fc67a90c547a427d875cea5,521,639,521,2320,639,1278,1160,2320
NonLLMBar,23,0.2,ppi_tuned,563022140a40d2a077b039be0fcd36072359fef04fc67a90c547a427d875cea5,521,639,521,2320,639,1278,1160,2320
NonLLMBar,23,0.2,raw_proxy,563022140a40d2a077b039be0fcd36072359fef04fc67a90c547a427d875cea5,521,639,0,1278,639,1278,639,1278
NonLLMBar,23,0.4,audit_residual,e775d37af9623d3dde23e12193018d0113bd58d9a3c6a66f1fdf9e119a5d231a,1030,639,1030,3338,639,1278,1669,3338
NonLLMBar,23,0.4,human_only,e775d37af9623d3dde23e12193018d0113bd58d9a3c6a66f1fdf9e119a5d231a,1030,639,1030,2060,639,1278,1669,3338
NonLLMBar,23,0.4,ppi,e775d37af9623d3dde23e12193018d0113bd58d9a3c6a66f1fdf9e119a5d231a,1030,639,1030,3338,639,1278,1669,3338
NonLLMBar,23,0.4,ppi_signed,e775d37af9623d3dde23e12193018d0113bd58d9a3c6a66f1fdf9e119a5d231a,1030,639,1030,3338,639,1278,1669,3338
NonLLMBar,23,0.4,ppi_tuned,e775d37af9623d3dde23e12193018d0113bd58d9a3c6a66f1fdf9e119a5d231a,1030,639,1030,3338,639,1278,1669,3338
NonLLMBar,23,0.4,raw_proxy,e775d37af9623d3dde23e12193018d0113bd58d9a3c6a66f1fdf9e119a5d231a,1030,639,0,1278,639,1278,639,1278
NonLLMBar,23,0.6,audit_residual,44766f5c264429790b3adf6dbc59c21ee64fed40cba1afc3deb3efb6590f87b9,1545,639,1545,4368,639,1278,2184,4368
NonLLMBar,23,0.6,human_only,44766f5c264429790b3adf6dbc59c21ee64fed40cba1afc3deb3efb6590f87b9,1545,639,1545,3090,639,1278,2184,4368
NonLLMBar,23,0.6,ppi,44766f5c264429790b3adf6dbc59c21ee64fed40cba1afc3deb3efb6590f87b9,1545,639,1545,4368,639,1278,2184,4368
NonLLMBar,23,0.6,ppi_signed,44766f5c264429790b3adf6dbc59c21ee64fed40cba1afc3deb3efb6590f87b9,1545,639,1545,4368,639,1278,2184,4368
NonLLMBar,23,0.6,ppi_tuned,44766f5c264429790b3adf6dbc59c21ee64fed40cba1afc3deb3efb6590f87b9,1545,639,1545,4368,639,1278,2184,4368
NonLLMBar,23,0.6,raw_proxy,44766f5c264429790b3adf6dbc59c21ee64fed40cba1afc3deb3efb6590f87b9,1545,639,0,1278,639,1278,639,1278
NonLLMBar,24,0.2,audit_residual,2ec616fccb6a00eac38c98ef09fb31c41f04fb6898acaa76a30013cb26e59816,506,638,506,2288,638,1276,1144,2288
NonLLMBar,24,0.2,human_only,2ec616fccb6a00eac38c98ef09fb31c41f04fb6898acaa76a30013cb26e59816,506,638,506,1012,638,1276,1144,2288
NonLLMBar,24,0.2,ppi,2ec616fccb6a00eac38c98ef09fb31c41f04fb6898acaa76a30013cb26e59816,506,638,506,2288,638,1276,1144,2288
NonLLMBar,24,0.2,ppi_signed,2ec616fccb6a00eac38c98ef09fb31c41f04fb6898acaa76a30013cb26e59816,506,638,506,2288,638,1276,1144,2288
NonLLMBar,24,0.2,ppi_tuned,2ec616fccb6a00eac38c98ef09fb31c41f04fb6898acaa76a30013cb26e59816,506,638,506,2288,638,1276,1144,2288
NonLLMBar,24,0.2,raw_proxy,2ec616fccb6a00eac38c98ef09fb31c41f04fb6898acaa76a30013cb26e59816,506,638,0,1276,638,1276,638,1276
NonLLMBar,24,0.4,audit_residual,e3180a8f78d2eacb1919c9b31edba96d03e58cc0a329ee9345f6f2381c29eb20,1021,638,1021,3318,638,1276,1659,3318
NonLLMBar,24,0.4,human_only,e3180a8f78d2eacb1919c9b31edba96d03e58cc0a329ee9345f6f2381c29eb20,1021,638,1021,2042,638,1276,1659,3318
NonLLMBar,24,0.4,ppi,e3180a8f78d2eacb1919c9b31edba96d03e58cc0a329ee9345f6f2381c29eb20,1021,638,1021,3318,638,1276,1659,3318
NonLLMBar,24,0.4,ppi_signed,e3180a8f78d2eacb1919c9b31edba96d03e58cc0a329ee9345f6f2381c29eb20,1021,638,1021,3318,638,1276,1659,3318
NonLLMBar,24,0.4,ppi_tuned,e3180a8f78d2eacb1919c9b31edba96d03e58cc0a329ee9345f6f2381c29eb20,1021,638,1021,3318,638,1276,1659,3318
NonLLMBar,24,0.4,raw_proxy,e3180a8f78d2eacb1919c9b31edba96d03e58cc0a329ee9345f6f2381c29eb20,1021,638,0,1276,638,1276,638,1276
NonLLMBar,24,0.6,audit_residual,a6fe48041fc3f6f3bfac070043d770f9df876a38e597aeb0da730ed027a27eac,1538,638,1538,4352,638,1276,2176,4352
NonLLMBar,24,0.6,human_only,a6fe48041fc3f6f3bfac070043d770f9df876a38e597aeb0da730ed027a27eac,1538,638,1538,3076,638,1276,2176,4352
NonLLMBar,24,0.6,ppi,a6fe48041fc3f6f3bfac070043d770f9df876a38e597aeb0da730ed027a27eac,1538,638,1538,4352,638,1276,2176,4352
NonLLMBar,24,0.6,ppi_signed,a6fe48041fc3f6f3bfac070043d770f9df876a38e597aeb0da730ed027a27eac,1538,638,1538,4352,638,1276,2176,4352
NonLLMBar,24,0.6,ppi_tuned,a6fe48041fc3f6f3bfac070043d770f9df876a38e597aeb0da730ed027a27eac,1538,638,1538,4352,638,1276,2176,4352
NonLLMBar,24,0.6,raw_proxy,a6fe48041fc3f6f3bfac070043d770f9df876a38e597aeb0da730ed027a27eac,1538,638,0,1276,638,1276,638,1276
NonLLMBar,25,0.2,audit_residual,51a2ca270cd836cd9d8f1b65c8ae5dee268179fb1447b9f12a232d89653fe5f0,504,651,504,2310,651,1302,1155,2310
NonLLMBar,25,0.2,human_only,51a2ca270cd836cd9d8f1b65c8ae5dee268179fb1447b9f12a232d89653fe5f0,504,651,504,1008,651,1302,1155,2310
NonLLMBar,25,0.2,ppi,51a2ca270cd836cd9d8f1b65c8ae5dee268179fb1447b9f12a232d89653fe5f0,504,651,504,2310,651,1302,1155,2310
NonLLMBar,25,0.2,ppi_signed,51a2ca270cd836cd9d8f1b65c8ae5dee268179fb1447b9f12a232d89653fe5f0,504,651,504,2310,651,1302,1155,2310
NonLLMBar,25,0.2,ppi_tuned,51a2ca270cd836cd9d8f1b65c8ae5dee268179fb1447b9f12a232d89653fe5f0,504,651,504,2310,651,1302,1155,2310
NonLLMBar,25,0.2,raw_proxy,51a2ca270cd836cd9d8f1b65c8ae5dee268179fb1447b9f12a232d89653fe5f0,504,651,0,1302,651,1302,651,1302
NonLLMBar,25,0.4,audit_residual,273a9d74e3f1d4402b0323c20c294a2ba4f6bad513407d27b81c786061d15aba,1018,651,1018,3338,651,1302,1669,3338
NonLLMBar,25,0.4,human_only,273a9d74e3f1d4402b0323c20c294a2ba4f6bad513407d27b81c786061d15aba,1018,651,1018,2036,651,1302,1669,3338
NonLLMBar,25,0.4,ppi,273a9d74e3f1d4402b0323c20c294a2ba4f6bad513407d27b81c786061d15aba,1018,651,1018,3338,651,1302,1669,3338
NonLLMBar,25,0.4,ppi_signed,273a9d74e3f1d4402b0323c20c294a2ba4f6bad513407d27b81c786061d15aba,1018,651,1018,3338,651,1302,1669,3338
NonLLMBar,25,0.4,ppi_tuned,273a9d74e3f1d4402b0323c20c294a2ba4f6bad513407d27b81c786061d15aba,1018,651,1018,3338,651,1302,1669,3338
NonLLMBar,25,0.4,raw_proxy,273a9d74e3f1d4402b0323c20c294a2ba4f6bad513407d27b81c786061d15aba,1018,651,0,1302,651,1302,651,1302
NonLLMBar,25,0.6,audit_residual,2e3806f1e102eeedbf3fd6f64dc8951afbbfa90d161f2966da4a76f958ea53a9,1528,651,1528,4358,651,1302,2179,4358
NonLLMBar,25,0.6,human_only,2e3806f1e102eeedbf3fd6f64dc8951afbbfa90d161f2966da4a76f958ea53a9,1528,651,1528,3056,651,1302,2179,4358
NonLLMBar,25,0.6,ppi,2e3806f1e102eeedbf3fd6f64dc8951afbbfa90d161f2966da4a76f958ea53a9,1528,651,1528,4358,651,1302,2179,4358
NonLLMBar,25,0.6,ppi_signed,2e3806f1e102eeedbf3fd6f64dc8951afbbfa90d161f2966da4a76f958ea53a9,1528,651,1528,4358,651,1302,2179,4358
NonLLMBar,25,0.6,ppi_tuned,2e3806f1e102eeedbf3fd6f64dc8951afbbfa90d161f2966da4a76f958ea53a9,1528,651,1528,4358,651,1302,2179,4358
NonLLMBar,25,0.6,raw_proxy,2e3806f1e102eeedbf3fd6f64dc8951afbbfa90d161f2966da4a76f958ea53a9,1528,651,0,1302,651,1302,651,1302
NonLLMBar,26,0.2,audit_residual,2d0eb181a546d139dec20b6bae5d9a8c971668bad5124d6bd36e471cc464cde9,514,632,514,2292,632,1264,1146,2292
NonLLMBar,26,0.2,human_only,2d0eb181a546d139dec20b6bae5d9a8c971668bad5124d6bd36e471cc464cde9,514,632,514,1028,632,1264,1146,2292
NonLLMBar,26,0.2,ppi,2d0eb181a546d139dec20b6bae5d9a8c971668bad5124d6bd36e471cc464cde9,514,632,514,2292,632,1264,1146,2292
NonLLMBar,26,0.2,ppi_signed,2d0eb181a546d139dec20b6bae5d9a8c971668bad5124d6bd36e471cc464cde9,514,632,514,2292,632,1264,1146,2292
NonLLMBar,26,0.2,ppi_tuned,2d0eb181a546d139dec20b6bae5d9a8c971668bad5124d6bd36e471cc464cde9,514,632,514,2292,632,1264,1146,2292
NonLLMBar,26,0.2,raw_proxy,2d0eb181a546d139dec20b6bae5d9a8c971668bad5124d6bd36e471cc464cde9,514,632,0,1264,632,1264,632,1264
NonLLMBar,26,0.4,audit_residual,507db553dc7b2edcc1a5d40f5f397853f8ab7f4bddd87eb8340335ee4b8a8368,1029,632,1029,3322,632,1264,1661,3322
NonLLMBar,26,0.4,human_only,507db553dc7b2edcc1a5d40f5f397853f8ab7f4bddd87eb8340335ee4b8a8368,1029,632,1029,2058,632,1264,1661,3322
NonLLMBar,26,0.4,ppi,507db553dc7b2edcc1a5d40f5f397853f8ab7f4bddd87eb8340335ee4b8a8368,1029,632,1029,3322,632,1264,1661,3322
NonLLMBar,26,0.4,ppi_signed,507db553dc7b2edcc1a5d40f5f397853f8ab7f4bddd87eb8340335ee4b8a8368,1029,632,1029,3322,632,1264,1661,3322
NonLLMBar,26,0.4,ppi_tuned,507db553dc7b2edcc1a5d40f5f397853f8ab7f4bddd87eb8340335ee4b8a8368,1029,632,1029,3322,632,1264,1661,3322
NonLLMBar,26,0.4,raw_proxy,507db553dc7b2edcc1a5d40f5f397853f8ab7f4bddd87eb8340335ee4b8a8368,1029,632,0,1264,632,1264,632,1264
NonLLMBar,26,0.6,audit_residual,9d26014ac79f87dea89336181c5a5453a4863a71ba114e5c1c7421796fbc8251,1543,632,1543,4350,632,1264,2175,4350
NonLLMBar,26,0.6,human_only,9d26014ac79f87dea89336181c5a5453a4863a71ba114e5c1c7421796fbc8251,1543,632,1543,3086,632,1264,2175,4350
NonLLMBar,26,0.6,ppi,9d26014ac79f87dea89336181c5a5453a4863a71ba114e5c1c7421796fbc8251,1543,632,1543,4350,632,1264,2175,4350
NonLLMBar,26,0.6,ppi_signed,9d26014ac79f87dea89336181c5a5453a4863a71ba114e5c1c7421796fbc8251,1543,632,1543,4350,632,1264,2175,4350
NonLLMBar,26,0.6,ppi_tuned,9d26014ac79f87dea89336181c5a5453a4863a71ba114e5c1c7421796fbc8251,1543,632,1543,4350,632,1264,2175,4350
NonLLMBar,26,0.6,raw_proxy,9d26014ac79f87dea89336181c5a5453a4863a71ba114e5c1c7421796fbc8251,1543,632,0,1264,632,1264,632,1264
NonLLMBar,27,0.2,audit_residual,66de9222cfb1b964ec61f927ca1ac282b37c009510152ee87e6ff80ddb8864c7,502,653,502,2310,653,1306,1155,2310
NonLLMBar,27,0.2,human_only,66de9222cfb1b964ec61f927ca1ac282b37c009510152ee87e6ff80ddb8864c7,502,653,502,1004,653,1306,1155,2310
NonLLMBar,27,0.2,ppi,66de9222cfb1b964ec61f927ca1ac282b37c009510152ee87e6ff80ddb8864c7,502,653,502,2310,653,1306,1155,2310
NonLLMBar,27,0.2,ppi_signed,66de9222cfb1b964ec61f927ca1ac282b37c009510152ee87e6ff80ddb8864c7,502,653,502,2310,653,1306,1155,2310
NonLLMBar,27,0.2,ppi_tuned,66de9222cfb1b964ec61f927ca1ac282b37c009510152ee87e6ff80ddb8864c7,502,653,502,2310,653,1306,1155,2310
NonLLMBar,27,0.2,raw_proxy,66de9222cfb1b964ec61f927ca1ac282b37c009510152ee87e6ff80ddb8864c7,502,653,0,1306,653,1306,653,1306
NonLLMBar,27,0.4,audit_residual,7cdb05f5b5eb5094644ae7950ea468ddd273c53a61d01b5eccdeaf6f3c9948d4,1017,653,1017,3340,653,1306,1670,3340
NonLLMBar,27,0.4,human_only,7cdb05f5b5eb5094644ae7950ea468ddd273c53a61d01b5eccdeaf6f3c9948d4,1017,653,1017,2034,653,1306,1670,3340
NonLLMBar,27,0.4,ppi,7cdb05f5b5eb5094644ae7950ea468ddd273c53a61d01b5eccdeaf6f3c9948d4,1017,653,1017,3340,653,1306,1670,3340
NonLLMBar,27,0.4,ppi_signed,7cdb05f5b5eb5094644ae7950ea468ddd273c53a61d01b5eccdeaf6f3c9948d4,1017,653,1017,3340,653,1306,1670,3340
NonLLMBar,27,0.4,ppi_tuned,7cdb05f5b5eb5094644ae7950ea468ddd273c53a61d01b5eccdeaf6f3c9948d4,1017,653,1017,3340,653,1306,1670,3340
NonLLMBar,27,0.4,raw_proxy,7cdb05f5b5eb5094644ae7950ea468ddd273c53a61d01b5eccdeaf6f3c9948d4,1017,653,0,1306,653,1306,653,1306
NonLLMBar,27,0.6,audit_residual,b9e2c9c8fd3014b41488d51be68dfed836af9dfae50362a52d4143987c3ecac5,1517,653,1517,4340,653,1306,2170,4340
NonLLMBar,27,0.6,human_only,b9e2c9c8fd3014b41488d51be68dfed836af9dfae50362a52d4143987c3ecac5,1517,653,1517,3034,653,1306,2170,4340
NonLLMBar,27,0.6,ppi,b9e2c9c8fd3014b41488d51be68dfed836af9dfae50362a52d4143987c3ecac5,1517,653,1517,4340,653,1306,2170,4340
NonLLMBar,27,0.6,ppi_signed,b9e2c9c8fd3014b41488d51be68dfed836af9dfae50362a52d4143987c3ecac5,1517,653,1517,4340,653,1306,2170,4340
NonLLMBar,27,0.6,ppi_tuned,b9e2c9c8fd3014b41488d51be68dfed836af9dfae50362a52d4143987c3ecac5,1517,653,1517,4340,653,1306,2170,4340
NonLLMBar,27,0.6,raw_proxy,b9e2c9c8fd3014b41488d51be68dfed836af9dfae50362a52d4143987c3ecac5,1517,653,0,1306,653,1306,653,1306
NonLLMBar,28,0.2,audit_residual,edbd2314ab3cb5ae7e462e064e07f37f99b29b11c043438b9afd01efc0f01f78,525,635,525,2320,635,1270,1160,2320
NonLLMBar,28,0.2,human_only,edbd2314ab3cb5ae7e462e064e07f37f99b29b11c043438b9afd01efc0f01f78,525,635,525,1050,635,1270,1160,2320
NonLLMBar,28,0.2,ppi,edbd2314ab3cb5ae7e462e064e07f37f99b29b11c043438b9afd01efc0f01f78,525,635,525,2320,635,1270,1160,2320
NonLLMBar,28,0.2,ppi_signed,edbd2314ab3cb5ae7e462e064e07f37f99b29b11c043438b9afd01efc0f01f78,525,635,525,2320,635,1270,1160,2320
NonLLMBar,28,0.2,ppi_tuned,edbd2314ab3cb5ae7e462e064e07f37f99b29b11c043438b9afd01efc0f01f78,525,635,525,2320,635,1270,1160,2320
NonLLMBar,28,0.2,raw_proxy,edbd2314ab3cb5ae7e462e064e07f37f99b29b11c043438b9afd01efc0f01f78,525,635,0,1270,635,1270,635,1270
NonLLMBar,28,0.4,audit_residual,a4ead5538216e91af00d9c1ba19e0de238dd014a48f2d0829b4748bc9190ff8b,1026,635,1026,3322,635,1270,1661,3322
NonLLMBar,28,0.4,human_only,a4ead5538216e91af00d9c1ba19e0de238dd014a48f2d0829b4748bc9190ff8b,1026,635,1026,2052,635,1270,1661,3322
NonLLMBar,28,0.4,ppi,a4ead5538216e91af00d9c1ba19e0de238dd014a48f2d0829b4748bc9190ff8b,1026,635,1026,3322,635,1270,1661,3322
NonLLMBar,28,0.4,ppi_signed,a4ead5538216e91af00d9c1ba19e0de238dd014a48f2d0829b4748bc9190ff8b,1026,635,1026,3322,635,1270,1661,3322
NonLLMBar,28,0.4,ppi_tuned,a4ead5538216e91af00d9c1ba19e0de238dd014a48f2d0829b4748bc9190ff8b,1026,635,1026,3322,635,1270,1661,3322
NonLLMBar,28,0.4,raw_proxy,a4ead5538216e91af00d9c1ba19e0de238dd014a48f2d0829b4748bc9190ff8b,1026,635,0,1270,635,1270,635,1270
NonLLMBar,28,0.6,audit_residual,0470182851362a82f2e63a11b8ce544c7b82236d0dc0192fc1f81d5d0f1b6f9f,1529,635,1529,4328,635,1270,2164,4328
NonLLMBar,28,0.6,human_only,0470182851362a82f2e63a11b8ce544c7b82236d0dc0192fc1f81d5d0f1b6f9f,1529,635,1529,3058,635,1270,2164,4328
NonLLMBar,28,0.6,ppi,0470182851362a82f2e63a11b8ce544c7b82236d0dc0192fc1f81d5d0f1b6f9f,1529,635,1529,4328,635,1270,2164,4328
NonLLMBar,28,0.6,ppi_signed,0470182851362a82f2e63a11b8ce544c7b82236d0dc0192fc1f81d5d0f1b6f9f,1529,635,1529,4328,635,1270,2164,4328
NonLLMBar,28,0.6,ppi_tuned,0470182851362a82f2e63a11b8ce544c7b82236d0dc0192fc1f81d5d0f1b6f9f,1529,635,1529,4328,635,1270,2164,4328
NonLLMBar,28,0.6,raw_proxy,0470182851362a82f2e63a11b8ce544c7b82236d0dc0192fc1f81d5d0f1b6f9f,1529,635,0,1270,635,1270,635,1270
NonLLMBar,29,0.2,audit_residual,87e7d467125197edfa5c3ac0fd70e6094b209797bf286dfc6c867b20b8520af3,511,642,511,2306,642,1284,1153,2306
NonLLMBar,29,0.2,human_only,87e7d467125197edfa5c3ac0fd70e6094b209797bf286dfc6c867b20b8520af3,511,642,511,1022,642,1284,1153,2306
NonLLMBar,29,0.2,ppi,87e7d467125197edfa5c3ac0fd70e6094b209797bf286dfc6c867b20b8520af3,511,642,511,2306,642,1284,1153,2306
NonLLMBar,29,0.2,ppi_signed,87e7d467125197edfa5c3ac0fd70e6094b209797bf286dfc6c867b20b8520af3,511,642,511,2306,642,1284,1153,2306
NonLLMBar,29,0.2,ppi_tuned,87e7d467125197edfa5c3ac0fd70e6094b209797bf286dfc6c867b20b8520af3,511,642,511,2306,642,1284,1153,2306
NonLLMBar,29,0.2,raw_proxy,87e7d467125197edfa5c3ac0fd70e6094b209797bf286dfc6c867b20b8520af3,511,642,0,1284,642,1284,642,1284
NonLLMBar,29,0.4,audit_residual,72ea13c73a494a85abccee423b45498a7e1d2f46f119f362ce525b13fc0aa521,1030,642,1030,3344,642,1284,1672,3344
NonLLMBar,29,0.4,human_only,72ea13c73a494a85abccee423b45498a7e1d2f46f119f362ce525b13fc0aa521,1030,642,1030,2060,642,1284,1672,3344
NonLLMBar,29,0.4,ppi,72ea13c73a494a85abccee423b45498a7e1d2f46f119f362ce525b13fc0aa521,1030,642,1030,3344,642,1284,1672,3344
NonLLMBar,29,0.4,ppi_signed,72ea13c73a494a85abccee423b45498a7e1d2f46f119f362ce525b13fc0aa521,1030,642,1030,3344,642,1284,1672,3344
NonLLMBar,29,0.4,ppi_tuned,72ea13c73a494a85abccee423b45498a7e1d2f46f119f362ce525b13fc0aa521,1030,642,1030,3344,642,1284,1672,3344
NonLLMBar,29,0.4,raw_proxy,72ea13c73a494a85abccee423b45498a7e1d2f46f119f362ce525b13fc0aa521,1030,642,0,1284,642,1284,642,1284
NonLLMBar,29,0.6,audit_residual,4436752b4cf5aa2f48708b1a854ffcd00ff706f4567b17f44a89fa1e91393043,1534,642,1534,4352,642,1284,2176,4352
NonLLMBar,29,0.6,human_only,4436752b4cf5aa2f48708b1a854ffcd00ff706f4567b17f44a89fa1e91393043,1534,642,1534,3068,642,1284,2176,4352
NonLLMBar,29,0.6,ppi,4436752b4cf5aa2f48708b1a854ffcd00ff706f4567b17f44a89fa1e91393043,1534,642,1534,4352,642,1284,2176,4352
NonLLMBar,29,0.6,ppi_signed,4436752b4cf5aa2f48708b1a854ffcd00ff706f4567b17f44a89fa1e91393043,1534,642,1534,4352,642,1284,2176,4352
NonLLMBar,29,0.6,ppi_tuned,4436752b4cf5aa2f48708b1a854ffcd00ff706f4567b17f44a89fa1e91393043,1534,642,1534,4352,642,1284,2176,4352
NonLLMBar,29,0.6,raw_proxy,4436752b4cf5aa2f48708b1a854ffcd00ff706f4567b17f44a89fa1e91393043,1534,642,0,1284,642,1284,642,1284
