scenario,profile,total_budget,truth,method,interval_family,n_pilot,n_labeled,n_unlabeled,total_labels_used,unique_prediction_scores_used,proxy_scores_supplied,theorem_applicable,alpha,baseline,metric,mean_difference,mcse,repetitions
iid_balanced_strong_b0020,balanced_strong,20,0.5,human_normal,normal,0,20,200,20,0,220,False,0.050000000000000003,same_audit_normal,bias,2.5252906291941547e-05,0.0020286528169625217,2000
iid_balanced_strong_b0020,balanced_strong,20,0.5,human_normal,normal,0,20,200,20,0,220,False,0.050000000000000003,same_audit_normal,mse,0.0078002220889404408,0.00035211092418843882,2000
iid_balanced_strong_b0020,balanced_strong,20,0.5,human_normal,normal,0,20,200,20,0,220,False,0.050000000000000003,same_audit_normal,rmse,0.043704029317246276,0.0016238223425976536,2000
iid_balanced_strong_b0020,balanced_strong,20,0.5,same_audit_normal,normal,0,20,200,20,220,220,False,0.050000000000000003,human_normal,bias,-2.5252906291941547e-05,0.0020286528169625217,2000
iid_balanced_strong_b0020,balanced_strong,20,0.5,same_audit_normal,normal,0,20,200,20,220,220,False,0.050000000000000003,human_normal,mse,-0.0078002220889404408,0.00035211092418843882,2000
iid_balanced_strong_b0020,balanced_strong,20,0.5,same_audit_normal,normal,0,20,200,20,220,220,False,0.050000000000000003,human_normal,rmse,-0.043704029317246276,0.0016238223425976536,2000
iid_balanced_strong_b0020,balanced_strong,20,0.5,same_audit_grid_eb,empirical_bernstein,0,20,200,20,220,220,True,0.050000000000000003,human_normal,bias,0,0,2000
iid_balanced_strong_b0020,balanced_strong,20,0.5,same_audit_grid_eb,empirical_bernstein,0,20,200,20,220,220,True,0.050000000000000003,human_normal,mse,0,0,2000
iid_balanced_strong_b0020,balanced_strong,20,0.5,same_audit_grid_eb,empirical_bernstein,0,20,200,20,220,220,True,0.050000000000000003,human_normal,rmse,0,0,2000
iid_balanced_strong_b0020,balanced_strong,20,0.5,same_audit_grid_eb,empirical_bernstein,0,20,200,20,220,220,True,0.050000000000000003,same_audit_normal,bias,2.5252906291941547e-05,0.0020286528169625217,2000
iid_balanced_strong_b0020,balanced_strong,20,0.5,same_audit_grid_eb,empirical_bernstein,0,20,200,20,220,220,True,0.050000000000000003,same_audit_normal,mse,0.0078002220889404408,0.00035211092418843882,2000
iid_balanced_strong_b0020,balanced_strong,20,0.5,same_audit_grid_eb,empirical_bernstein,0,20,200,20,220,220,True,0.050000000000000003,same_audit_normal,rmse,0.043704029317246276,0.0016238223425976536,2000
iid_balanced_strong_b0020,balanced_strong,20,0.5,pilot20_normal,normal,4,16,200,20,220,220,False,0.050000000000000003,human_normal,bias,-0.0011384645061728405,0.0021336918108382148,2000
iid_balanced_strong_b0020,balanced_strong,20,0.5,pilot20_normal,normal,4,16,200,20,220,220,False,0.050000000000000003,human_normal,mse,-0.005008349280430765,0.00036620761220831335,2000
iid_balanced_strong_b0020,balanced_strong,20,0.5,pilot20_normal,normal,4,16,200,20,220,220,False,0.050000000000000003,human_normal,rmse,-0.025458820867388848,0.0017849698211355378,2000
iid_balanced_strong_b0020,balanced_strong,20,0.5,pilot20_normal,normal,4,16,200,20,220,220,False,0.050000000000000003,same_audit_normal,bias,-0.0011132115998808989,0.0011917427552219329,2000
iid_balanced_strong_b0020,balanced_strong,20,0.5,pilot20_normal,normal,4,16,200,20,220,220,False,0.050000000000000003,same_audit_normal,mse,0.0027918728085096762,0.00021459271418607865,2000
iid_balanced_strong_b0020,balanced_strong,20,0.5,pilot20_normal,normal,4,16,200,20,220,220,False,0.050000000000000003,same_audit_normal,rmse,0.018245208449857428,0.0012571034028850694,2000
iid_balanced_strong_b0020,balanced_strong,20,0.5,pilot50_normal,normal,10,10,200,20,220,220,False,0.050000000000000003,human_normal,bias,0.0017221523053665914,0.002572553322847889,2000
iid_balanced_strong_b0020,balanced_strong,20,0.5,pilot50_normal,normal,10,10,200,20,220,220,False,0.050000000000000003,human_normal,mse,-0.0037066918367918262,0.00046391975209026623,2000
iid_balanced_strong_b0020,balanced_strong,20,0.5,pilot50_normal,normal,10,10,200,20,220,220,False,0.050000000000000003,human_normal,rmse,-0.01816885549064387,0.0022509877834490178,2000
iid_balanced_strong_b0020,balanced_strong,20,0.5,pilot50_normal,normal,10,10,200,20,220,220,False,0.050000000000000003,same_audit_normal,bias,0.0017474052116585332,0.0014160887511993645,2000
iid_balanced_strong_b0020,balanced_strong,20,0.5,pilot50_normal,normal,10,10,200,20,220,220,False,0.050000000000000003,same_audit_normal,mse,0.0040935302521486142,0.0002575500495456819,2000
iid_balanced_strong_b0020,balanced_strong,20,0.5,pilot50_normal,normal,10,10,200,20,220,220,False,0.050000000000000003,same_audit_normal,rmse,0.025535173826602406,0.0013909301279302446,2000
iid_balanced_strong_b0020,balanced_strong,20,0.5,human_normal,normal,0,20,200,20,0,220,False,0.050000000000000003,same_audit_normal,width,0.19844153829528569,0.001630025219881099,2000
iid_balanced_strong_b0020,balanced_strong,20,0.5,human_normal,normal,0,20,200,20,0,220,False,0.050000000000000003,same_audit_normal,coverage,0.025999999999999999,0.0062993524207223253,2000
iid_balanced_strong_b0020,balanced_strong,20,0.5,same_audit_normal,normal,0,20,200,20,220,220,False,0.050000000000000003,human_normal,width,-0.19844153829528569,0.001630025219881099,2000
iid_balanced_strong_b0020,balanced_strong,20,0.5,same_audit_normal,normal,0,20,200,20,220,220,False,0.050000000000000003,human_normal,coverage,-0.025999999999999999,0.0062993524207223253,2000
iid_balanced_strong_b0020,balanced_strong,20,0.5,pilot20_normal,normal,4,16,200,20,220,220,False,0.050000000000000003,human_normal,width,-0.12377048531340407,0.0027547343897294865,2000
iid_balanced_strong_b0020,balanced_strong,20,0.5,pilot20_normal,normal,4,16,200,20,220,220,False,0.050000000000000003,human_normal,coverage,-0.018499999999999999,0.0064108833020385097,2000
iid_balanced_strong_b0020,balanced_strong,20,0.5,pilot20_normal,normal,4,16,200,20,220,220,False,0.050000000000000003,same_audit_normal,width,0.074671052981881605,0.0019479422612531821,2000
iid_balanced_strong_b0020,balanced_strong,20,0.5,pilot20_normal,normal,4,16,200,20,220,220,False,0.050000000000000003,same_audit_normal,coverage,0.0074999999999999997,0.0049733532069480583,2000
iid_balanced_strong_b0020,balanced_strong,20,0.5,pilot50_normal,normal,10,10,200,20,220,220,False,0.050000000000000003,human_normal,width,-0.11382504751391889,0.0035625533355273594,2000
iid_balanced_strong_b0020,balanced_strong,20,0.5,pilot50_normal,normal,10,10,200,20,220,220,False,0.050000000000000003,human_normal,coverage,-0.017999999999999999,0.006697792936117654,2000
iid_balanced_strong_b0020,balanced_strong,20,0.5,pilot50_normal,normal,10,10,200,20,220,220,False,0.050000000000000003,same_audit_normal,width,0.084616490781366793,0.0024548973807244998,2000
iid_balanced_strong_b0020,balanced_strong,20,0.5,pilot50_normal,normal,10,10,200,20,220,220,False,0.050000000000000003,same_audit_normal,coverage,0.0080000000000000002,0.0055662816804284117,2000
iid_balanced_strong_b0020,balanced_strong,20,0.5,human_eb,empirical_bernstein,0,20,200,20,0,220,True,0.050000000000000003,same_audit_grid_eb,width,-0.7211027528631262,0.00013806762444851071,2000
iid_balanced_strong_b0020,balanced_strong,20,0.5,human_eb,empirical_bernstein,0,20,200,20,0,220,True,0.050000000000000003,same_audit_grid_eb,coverage,0,0,2000
iid_balanced_strong_b0020,balanced_strong,20,0.5,same_audit_grid_eb,empirical_bernstein,0,20,200,20,220,220,True,0.050000000000000003,human_eb,width,0.7211027528631262,0.00013806762444851071,2000
iid_balanced_strong_b0020,balanced_strong,20,0.5,same_audit_grid_eb,empirical_bernstein,0,20,200,20,220,220,True,0.050000000000000003,human_eb,coverage,0,0,2000
iid_balanced_strong_b0020,balanced_strong,20,0.5,pilot20_eb,empirical_bernstein,4,16,200,20,220,220,True,0.050000000000000003,human_eb,width,1.5711955170017213,0.014172731051088638,2000
iid_balanced_strong_b0020,balanced_strong,20,0.5,pilot20_eb,empirical_bernstein,4,16,200,20,220,220,True,0.050000000000000003,human_eb,coverage,0,0,2000
iid_balanced_strong_b0020,balanced_strong,20,0.5,pilot20_eb,empirical_bernstein,4,16,200,20,220,220,True,0.050000000000000003,same_audit_grid_eb,width,0.85009276413859514,0.014159934337749277,2000
iid_balanced_strong_b0020,balanced_strong,20,0.5,pilot20_eb,empirical_bernstein,4,16,200,20,220,220,True,0.050000000000000003,same_audit_grid_eb,coverage,0,0,2000
iid_balanced_strong_b0020,balanced_strong,20,0.5,pilot50_eb,empirical_bernstein,10,10,200,20,220,220,True,0.050000000000000003,human_eb,width,3.7709645299517369,0.011621917521548073,2000
iid_balanced_strong_b0020,balanced_strong,20,0.5,pilot50_eb,empirical_bernstein,10,10,200,20,220,220,True,0.050000000000000003,human_eb,coverage,0,0,2000
iid_balanced_strong_b0020,balanced_strong,20,0.5,pilot50_eb,empirical_bernstein,10,10,200,20,220,220,True,0.050000000000000003,same_audit_grid_eb,width,3.0498617770886103,0.01161567129905868,2000
iid_balanced_strong_b0020,balanced_strong,20,0.5,pilot50_eb,empirical_bernstein,10,10,200,20,220,220,True,0.050000000000000003,same_audit_grid_eb,coverage,0,0,2000
iid_balanced_strong_b0200,balanced_strong,200,0.5,human_normal,normal,0,200,2000,200,0,2200,False,0.050000000000000003,same_audit_normal,bias,-0.00061804977429881372,0.0006280736179496211,2000
iid_balanced_strong_b0200,balanced_strong,200,0.5,human_normal,normal,0,200,2000,200,0,2200,False,0.050000000000000003,same_audit_normal,mse,0.00082170355343665904,3.825923483458668e-05,2000
iid_balanced_strong_b0200,balanced_strong,200,0.5,human_normal,normal,0,200,2000,200,0,2200,False,0.050000000000000003,same_audit_normal,rmse,0.014627948095410671,0.00055031959325278768,2000
iid_balanced_strong_b0200,balanced_strong,200,0.5,same_audit_normal,normal,0,200,2000,200,2200,2200,False,0.050000000000000003,human_normal,bias,0.00061804977429881372,0.0006280736179496211,2000
iid_balanced_strong_b0200,balanced_strong,200,0.5,same_audit_normal,normal,0,200,2000,200,2200,2200,False,0.050000000000000003,human_normal,mse,-0.00082170355343665904,3.825923483458668e-05,2000
iid_balanced_strong_b0200,balanced_strong,200,0.5,same_audit_normal,normal,0,200,2000,200,2200,2200,False,0.050000000000000003,human_normal,rmse,-0.014627948095410671,0.00055031959325278768,2000
iid_balanced_strong_b0200,balanced_strong,200,0.5,same_audit_grid_eb,empirical_bernstein,0,200,2000,200,2200,2200,True,0.050000000000000003,human_normal,bias,-4.3749999999997956e-07,4.3872325504355103e-06,2000
iid_balanced_strong_b0200,balanced_strong,200,0.5,same_audit_grid_eb,empirical_bernstein,0,200,2000,200,2200,2200,True,0.050000000000000003,human_normal,mse,-1.1152343749999904e-07,2.764200356735929e-07,2000
iid_balanced_strong_b0200,balanced_strong,200,0.5,same_audit_grid_eb,empirical_bernstein,0,200,2000,200,2200,2200,True,0.050000000000000003,human_normal,rmse,-1.5751918455361724e-06,3.9041926314657613e-06,2000
iid_balanced_strong_b0200,balanced_strong,200,0.5,same_audit_grid_eb,empirical_bernstein,0,200,2000,200,2200,2200,True,0.050000000000000003,same_audit_normal,bias,-0.00061848727429881362,0.00062798221616103202,2000
iid_balanced_strong_b0200,balanced_strong,200,0.5,same_audit_grid_eb,empirical_bernstein,0,200,2000,200,2200,2200,True,0.050000000000000003,same_audit_normal,mse,0.00082159202999915909,3.825520588188491e-05,2000
iid_balanced_strong_b0200,balanced_strong,200,0.5,same_audit_grid_eb,empirical_bernstein,0,200,2000,200,2200,2200,True,0.050000000000000003,same_audit_normal,rmse,0.014626372903565135,0.00055026130888733988,2000
iid_balanced_strong_b0200,balanced_strong,200,0.5,pilot20_normal,normal,40,160,2000,200,2200,2200,False,0.050000000000000003,human_normal,bias,0.00087199289232353617,0.0006766171442925998,2000
iid_balanced_strong_b0200,balanced_strong,200,0.5,pilot20_normal,normal,40,160,2000,200,2200,2200,False,0.050000000000000003,human_normal,mse,-0.00073648892085916289,3.9158151196498708e-05,2000
iid_balanced_strong_b0200,balanced_strong,200,0.5,pilot20_normal,normal,40,160,2000,200,2200,2200,False,0.050000000000000003,human_normal,rmse,-0.012669186816299364,0.00058249282468212564,2000
iid_balanced_strong_b0200,balanced_strong,200,0.5,pilot20_normal,normal,40,160,2000,200,2200,2200,False,0.050000000000000003,same_audit_normal,bias,0.00025394311802472245,0.00021408370340655368,2000
iid_balanced_strong_b0200,balanced_strong,200,0.5,pilot20_normal,normal,40,160,2000,200,2200,2200,False,0.050000000000000003,same_audit_normal,mse,8.5214632577496123e-05,9.4853867792574102e-06,2000
iid_balanced_strong_b0200,balanced_strong,200,0.5,pilot20_normal,normal,40,160,2000,200,2200,2200,False,0.050000000000000003,same_audit_normal,rmse,0.0019587612791113068,0.00020768363337478891,2000
iid_balanced_strong_b0200,balanced_strong,200,0.5,pilot50_normal,normal,100,100,2000,200,2200,2200,False,0.050000000000000003,human_normal,bias,0.0012611925682104478,0.00077640081652288588,2000
iid_balanced_strong_b0200,balanced_strong,200,0.5,pilot50_normal,normal,100,100,2000,200,2200,2200,False,0.050000000000000003,human_normal,mse,-0.00048630046083827222,4.3878897508418194e-05,2000
iid_balanced_strong_b0200,balanced_strong,200,0.5,pilot50_normal,normal,100,100,2000,200,2200,2200,False,0.050000000000000003,human_normal,rmse,-0.0077075647558317167,0.00066451539808976804,2000
iid_balanced_strong_b0200,balanced_strong,200,0.5,pilot50_normal,normal,100,100,2000,200,2200,2200,False,0.050000000000000003,same_audit_normal,bias,0.00064314279391163422,0.00041436470071664082,2000
iid_balanced_strong_b0200,balanced_strong,200,0.5,pilot50_normal,normal,100,100,2000,200,2200,2200,False,0.050000000000000003,same_audit_normal,mse,0.00033540309259838676,2.0075028048903857e-05,2000
iid_balanced_strong_b0200,balanced_strong,200,0.5,pilot50_normal,normal,100,100,2000,200,2200,2200,False,0.050000000000000003,same_audit_normal,rmse,0.0069203833395789539,0.00036460600342048602,2000
iid_balanced_strong_b0200,balanced_strong,200,0.5,human_normal,normal,0,200,2000,200,0,2200,False,0.050000000000000003,same_audit_normal,width,0.058033014266160352,0.00015066815249587602,2000
iid_balanced_strong_b0200,balanced_strong,200,0.5,human_normal,normal,0,200,2000,200,0,2200,False,0.050000000000000003,same_audit_normal,coverage,-0.0040000000000000001,0.0062459191279487791,2000
iid_balanced_strong_b0200,balanced_strong,200,0.5,same_audit_normal,normal,0,200,2000,200,2200,2200,False,0.050000000000000003,human_normal,width,-0.058033014266160352,0.00015066815249587602,2000
iid_balanced_strong_b0200,balanced_strong,200,0.5,same_audit_normal,normal,0,200,2000,200,2200,2200,False,0.050000000000000003,human_normal,coverage,0.0040000000000000001,0.0062459191279487791,2000
iid_balanced_strong_b0200,balanced_strong,200,0.5,pilot20_normal,normal,40,160,2000,200,2200,2200,False,0.050000000000000003,human_normal,width,-0.049286836405618109,0.00019868732728997254,2000
iid_balanced_strong_b0200,balanced_strong,200,0.5,pilot20_normal,normal,40,160,2000,200,2200,2200,False,0.050000000000000003,human_normal,coverage,0.0070000000000000001,0.0063636269433348276,2000
iid_balanced_strong_b0200,balanced_strong,200,0.5,pilot20_normal,normal,40,160,2000,200,2200,2200,False,0.050000000000000003,same_audit_normal,width,0.0087461778605422355,8.8479603579788557e-05,2000
iid_balanced_strong_b0200,balanced_strong,200,0.5,pilot20_normal,normal,40,160,2000,200,2200,2200,False,0.050000000000000003,same_audit_normal,coverage,0.0030000000000000001,0.0044727511389943981,2000
iid_balanced_strong_b0200,balanced_strong,200,0.5,pilot50_normal,normal,100,100,2000,200,2200,2200,False,0.050000000000000003,human_normal,width,-0.030209657142694989,0.00033980626904886858,2000
iid_balanced_strong_b0200,balanced_strong,200,0.5,pilot50_normal,normal,100,100,2000,200,2200,2200,False,0.050000000000000003,human_normal,coverage,-0.0040000000000000001,0.0069653613064265757,2000
iid_balanced_strong_b0200,balanced_strong,200,0.5,pilot50_normal,normal,100,100,2000,200,2200,2200,False,0.050000000000000003,same_audit_normal,width,0.027823357123465359,0.00024990749037923337,2000
iid_balanced_strong_b0200,balanced_strong,200,0.5,pilot50_normal,normal,100,100,2000,200,2200,2200,False,0.050000000000000003,same_audit_normal,coverage,-0.0080000000000000002,0.0057432127112029439,2000
iid_balanced_strong_b0200,balanced_strong,200,0.5,human_eb,empirical_bernstein,0,200,2000,200,0,2200,True,0.050000000000000003,same_audit_grid_eb,width,-0.10320835813966314,4.1769743294073868e-06,2000
iid_balanced_strong_b0200,balanced_strong,200,0.5,human_eb,empirical_bernstein,0,200,2000,200,0,2200,True,0.050000000000000003,same_audit_grid_eb,coverage,0,0,2000
iid_balanced_strong_b0200,balanced_strong,200,0.5,same_audit_grid_eb,empirical_bernstein,0,200,2000,200,2200,2200,True,0.050000000000000003,human_eb,width,0.10320835813966314,4.1769743294073868e-06,2000
iid_balanced_strong_b0200,balanced_strong,200,0.5,same_audit_grid_eb,empirical_bernstein,0,200,2000,200,2200,2200,True,0.050000000000000003,human_eb,coverage,0,0,2000
iid_balanced_strong_b0200,balanced_strong,200,0.5,pilot20_eb,empirical_bernstein,40,160,2000,200,2200,2200,True,0.050000000000000003,human_eb,width,0.15325877029989801,0.00048545244050480926,2000
iid_balanced_strong_b0200,balanced_strong,200,0.5,pilot20_eb,empirical_bernstein,40,160,2000,200,2200,2200,True,0.050000000000000003,human_eb,coverage,0,0,2000
iid_balanced_strong_b0200,balanced_strong,200,0.5,pilot20_eb,empirical_bernstein,40,160,2000,200,2200,2200,True,0.050000000000000003,same_audit_grid_eb,width,0.050050412160234869,0.00048546130589455683,2000
iid_balanced_strong_b0200,balanced_strong,200,0.5,pilot20_eb,empirical_bernstein,40,160,2000,200,2200,2200,True,0.050000000000000003,same_audit_grid_eb,coverage,0,0,2000
iid_balanced_strong_b0200,balanced_strong,200,0.5,pilot50_eb,empirical_bernstein,100,100,2000,200,2200,2200,True,0.050000000000000003,human_eb,width,0.35464381988003468,0.00066019388299945784,2000
iid_balanced_strong_b0200,balanced_strong,200,0.5,pilot50_eb,empirical_bernstein,100,100,2000,200,2200,2200,True,0.050000000000000003,human_eb,coverage,0,0,2000
iid_balanced_strong_b0200,balanced_strong,200,0.5,pilot50_eb,empirical_bernstein,100,100,2000,200,2200,2200,True,0.050000000000000003,same_audit_grid_eb,width,0.25143546174037157,0.00066001985449546806,2000
iid_balanced_strong_b0200,balanced_strong,200,0.5,pilot50_eb,empirical_bernstein,100,100,2000,200,2200,2200,True,0.050000000000000003,same_audit_grid_eb,coverage,0,0,2000
iid_balanced_strong_b1000,balanced_strong,1000,0.5,human_normal,normal,0,1000,10000,1000,0,11000,False,0.050000000000000003,same_audit_normal,bias,0.00016912462467278891,0.00028815001904012314,2000
iid_balanced_strong_b1000,balanced_strong,1000,0.5,human_normal,normal,0,1000,10000,1000,0,11000,False,0.050000000000000003,same_audit_normal,mse,0.00016546737323419741,7.1216561474879581e-06,2000
iid_balanced_strong_b1000,balanced_strong,1000,0.5,human_normal,normal,0,1000,10000,1000,0,11000,False,0.050000000000000003,same_audit_normal,rmse,0.0065349479250507107,0.00023263051042759971,2000
iid_balanced_strong_b1000,balanced_strong,1000,0.5,same_audit_normal,normal,0,1000,10000,1000,11000,11000,False,0.050000000000000003,human_normal,bias,-0.00016912462467278891,0.00028815001904012314,2000
iid_balanced_strong_b1000,balanced_strong,1000,0.5,same_audit_normal,normal,0,1000,10000,1000,11000,11000,False,0.050000000000000003,human_normal,mse,-0.00016546737323419741,7.1216561474879581e-06,2000
iid_balanced_strong_b1000,balanced_strong,1000,0.5,same_audit_normal,normal,0,1000,10000,1000,11000,11000,False,0.050000000000000003,human_normal,rmse,-0.0065349479250507107,0.00023263051042759971,2000
iid_balanced_strong_b1000,balanced_strong,1000,0.5,same_audit_grid_eb,empirical_bernstein,0,1000,10000,1000,11000,11000,True,0.050000000000000003,human_normal,bias,-0.00011723750000001202,0.00018625688552171448,2000
iid_balanced_strong_b1000,balanced_strong,1000,0.5,same_audit_grid_eb,empirical_bernstein,0,1000,10000,1000,11000,11000,True,0.050000000000000003,human_normal,mse,-0.00014481711718750023,5.480828059377179e-06,2000
iid_balanced_strong_b1000,balanced_strong,1000,0.5,same_audit_grid_eb,empirical_bernstein,0,1000,10000,1000,11000,11000,True,0.050000000000000003,human_normal,rmse,-0.0054934237288550743,0.00015576172858572246,2000
iid_balanced_strong_b1000,balanced_strong,1000,0.5,same_audit_grid_eb,empirical_bernstein,0,1000,10000,1000,11000,11000,True,0.050000000000000003,same_audit_normal,bias,5.1887124672776897e-05,0.00010199250628501555,2000
iid_balanced_strong_b1000,balanced_strong,1000,0.5,same_audit_grid_eb,empirical_bernstein,0,1000,10000,1000,11000,11000,True,0.050000000000000003,same_audit_normal,mse,2.0650256046697164e-05,1.9137737899225064e-06,2000
iid_balanced_strong_b1000,balanced_strong,1000,0.5,same_audit_grid_eb,empirical_bernstein,0,1000,10000,1000,11000,11000,True,0.050000000000000003,same_audit_normal,rmse,0.0010415241961956364,9.282718145651668e-05,2000
iid_balanced_strong_b1000,balanced_strong,1000,0.5,pilot20_normal,normal,200,800,10000,1000,11000,11000,False,0.050000000000000003,human_normal,bias,-9.7604386379944203e-05,0.00030993849406892764,2000
iid_balanced_strong_b1000,balanced_strong,1000,0.5,pilot20_normal,normal,200,800,10000,1000,11000,11000,False,0.050000000000000003,human_normal,mse,-0.00014777311366971909,7.4898307524557245e-06,2000
iid_balanced_strong_b1000,balanced_strong,1000,0.5,pilot20_normal,normal,200,800,10000,1000,11000,11000,False,0.050000000000000003,human_normal,rmse,-0.0056360473277563532,0.00025269875351273115,2000
iid_balanced_strong_b1000,balanced_strong,1000,0.5,pilot20_normal,normal,200,800,10000,1000,11000,11000,False,0.050000000000000003,same_audit_normal,bias,7.1520238292844705e-05,9.4655879784095247e-05,2000
iid_balanced_strong_b1000,balanced_strong,1000,0.5,pilot20_normal,normal,200,800,10000,1000,11000,11000,False,0.050000000000000003,same_audit_normal,mse,1.7694259564478317e-05,1.8486095729822727e-06,2000
iid_balanced_strong_b1000,balanced_strong,1000,0.5,pilot20_normal,normal,200,800,10000,1000,11000,11000,False,0.050000000000000003,same_audit_normal,rmse,0.00089890059729435742,9.0469060843811682e-05,2000
iid_balanced_strong_b1000,balanced_strong,1000,0.5,pilot50_normal,normal,500,500,10000,1000,11000,11000,False,0.050000000000000003,human_normal,bias,-0.00020308088062339909,0.00035750241604479632,2000
iid_balanced_strong_b1000,balanced_strong,1000,0.5,pilot50_normal,normal,500,500,10000,1000,11000,11000,False,0.050000000000000003,human_normal,mse,-9.5301461867744247e-05,8.4300181944464604e-06,2000
iid_balanced_strong_b1000,balanced_strong,1000,0.5,pilot50_normal,normal,500,500,10000,1000,11000,11000,False,0.050000000000000003,human_normal,rmse,-0.003342393930516158,0.00028537437636870061,2000
iid_balanced_strong_b1000,balanced_strong,1000,0.5,pilot50_normal,normal,500,500,10000,1000,11000,11000,False,0.050000000000000003,same_audit_normal,bias,-3.3956255950610137e-05,0.00018699603108412584,2000
iid_balanced_strong_b1000,balanced_strong,1000,0.5,pilot50_normal,normal,500,500,10000,1000,11000,11000,False,0.050000000000000003,same_audit_normal,mse,7.0165911366453174e-05,4.0744630286629065e-06,2000
iid_balanced_strong_b1000,balanced_strong,1000,0.5,pilot50_normal,normal,500,500,10000,1000,11000,11000,False,0.050000000000000003,same_audit_normal,rmse,0.0031925539945345527,0.00016678224523535218,2000
iid_balanced_strong_b1000,balanced_strong,1000,0.5,human_normal,normal,0,1000,10000,1000,0,11000,False,0.050000000000000003,same_audit_normal,width,0.025742917205635429,3.0061677340773353e-05,2000
iid_balanced_strong_b1000,balanced_strong,1000,0.5,human_normal,normal,0,1000,10000,1000,0,11000,False,0.050000000000000003,same_audit_normal,coverage,0.0035000000000000001,0.0061451408753737365,2000
iid_balanced_strong_b1000,balanced_strong,1000,0.5,same_audit_normal,normal,0,1000,10000,1000,11000,11000,False,0.050000000000000003,human_normal,width,-0.025742917205635429,3.0061677340773353e-05,2000
iid_balanced_strong_b1000,balanced_strong,1000,0.5,same_audit_normal,normal,0,1000,10000,1000,11000,11000,False,0.050000000000000003,human_normal,coverage,-0.0035000000000000001,0.0061451408753737365,2000
iid_balanced_strong_b1000,balanced_strong,1000,0.5,pilot20_normal,normal,200,800,10000,1000,11000,11000,False,0.050000000000000003,human_normal,width,-0.022093870080587493,3.9012741289167323e-05,2000
iid_balanced_strong_b1000,balanced_strong,1000,0.5,pilot20_normal,normal,200,800,10000,1000,11000,11000,False,0.050000000000000003,human_normal,coverage,0.0035000000000000001,0.0061043022740626604,2000
iid_balanced_strong_b1000,balanced_strong,1000,0.5,pilot20_normal,normal,200,800,10000,1000,11000,11000,False,0.050000000000000003,same_audit_normal,width,0.0036490471250479376,1.7922377628790236e-05,2000
iid_balanced_strong_b1000,balanced_strong,1000,0.5,pilot20_normal,normal,200,800,10000,1000,11000,11000,False,0.050000000000000003,same_audit_normal,coverage,0.0070000000000000001,0.0042408126869885512,2000
iid_balanced_strong_b1000,balanced_strong,1000,0.5,pilot50_normal,normal,500,500,10000,1000,11000,11000,False,0.050000000000000003,human_normal,width,-0.013133954753978412,6.6504356139936307e-05,2000
iid_balanced_strong_b1000,balanced_strong,1000,0.5,pilot50_normal,normal,500,500,10000,1000,11000,11000,False,0.050000000000000003,human_normal,coverage,0.0025000000000000001,0.0066534960362768956,2000
iid_balanced_strong_b1000,balanced_strong,1000,0.5,pilot50_normal,normal,500,500,10000,1000,11000,11000,False,0.050000000000000003,same_audit_normal,width,0.012608962451657017,5.0114791839658901e-05,2000
iid_balanced_strong_b1000,balanced_strong,1000,0.5,pilot50_normal,normal,500,500,10000,1000,11000,11000,False,0.050000000000000003,same_audit_normal,coverage,0.0060000000000000001,0.0057444320214991504,2000
iid_balanced_strong_b1000,balanced_strong,1000,0.5,human_eb,empirical_bernstein,0,1000,10000,1000,0,11000,True,0.050000000000000003,same_audit_grid_eb,width,-0.022961631517900472,3.3648829474054581e-05,2000
iid_balanced_strong_b1000,balanced_strong,1000,0.5,human_eb,empirical_bernstein,0,1000,10000,1000,0,11000,True,0.050000000000000003,same_audit_grid_eb,coverage,0,0,2000
iid_balanced_strong_b1000,balanced_strong,1000,0.5,same_audit_grid_eb,empirical_bernstein,0,1000,10000,1000,11000,11000,True,0.050000000000000003,human_eb,width,0.022961631517900472,3.3648829474054581e-05,2000
iid_balanced_strong_b1000,balanced_strong,1000,0.5,same_audit_grid_eb,empirical_bernstein,0,1000,10000,1000,11000,11000,True,0.050000000000000003,human_eb,coverage,0,0,2000
iid_balanced_strong_b1000,balanced_strong,1000,0.5,pilot20_eb,empirical_bernstein,200,800,10000,1000,11000,11000,True,0.050000000000000003,human_eb,width,0.025670948516980849,7.8607444019294383e-05,2000
iid_balanced_strong_b1000,balanced_strong,1000,0.5,pilot20_eb,empirical_bernstein,200,800,10000,1000,11000,11000,True,0.050000000000000003,human_eb,coverage,0,0,2000
iid_balanced_strong_b1000,balanced_strong,1000,0.5,pilot20_eb,empirical_bernstein,200,800,10000,1000,11000,11000,True,0.050000000000000003,same_audit_grid_eb,width,0.0027093169990803781,6.5749013892467888e-05,2000
iid_balanced_strong_b1000,balanced_strong,1000,0.5,pilot20_eb,empirical_bernstein,200,800,10000,1000,11000,11000,True,0.050000000000000003,same_audit_grid_eb,coverage,0,0,2000
iid_balanced_strong_b1000,balanced_strong,1000,0.5,pilot50_eb,empirical_bernstein,500,500,10000,1000,11000,11000,True,0.050000000000000003,human_eb,width,0.074657602181355517,0.00012017415446078083,2000
iid_balanced_strong_b1000,balanced_strong,1000,0.5,pilot50_eb,empirical_bernstein,500,500,10000,1000,11000,11000,True,0.050000000000000003,human_eb,coverage,0,0,2000
iid_balanced_strong_b1000,balanced_strong,1000,0.5,pilot50_eb,empirical_bernstein,500,500,10000,1000,11000,11000,True,0.050000000000000003,same_audit_grid_eb,width,0.051695970663455042,0.00010866714273666653,2000
iid_balanced_strong_b1000,balanced_strong,1000,0.5,pilot50_eb,empirical_bernstein,500,500,10000,1000,11000,11000,True,0.050000000000000003,same_audit_grid_eb,coverage,0,0,2000
iid_boundary_strong_b0020,boundary_strong,20,0.94999999999999996,human_normal,normal,0,20,200,20,0,220,False,0.050000000000000003,same_audit_normal,bias,-0.0067295697559431418,0.00067210949547992439,2000
iid_boundary_strong_b0020,boundary_strong,20,0.94999999999999996,human_normal,normal,0,20,200,20,0,220,False,0.050000000000000003,same_audit_normal,mse,0.0007030430299970556,8.6721683932354556e-05,2000
iid_boundary_strong_b0020,boundary_strong,20,0.94999999999999996,human_normal,normal,0,20,200,20,0,220,False,0.050000000000000003,same_audit_normal,rmse,0.0077125193102901279,0.00088986854404057565,2000
iid_boundary_strong_b0020,boundary_strong,20,0.94999999999999996,same_audit_normal,normal,0,20,200,20,220,220,False,0.050000000000000003,human_normal,bias,0.0067295697559431418,0.00067210949547992439,2000
iid_boundary_strong_b0020,boundary_strong,20,0.94999999999999996,same_audit_normal,normal,0,20,200,20,220,220,False,0.050000000000000003,human_normal,mse,-0.0007030430299970556,8.6721683932354556e-05,2000
iid_boundary_strong_b0020,boundary_strong,20,0.94999999999999996,same_audit_normal,normal,0,20,200,20,220,220,False,0.050000000000000003,human_normal,rmse,-0.0077125193102901279,0.00088986854404057565,2000
iid_boundary_strong_b0020,boundary_strong,20,0.94999999999999996,same_audit_grid_eb,empirical_bernstein,0,20,200,20,220,220,True,0.050000000000000003,human_normal,bias,0,0,2000
iid_boundary_strong_b0020,boundary_strong,20,0.94999999999999996,same_audit_grid_eb,empirical_bernstein,0,20,200,20,220,220,True,0.050000000000000003,human_normal,mse,0,0,2000
iid_boundary_strong_b0020,boundary_strong,20,0.94999999999999996,same_audit_grid_eb,empirical_bernstein,0,20,200,20,220,220,True,0.050000000000000003,human_normal,rmse,0,0,2000
iid_boundary_strong_b0020,boundary_strong,20,0.94999999999999996,same_audit_grid_eb,empirical_bernstein,0,20,200,20,220,220,True,0.050000000000000003,same_audit_normal,bias,-0.0067295697559431418,0.00067210949547992439,2000
iid_boundary_strong_b0020,boundary_strong,20,0.94999999999999996,same_audit_grid_eb,empirical_bernstein,0,20,200,20,220,220,True,0.050000000000000003,same_audit_normal,mse,0.0007030430299970556,8.6721683932354556e-05,2000
iid_boundary_strong_b0020,boundary_strong,20,0.94999999999999996,same_audit_grid_eb,empirical_bernstein,0,20,200,20,220,220,True,0.050000000000000003,same_audit_normal,rmse,0.0077125193102901279,0.00088986854404057565,2000
iid_boundary_strong_b0020,boundary_strong,20,0.94999999999999996,pilot20_normal,normal,4,16,200,20,220,220,False,0.050000000000000003,human_normal,bias,-0.00064166666666665042,0.00074373031045660146,2000
iid_boundary_strong_b0020,boundary_strong,20,0.94999999999999996,pilot20_normal,normal,4,16,200,20,220,220,False,0.050000000000000003,human_normal,mse,0.00067804944701646129,9.0909643226917605e-05,2000
iid_boundary_strong_b0020,boundary_strong,20,0.94999999999999996,pilot20_normal,normal,4,16,200,20,220,220,False,0.050000000000000003,human_normal,rmse,0.0064387656546986485,0.00082416545136529439,2000
iid_boundary_strong_b0020,boundary_strong,20,0.94999999999999996,pilot20_normal,normal,4,16,200,20,220,220,False,0.050000000000000003,same_audit_normal,bias,-0.0073712364226097924,0.00079991103906685516,2000
iid_boundary_strong_b0020,boundary_strong,20,0.94999999999999996,pilot20_normal,normal,4,16,200,20,220,220,False,0.050000000000000003,same_audit_normal,mse,0.0013810924770135168,0.00012065497564123657,2000
iid_boundary_strong_b0020,boundary_strong,20,0.94999999999999996,pilot20_normal,normal,4,16,200,20,220,220,False,0.050000000000000003,same_audit_normal,rmse,0.014151284964988776,0.0010898115713885981,2000
iid_boundary_strong_b0020,boundary_strong,20,0.94999999999999996,pilot50_normal,normal,10,10,200,20,220,220,False,0.050000000000000003,human_normal,bias,-0.00027224678760390828,0.001254211007749205,2000
iid_boundary_strong_b0020,boundary_strong,20,0.94999999999999996,pilot50_normal,normal,10,10,200,20,220,220,False,0.050000000000000003,human_normal,mse,0.0020679883078945434,0.00017576643581167264,2000
iid_boundary_strong_b0020,boundary_strong,20,0.94999999999999996,pilot50_normal,normal,10,10,200,20,220,220,False,0.050000000000000003,human_normal,rmse,0.017735174691265357,0.0013763123111464434,2000
iid_boundary_strong_b0020,boundary_strong,20,0.94999999999999996,pilot50_normal,normal,10,10,200,20,220,220,False,0.050000000000000003,same_audit_normal,bias,-0.0070018165435470495,0.001113943783318039,2000
iid_boundary_strong_b0020,boundary_strong,20,0.94999999999999996,pilot50_normal,normal,10,10,200,20,220,220,False,0.050000000000000003,same_audit_normal,mse,0.002771031337891599,0.00018026870942356709,2000
iid_boundary_strong_b0020,boundary_strong,20,0.94999999999999996,pilot50_normal,normal,10,10,200,20,220,220,False,0.050000000000000003,same_audit_normal,rmse,0.025447694001555485,0.0013690013594087806,2000
iid_boundary_strong_b0020,boundary_strong,20,0.94999999999999996,human_normal,normal,0,20,200,20,0,220,False,0.050000000000000003,same_audit_normal,width,0.05598590488066512,0.0014670289164788277,2000
iid_boundary_strong_b0020,boundary_strong,20,0.94999999999999996,human_normal,normal,0,20,200,20,0,220,False,0.050000000000000003,same_audit_normal,coverage,0.108,0.0070493153159162623,2000
iid_boundary_strong_b0020,boundary_strong,20,0.94999999999999996,same_audit_normal,normal,0,20,200,20,220,220,False,0.050000000000000003,human_normal,width,-0.05598590488066512,0.0014670289164788277,2000
iid_boundary_strong_b0020,boundary_strong,20,0.94999999999999996,same_audit_normal,normal,0,20,200,20,220,220,False,0.050000000000000003,human_normal,coverage,-0.108,0.0070493153159162623,2000
iid_boundary_strong_b0020,boundary_strong,20,0.94999999999999996,pilot20_normal,normal,4,16,200,20,220,220,False,0.050000000000000003,human_normal,width,0.01162638736343694,0.0015005884546181027,2000
iid_boundary_strong_b0020,boundary_strong,20,0.94999999999999996,pilot20_normal,normal,4,16,200,20,220,220,False,0.050000000000000003,human_normal,coverage,-0.047,0.0048380991723817419,2000
iid_boundary_strong_b0020,boundary_strong,20,0.94999999999999996,pilot20_normal,normal,4,16,200,20,220,220,False,0.050000000000000003,same_audit_normal,width,0.067612292244102049,0.0018841428787190445,2000
iid_boundary_strong_b0020,boundary_strong,20,0.94999999999999996,pilot20_normal,normal,4,16,200,20,220,220,False,0.050000000000000003,same_audit_normal,coverage,0.060999999999999999,0.0065315258872033575,2000
iid_boundary_strong_b0020,boundary_strong,20,0.94999999999999996,pilot50_normal,normal,10,10,200,20,220,220,False,0.050000000000000003,human_normal,width,0.032570937404277925,0.0031679825307985477,2000
iid_boundary_strong_b0020,boundary_strong,20,0.94999999999999996,pilot50_normal,normal,10,10,200,20,220,220,False,0.050000000000000003,human_normal,coverage,-0.10349999999999999,0.0068860426800809145,2000
iid_boundary_strong_b0020,boundary_strong,20,0.94999999999999996,pilot50_normal,normal,10,10,200,20,220,220,False,0.050000000000000003,same_audit_normal,width,0.088556842284943066,0.0032099998936720741,2000
iid_boundary_strong_b0020,boundary_strong,20,0.94999999999999996,pilot50_normal,normal,10,10,200,20,220,220,False,0.050000000000000003,same_audit_normal,coverage,0.0044999999999999997,0.0063055336711049861,2000
iid_boundary_strong_b0020,boundary_strong,20,0.94999999999999996,human_eb,empirical_bernstein,0,20,200,20,0,220,True,0.050000000000000003,same_audit_grid_eb,width,-0.6190139163197016,0.00094474113359769316,2000
iid_boundary_strong_b0020,boundary_strong,20,0.94999999999999996,human_eb,empirical_bernstein,0,20,200,20,0,220,True,0.050000000000000003,same_audit_grid_eb,coverage,0,0,2000
iid_boundary_strong_b0020,boundary_strong,20,0.94999999999999996,same_audit_grid_eb,empirical_bernstein,0,20,200,20,220,220,True,0.050000000000000003,human_eb,width,0.6190139163197016,0.00094474113359769316,2000
iid_boundary_strong_b0020,boundary_strong,20,0.94999999999999996,same_audit_grid_eb,empirical_bernstein,0,20,200,20,220,220,True,0.050000000000000003,human_eb,coverage,0,0,2000
iid_boundary_strong_b0020,boundary_strong,20,0.94999999999999996,pilot20_eb,empirical_bernstein,4,16,200,20,220,220,True,0.050000000000000003,human_eb,width,0.60270276258293876,0.014022899174300852,2000
iid_boundary_strong_b0020,boundary_strong,20,0.94999999999999996,pilot20_eb,empirical_bernstein,4,16,200,20,220,220,True,0.050000000000000003,human_eb,coverage,0,0,2000
iid_boundary_strong_b0020,boundary_strong,20,0.94999999999999996,pilot20_eb,empirical_bernstein,4,16,200,20,220,220,True,0.050000000000000003,same_audit_grid_eb,width,-0.016311153736762868,0.013640319465382153,2000
iid_boundary_strong_b0020,boundary_strong,20,0.94999999999999996,pilot20_eb,empirical_bernstein,4,16,200,20,220,220,True,0.050000000000000003,same_audit_grid_eb,coverage,0,0,2000
iid_boundary_strong_b0020,boundary_strong,20,0.94999999999999996,pilot50_eb,empirical_bernstein,10,10,200,20,220,220,True,0.050000000000000003,human_eb,width,2.2055245622880664,0.028196046923089378,2000
iid_boundary_strong_b0020,boundary_strong,20,0.94999999999999996,pilot50_eb,empirical_bernstein,10,10,200,20,220,220,True,0.050000000000000003,human_eb,coverage,0,0,2000
iid_boundary_strong_b0020,boundary_strong,20,0.94999999999999996,pilot50_eb,empirical_bernstein,10,10,200,20,220,220,True,0.050000000000000003,same_audit_grid_eb,width,1.5865106459683647,0.027595888730765215,2000
iid_boundary_strong_b0020,boundary_strong,20,0.94999999999999996,pilot50_eb,empirical_bernstein,10,10,200,20,220,220,True,0.050000000000000003,same_audit_grid_eb,coverage,0,0,2000
iid_boundary_strong_b0200,boundary_strong,200,0.94999999999999996,human_normal,normal,0,200,2000,200,0,2200,False,0.050000000000000003,same_audit_normal,bias,-0.0006177484039437902,0.00021265868828010339,2000
iid_boundary_strong_b0200,boundary_strong,200,0.94999999999999996,human_normal,normal,0,200,2000,200,0,2200,False,0.050000000000000003,same_audit_normal,mse,8.1201635926341409e-05,6.4082497844556928e-06,2000
iid_boundary_strong_b0200,boundary_strong,200,0.94999999999999996,human_normal,normal,0,200,2000,200,0,2200,False,0.050000000000000003,same_audit_normal,rmse,0.0029614606762062342,0.00021678478909506206,2000
iid_boundary_strong_b0200,boundary_strong,200,0.94999999999999996,same_audit_normal,normal,0,200,2000,200,2200,2200,False,0.050000000000000003,human_normal,bias,0.0006177484039437902,0.00021265868828010339,2000
iid_boundary_strong_b0200,boundary_strong,200,0.94999999999999996,same_audit_normal,normal,0,200,2000,200,2200,2200,False,0.050000000000000003,human_normal,mse,-8.1201635926341409e-05,6.4082497844556928e-06,2000
iid_boundary_strong_b0200,boundary_strong,200,0.94999999999999996,same_audit_normal,normal,0,200,2000,200,2200,2200,False,0.050000000000000003,human_normal,rmse,-0.0029614606762062342,0.00021678478909506206,2000
iid_boundary_strong_b0200,boundary_strong,200,0.94999999999999996,same_audit_grid_eb,empirical_bernstein,0,200,2000,200,2200,2200,True,0.050000000000000003,human_normal,bias,0,0,2000
iid_boundary_strong_b0200,boundary_strong,200,0.94999999999999996,same_audit_grid_eb,empirical_bernstein,0,200,2000,200,2200,2200,True,0.050000000000000003,human_normal,mse,0,0,2000
iid_boundary_strong_b0200,boundary_strong,200,0.94999999999999996,same_audit_grid_eb,empirical_bernstein,0,200,2000,200,2200,2200,True,0.050000000000000003,human_normal,rmse,0,0,2000
iid_boundary_strong_b0200,boundary_strong,200,0.94999999999999996,same_audit_grid_eb,empirical_bernstein,0,200,2000,200,2200,2200,True,0.050000000000000003,same_audit_normal,bias,-0.0006177484039437902,0.00021265868828010339,2000
iid_boundary_strong_b0200,boundary_strong,200,0.94999999999999996,same_audit_grid_eb,empirical_bernstein,0,200,2000,200,2200,2200,True,0.050000000000000003,same_audit_normal,mse,8.1201635926341409e-05,6.4082497844556928e-06,2000
iid_boundary_strong_b0200,boundary_strong,200,0.94999999999999996,same_audit_grid_eb,empirical_bernstein,0,200,2000,200,2200,2200,True,0.050000000000000003,same_audit_normal,rmse,0.0029614606762062342,0.00021678478909506206,2000
iid_boundary_strong_b0200,boundary_strong,200,0.94999999999999996,pilot20_normal,normal,40,160,2000,200,2200,2200,False,0.050000000000000003,human_normal,bias,0.00058080586174938181,0.00028919720088885887,2000
iid_boundary_strong_b0200,boundary_strong,200,0.94999999999999996,pilot20_normal,normal,40,160,2000,200,2200,2200,False,0.050000000000000003,human_normal,mse,9.0030183562161627e-08,8.3301663190607371e-06,2000
iid_boundary_strong_b0200,boundary_strong,200,0.94999999999999996,pilot20_normal,normal,40,160,2000,200,2200,2200,False,0.050000000000000003,human_normal,rmse,2.9630905939732194e-06,0.00027416193542512823,2000
iid_boundary_strong_b0200,boundary_strong,200,0.94999999999999996,pilot20_normal,normal,40,160,2000,200,2200,2200,False,0.050000000000000003,same_audit_normal,bias,-3.6942542194408348e-05,0.00019214189628311443,2000
iid_boundary_strong_b0200,boundary_strong,200,0.94999999999999996,pilot20_normal,normal,40,160,2000,200,2200,2200,False,0.050000000000000003,same_audit_normal,mse,8.1291666109903568e-05,6.2170045867876045e-06,2000
iid_boundary_strong_b0200,boundary_strong,200,0.94999999999999996,pilot20_normal,normal,40,160,2000,200,2200,2200,False,0.050000000000000003,same_audit_normal,rmse,0.0029644237668002074,0.00020568146300152176,2000
iid_boundary_strong_b0200,boundary_strong,200,0.94999999999999996,pilot50_normal,normal,100,100,2000,200,2200,2200,False,0.050000000000000003,human_normal,bias,0.00067469630620546497,0.00036175900130712668,2000
iid_boundary_strong_b0200,boundary_strong,200,0.94999999999999996,pilot50_normal,normal,100,100,2000,200,2200,2200,False,0.050000000000000003,human_normal,mse,7.5073605232207468e-05,1.0691856455883976e-05,2000
iid_boundary_strong_b0200,boundary_strong,200,0.94999999999999996,pilot50_normal,normal,100,100,2000,200,2200,2200,False,0.050000000000000003,human_normal,rmse,0.0022973555179061078,0.00032296330409718868,2000
iid_boundary_strong_b0200,boundary_strong,200,0.94999999999999996,pilot50_normal,normal,100,100,2000,200,2200,2200,False,0.050000000000000003,same_audit_normal,bias,5.694790226167484e-05,0.00027982755721429133,2000
iid_boundary_strong_b0200,boundary_strong,200,0.94999999999999996,pilot50_normal,normal,100,100,2000,200,2200,2200,False,0.050000000000000003,same_audit_normal,mse,0.00015627524115854888,8.5472795309921318e-06,2000
iid_boundary_strong_b0200,boundary_strong,200,0.94999999999999996,pilot50_normal,normal,100,100,2000,200,2200,2200,False,0.050000000000000003,same_audit_normal,rmse,0.005258816194112342,0.00025165142906200677,2000
iid_boundary_strong_b0200,boundary_strong,200,0.94999999999999996,human_normal,normal,0,200,2000,200,0,2200,False,0.050000000000000003,same_audit_normal,width,0.013083331496810298,0.00012435505427499315,2000
iid_boundary_strong_b0200,boundary_strong,200,0.94999999999999996,human_normal,normal,0,200,2000,200,0,2200,False,0.050000000000000003,same_audit_normal,coverage,0.00050000000000000001,0.0051733216242868712,2000
iid_boundary_strong_b0200,boundary_strong,200,0.94999999999999996,same_audit_normal,normal,0,200,2000,200,2200,2200,False,0.050000000000000003,human_normal,width,-0.013083331496810298,0.00012435505427499315,2000
iid_boundary_strong_b0200,boundary_strong,200,0.94999999999999996,same_audit_normal,normal,0,200,2000,200,2200,2200,False,0.050000000000000003,human_normal,coverage,-0.00050000000000000001,0.0051733216242868712,2000
iid_boundary_strong_b0200,boundary_strong,200,0.94999999999999996,pilot20_normal,normal,40,160,2000,200,2200,2200,False,0.050000000000000003,human_normal,width,-0.0012961305457781002,0.00023552739629539656,2000
iid_boundary_strong_b0200,boundary_strong,200,0.94999999999999996,pilot20_normal,normal,40,160,2000,200,2200,2200,False,0.050000000000000003,human_normal,coverage,0.0115,0.0056745021797064941,2000
iid_boundary_strong_b0200,boundary_strong,200,0.94999999999999996,pilot20_normal,normal,40,160,2000,200,2200,2200,False,0.050000000000000003,same_audit_normal,width,0.011787200951032197,0.00020150518446969198,2000
iid_boundary_strong_b0200,boundary_strong,200,0.94999999999999996,pilot20_normal,normal,40,160,2000,200,2200,2200,False,0.050000000000000003,same_audit_normal,coverage,0.012,0.0048928488618587528,2000
iid_boundary_strong_b0200,boundary_strong,200,0.94999999999999996,pilot50_normal,normal,100,100,2000,200,2200,2200,False,0.050000000000000003,human_normal,width,0.0088950948596771481,0.00027183423369022785,2000
iid_boundary_strong_b0200,boundary_strong,200,0.94999999999999996,pilot50_normal,normal,100,100,2000,200,2200,2200,False,0.050000000000000003,human_normal,coverage,0.012999999999999999,0.0062397890576318246,2000
iid_boundary_strong_b0200,boundary_strong,200,0.94999999999999996,pilot50_normal,normal,100,100,2000,200,2200,2200,False,0.050000000000000003,same_audit_normal,width,0.021978426356487443,0.00024290635582146369,2000
iid_boundary_strong_b0200,boundary_strong,200,0.94999999999999996,pilot50_normal,normal,100,100,2000,200,2200,2200,False,0.050000000000000003,same_audit_normal,coverage,0.0135,0.0057598144702208668,2000
iid_boundary_strong_b0200,boundary_strong,200,0.94999999999999996,human_eb,empirical_bernstein,0,200,2000,200,0,2200,True,0.050000000000000003,same_audit_grid_eb,width,-0.075263516595063432,7.0518604945803484e-05,2000
iid_boundary_strong_b0200,boundary_strong,200,0.94999999999999996,human_eb,empirical_bernstein,0,200,2000,200,0,2200,True,0.050000000000000003,same_audit_grid_eb,coverage,0,0,2000
iid_boundary_strong_b0200,boundary_strong,200,0.94999999999999996,same_audit_grid_eb,empirical_bernstein,0,200,2000,200,2200,2200,True,0.050000000000000003,human_eb,width,0.075263516595063432,7.0518604945803484e-05,2000
iid_boundary_strong_b0200,boundary_strong,200,0.94999999999999996,same_audit_grid_eb,empirical_bernstein,0,200,2000,200,2200,2200,True,0.050000000000000003,human_eb,coverage,0,0,2000
iid_boundary_strong_b0200,boundary_strong,200,0.94999999999999996,pilot20_eb,empirical_bernstein,40,160,2000,200,2200,2200,True,0.050000000000000003,human_eb,width,0.13221300055253224,0.0013334409403095427,2000
iid_boundary_strong_b0200,boundary_strong,200,0.94999999999999996,pilot20_eb,empirical_bernstein,40,160,2000,200,2200,2200,True,0.050000000000000003,human_eb,coverage,0,0,2000
iid_boundary_strong_b0200,boundary_strong,200,0.94999999999999996,pilot20_eb,empirical_bernstein,40,160,2000,200,2200,2200,True,0.050000000000000003,same_audit_grid_eb,width,0.056949483957468808,0.0013201686883391882,2000
iid_boundary_strong_b0200,boundary_strong,200,0.94999999999999996,pilot20_eb,empirical_bernstein,40,160,2000,200,2200,2200,True,0.050000000000000003,same_audit_grid_eb,coverage,0,0,2000
iid_boundary_strong_b0200,boundary_strong,200,0.94999999999999996,pilot50_eb,empirical_bernstein,100,100,2000,200,2200,2200,True,0.050000000000000003,human_eb,width,0.29005988687846196,0.0010669509085587218,2000
iid_boundary_strong_b0200,boundary_strong,200,0.94999999999999996,pilot50_eb,empirical_bernstein,100,100,2000,200,2200,2200,True,0.050000000000000003,human_eb,coverage,0,0,2000
iid_boundary_strong_b0200,boundary_strong,200,0.94999999999999996,pilot50_eb,empirical_bernstein,100,100,2000,200,2200,2200,True,0.050000000000000003,same_audit_grid_eb,width,0.21479637028339851,0.001039480859725217,2000
iid_boundary_strong_b0200,boundary_strong,200,0.94999999999999996,pilot50_eb,empirical_bernstein,100,100,2000,200,2200,2200,True,0.050000000000000003,same_audit_grid_eb,coverage,0,0,2000
iid_boundary_strong_b1000,boundary_strong,1000,0.94999999999999996,human_normal,normal,0,1000,10000,1000,0,11000,False,0.050000000000000003,same_audit_normal,bias,1.905269292716205e-05,9.2873492951369289e-05,2000
iid_boundary_strong_b1000,boundary_strong,1000,0.94999999999999996,human_normal,normal,0,1000,10000,1000,0,11000,False,0.050000000000000003,same_audit_normal,mse,1.59499469482492e-05,1.1347231266669179e-06,2000
iid_boundary_strong_b1000,boundary_strong,1000,0.94999999999999996,human_normal,normal,0,1000,10000,1000,0,11000,False,0.050000000000000003,same_audit_normal,rmse,0.0013194342965720564,8.6735058727382849e-05,2000
iid_boundary_strong_b1000,boundary_strong,1000,0.94999999999999996,same_audit_normal,normal,0,1000,10000,1000,11000,11000,False,0.050000000000000003,human_normal,bias,-1.905269292716205e-05,9.2873492951369289e-05,2000
iid_boundary_strong_b1000,boundary_strong,1000,0.94999999999999996,same_audit_normal,normal,0,1000,10000,1000,11000,11000,False,0.050000000000000003,human_normal,mse,-1.59499469482492e-05,1.1347231266669179e-06,2000
iid_boundary_strong_b1000,boundary_strong,1000,0.94999999999999996,same_audit_normal,normal,0,1000,10000,1000,11000,11000,False,0.050000000000000003,human_normal,rmse,-0.0013194342965720564,8.6735058727382849e-05,2000
iid_boundary_strong_b1000,boundary_strong,1000,0.94999999999999996,same_audit_grid_eb,empirical_bernstein,0,1000,10000,1000,11000,11000,True,0.050000000000000003,human_normal,bias,0,0,2000
iid_boundary_strong_b1000,boundary_strong,1000,0.94999999999999996,same_audit_grid_eb,empirical_bernstein,0,1000,10000,1000,11000,11000,True,0.050000000000000003,human_normal,mse,0,0,2000
iid_boundary_strong_b1000,boundary_strong,1000,0.94999999999999996,same_audit_grid_eb,empirical_bernstein,0,1000,10000,1000,11000,11000,True,0.050000000000000003,human_normal,rmse,0,0,2000
iid_boundary_strong_b1000,boundary_strong,1000,0.94999999999999996,same_audit_grid_eb,empirical_bernstein,0,1000,10000,1000,11000,11000,True,0.050000000000000003,same_audit_normal,bias,1.905269292716205e-05,9.2873492951369289e-05,2000
iid_boundary_strong_b1000,boundary_strong,1000,0.94999999999999996,same_audit_grid_eb,empirical_bernstein,0,1000,10000,1000,11000,11000,True,0.050000000000000003,same_audit_normal,mse,1.59499469482492e-05,1.1347231266669179e-06,2000
iid_boundary_strong_b1000,boundary_strong,1000,0.94999999999999996,same_audit_grid_eb,empirical_bernstein,0,1000,10000,1000,11000,11000,True,0.050000000000000003,same_audit_normal,rmse,0.0013194342965720564,8.6735058727382849e-05,2000
iid_boundary_strong_b1000,boundary_strong,1000,0.94999999999999996,pilot20_normal,normal,200,800,10000,1000,11000,11000,False,0.050000000000000003,human_normal,bias,-2.4833020613134969e-05,0.00011625452705160572,2000
iid_boundary_strong_b1000,boundary_strong,1000,0.94999999999999996,pilot20_normal,normal,200,800,10000,1000,11000,11000,False,0.050000000000000003,human_normal,mse,-8.5049384791955909e-06,1.3552842908765931e-06,2000
iid_boundary_strong_b1000,boundary_strong,1000,0.94999999999999996,pilot20_normal,normal,200,800,10000,1000,11000,11000,False,0.050000000000000003,human_normal,rmse,-0.00066755931184509041,0.00010494524300636247,2000
iid_boundary_strong_b1000,boundary_strong,1000,0.94999999999999996,pilot20_normal,normal,200,800,10000,1000,11000,11000,False,0.050000000000000003,same_audit_normal,bias,-5.7803276859729189e-06,6.4352822063962038e-05,2000
iid_boundary_strong_b1000,boundary_strong,1000,0.94999999999999996,pilot20_normal,normal,200,800,10000,1000,11000,11000,False,0.050000000000000003,same_audit_normal,mse,7.4450084690536096e-06,7.5081820761489028e-07,2000
iid_boundary_strong_b1000,boundary_strong,1000,0.94999999999999996,pilot20_normal,normal,200,800,10000,1000,11000,11000,False,0.050000000000000003,same_audit_normal,rmse,0.00065187498472696597,6.3060415654236937e-05,2000
iid_boundary_strong_b1000,boundary_strong,1000,0.94999999999999996,pilot50_normal,normal,500,500,10000,1000,11000,11000,False,0.050000000000000003,human_normal,bias,-0.00012267324180511042,0.00015521537020803228,2000
iid_boundary_strong_b1000,boundary_strong,1000,0.94999999999999996,pilot50_normal,normal,500,500,10000,1000,11000,11000,False,0.050000000000000003,human_normal,mse,1.2915355567777928e-05,1.9460831510134114e-06,2000
iid_boundary_strong_b1000,boundary_strong,1000,0.94999999999999996,pilot50_normal,normal,500,500,10000,1000,11000,11000,False,0.050000000000000003,human_normal,rmse,0.00090251395160457354,0.00013407294209189161,2000
iid_boundary_strong_b1000,boundary_strong,1000,0.94999999999999996,pilot50_normal,normal,500,500,10000,1000,11000,11000,False,0.050000000000000003,same_audit_normal,bias,-0.00010362054887794836,0.00011937433127664528,2000
iid_boundary_strong_b1000,boundary_strong,1000,0.94999999999999996,pilot50_normal,normal,500,500,10000,1000,11000,11000,False,0.050000000000000003,same_audit_normal,mse,2.8865302516027134e-05,1.5845988963080604e-06,2000
iid_boundary_strong_b1000,boundary_strong,1000,0.94999999999999996,pilot50_normal,normal,500,500,10000,1000,11000,11000,False,0.050000000000000003,same_audit_normal,rmse,0.0022219482481766299,0.0001069725837885779,2000
iid_boundary_strong_b1000,boundary_strong,1000,0.94999999999999996,human_normal,normal,0,1000,10000,1000,0,11000,False,0.050000000000000003,same_audit_normal,width,0.0056665375322486906,2.4910593727308939e-05,2000
iid_boundary_strong_b1000,boundary_strong,1000,0.94999999999999996,human_normal,normal,0,1000,10000,1000,0,11000,False,0.050000000000000003,same_audit_normal,coverage,-0.0025000000000000001,0.0053629521373786205,2000
iid_boundary_strong_b1000,boundary_strong,1000,0.94999999999999996,same_audit_normal,normal,0,1000,10000,1000,11000,11000,False,0.050000000000000003,human_normal,width,-0.0056665375322486906,2.4910593727308939e-05,2000
iid_boundary_strong_b1000,boundary_strong,1000,0.94999999999999996,same_audit_normal,normal,0,1000,10000,1000,11000,11000,False,0.050000000000000003,human_normal,coverage,0.0025000000000000001,0.0053629521373786205,2000
iid_boundary_strong_b1000,boundary_strong,1000,0.94999999999999996,pilot20_normal,normal,200,800,10000,1000,11000,11000,False,0.050000000000000003,human_normal,width,-0.0027656827635886582,3.3413743321585788e-05,2000
iid_boundary_strong_b1000,boundary_strong,1000,0.94999999999999996,pilot20_normal,normal,200,800,10000,1000,11000,11000,False,0.050000000000000003,human_normal,coverage,0.002,0.0058322386357000074,2000
iid_boundary_strong_b1000,boundary_strong,1000,0.94999999999999996,pilot20_normal,normal,200,800,10000,1000,11000,11000,False,0.050000000000000003,same_audit_normal,width,0.0029008547686600323,2.2091612686407752e-05,2000
iid_boundary_strong_b1000,boundary_strong,1000,0.94999999999999996,pilot20_normal,normal,200,800,10000,1000,11000,11000,False,0.050000000000000003,same_audit_normal,coverage,-0.00050000000000000001,0.0042141137119433066,2000
iid_boundary_strong_b1000,boundary_strong,1000,0.94999999999999996,pilot50_normal,normal,500,500,10000,1000,11000,11000,False,0.050000000000000003,human_normal,width,0.0030465366677834165,4.7005743786038539e-05,2000
iid_boundary_strong_b1000,boundary_strong,1000,0.94999999999999996,pilot50_normal,normal,500,500,10000,1000,11000,11000,False,0.050000000000000003,human_normal,coverage,0.0080000000000000002,0.0060816521806679562,2000
iid_boundary_strong_b1000,boundary_strong,1000,0.94999999999999996,pilot50_normal,normal,500,500,10000,1000,11000,11000,False,0.050000000000000003,same_audit_normal,width,0.0087130742000321067,3.9795463626565762e-05,2000
iid_boundary_strong_b1000,boundary_strong,1000,0.94999999999999996,pilot50_normal,normal,500,500,10000,1000,11000,11000,False,0.050000000000000003,same_audit_normal,coverage,0.0054999999999999997,0.0053618326740781834,2000
iid_boundary_strong_b1000,boundary_strong,1000,0.94999999999999996,human_eb,empirical_bernstein,0,1000,10000,1000,0,11000,True,0.050000000000000003,same_audit_grid_eb,width,-0.020330333220575553,1.3676735046585287e-05,2000
iid_boundary_strong_b1000,boundary_strong,1000,0.94999999999999996,human_eb,empirical_bernstein,0,1000,10000,1000,0,11000,True,0.050000000000000003,same_audit_grid_eb,coverage,0,0,2000
iid_boundary_strong_b1000,boundary_strong,1000,0.94999999999999996,same_audit_grid_eb,empirical_bernstein,0,1000,10000,1000,11000,11000,True,0.050000000000000003,human_eb,width,0.020330333220575553,1.3676735046585287e-05,2000
iid_boundary_strong_b1000,boundary_strong,1000,0.94999999999999996,same_audit_grid_eb,empirical_bernstein,0,1000,10000,1000,11000,11000,True,0.050000000000000003,human_eb,coverage,0,0,2000
iid_boundary_strong_b1000,boundary_strong,1000,0.94999999999999996,pilot20_eb,empirical_bernstein,200,800,10000,1000,11000,11000,True,0.050000000000000003,human_eb,width,0.029358537429974695,0.0001085308103922063,2000
iid_boundary_strong_b1000,boundary_strong,1000,0.94999999999999996,pilot20_eb,empirical_bernstein,200,800,10000,1000,11000,11000,True,0.050000000000000003,human_eb,coverage,0,0,2000
iid_boundary_strong_b1000,boundary_strong,1000,0.94999999999999996,pilot20_eb,empirical_bernstein,200,800,10000,1000,11000,11000,True,0.050000000000000003,same_audit_grid_eb,width,0.0090282042093991436,0.00010755667031661086,2000
iid_boundary_strong_b1000,boundary_strong,1000,0.94999999999999996,pilot20_eb,empirical_bernstein,200,800,10000,1000,11000,11000,True,0.050000000000000003,same_audit_grid_eb,coverage,0,0,2000
iid_boundary_strong_b1000,boundary_strong,1000,0.94999999999999996,pilot50_eb,empirical_bernstein,500,500,10000,1000,11000,11000,True,0.050000000000000003,human_eb,width,0.065577386393084566,0.00010257893176457718,2000
iid_boundary_strong_b1000,boundary_strong,1000,0.94999999999999996,pilot50_eb,empirical_bernstein,500,500,10000,1000,11000,11000,True,0.050000000000000003,human_eb,coverage,0,0,2000
iid_boundary_strong_b1000,boundary_strong,1000,0.94999999999999996,pilot50_eb,empirical_bernstein,500,500,10000,1000,11000,11000,True,0.050000000000000003,same_audit_grid_eb,width,0.045247053172509002,9.9201786840102854e-05,2000
iid_boundary_strong_b1000,boundary_strong,1000,0.94999999999999996,pilot50_eb,empirical_bernstein,500,500,10000,1000,11000,11000,True,0.050000000000000003,same_audit_grid_eb,coverage,0,0,2000
iid_uninformative_b0020,uninformative,20,0.5,human_normal,normal,0,20,200,20,0,220,False,0.050000000000000003,same_audit_normal,bias,0.00015384200506108955,0.00040434562734146823,2000
iid_uninformative_b0020,uninformative,20,0.5,human_normal,normal,0,20,200,20,0,220,False,0.050000000000000003,same_audit_normal,mse,-0.00040262807698332318,8.6253206287196203e-05,2000
iid_uninformative_b0020,uninformative,20,0.5,human_normal,normal,0,20,200,20,0,220,False,0.050000000000000003,same_audit_normal,rmse,-0.0017773502345742598,0.00037761410167429764,2000
iid_uninformative_b0020,uninformative,20,0.5,same_audit_normal,normal,0,20,200,20,220,220,False,0.050000000000000003,human_normal,bias,-0.00015384200506108955,0.00040434562734146823,2000
iid_uninformative_b0020,uninformative,20,0.5,same_audit_normal,normal,0,20,200,20,220,220,False,0.050000000000000003,human_normal,mse,0.00040262807698332318,8.6253206287196203e-05,2000
iid_uninformative_b0020,uninformative,20,0.5,same_audit_normal,normal,0,20,200,20,220,220,False,0.050000000000000003,human_normal,rmse,0.0017773502345742598,0.00037761410167429764,2000
iid_uninformative_b0020,uninformative,20,0.5,same_audit_grid_eb,empirical_bernstein,0,20,200,20,220,220,True,0.050000000000000003,human_normal,bias,0,0,2000
iid_uninformative_b0020,uninformative,20,0.5,same_audit_grid_eb,empirical_bernstein,0,20,200,20,220,220,True,0.050000000000000003,human_normal,mse,0,0,2000
iid_uninformative_b0020,uninformative,20,0.5,same_audit_grid_eb,empirical_bernstein,0,20,200,20,220,220,True,0.050000000000000003,human_normal,rmse,0,0,2000
iid_uninformative_b0020,uninformative,20,0.5,same_audit_grid_eb,empirical_bernstein,0,20,200,20,220,220,True,0.050000000000000003,same_audit_normal,bias,0.00015384200506108955,0.00040434562734146823,2000
iid_uninformative_b0020,uninformative,20,0.5,same_audit_grid_eb,empirical_bernstein,0,20,200,20,220,220,True,0.050000000000000003,same_audit_normal,mse,-0.00040262807698332318,8.6253206287196203e-05,2000
iid_uninformative_b0020,uninformative,20,0.5,same_audit_grid_eb,empirical_bernstein,0,20,200,20,220,220,True,0.050000000000000003,same_audit_normal,rmse,-0.0017773502345742598,0.00037761410167429764,2000
iid_uninformative_b0020,uninformative,20,0.5,pilot20_normal,normal,4,16,200,20,220,220,False,0.050000000000000003,human_normal,bias,-0.00098310185185186043,0.0015639886238130345,2000
iid_uninformative_b0020,uninformative,20,0.5,pilot20_normal,normal,4,16,200,20,220,220,False,0.050000000000000003,human_normal,mse,0.0049658958892985069,0.00040675548604949949,2000
iid_uninformative_b0020,uninformative,20,0.5,pilot20_normal,normal,4,16,200,20,220,220,False,0.050000000000000003,human_normal,rmse,0.020267099702120719,0.0015483604157557613,2000
iid_uninformative_b0020,uninformative,20,0.5,pilot20_normal,normal,4,16,200,20,220,220,False,0.050000000000000003,same_audit_normal,bias,-0.0008292598467907708,0.0015022520107855829,2000
iid_uninformative_b0020,uninformative,20,0.5,pilot20_normal,normal,4,16,200,20,220,220,False,0.050000000000000003,same_audit_normal,mse,0.0045632678123151841,0.00038731252112929955,2000
iid_uninformative_b0020,uninformative,20,0.5,pilot20_normal,normal,4,16,200,20,220,220,False,0.050000000000000003,same_audit_normal,rmse,0.01848974946754646,0.0014692978279212917,2000
iid_uninformative_b0020,uninformative,20,0.5,pilot50_normal,normal,10,10,200,20,220,220,False,0.050000000000000003,human_normal,bias,-0.00019699263038549896,0.002694043812725156,2000
iid_uninformative_b0020,uninformative,20,0.5,pilot50_normal,normal,10,10,200,20,220,220,False,0.050000000000000003,human_normal,mse,0.013630309644295799,0.00072106864650861384,2000
iid_uninformative_b0020,uninformative,20,0.5,pilot50_normal,normal,10,10,200,20,220,220,False,0.050000000000000003,human_normal,rmse,0.049668762404328284,0.0023148669394509299,2000
iid_uninformative_b0020,uninformative,20,0.5,pilot50_normal,normal,10,10,200,20,220,220,False,0.050000000000000003,same_audit_normal,bias,-4.3150625324410164e-05,0.0026531536621717251,2000
iid_uninformative_b0020,uninformative,20,0.5,pilot50_normal,normal,10,10,200,20,220,220,False,0.050000000000000003,same_audit_normal,mse,0.013227681567312476,0.00071342370647211933,2000
iid_uninformative_b0020,uninformative,20,0.5,pilot50_normal,normal,10,10,200,20,220,220,False,0.050000000000000003,same_audit_normal,rmse,0.047891412169754025,0.0022878609145390205,2000
iid_uninformative_b0020,uninformative,20,0.5,human_normal,normal,0,20,200,20,0,220,False,0.050000000000000003,same_audit_normal,width,0.0053785133873444531,0.00028713067425587316,2000
iid_uninformative_b0020,uninformative,20,0.5,human_normal,normal,0,20,200,20,0,220,False,0.050000000000000003,same_audit_normal,coverage,0.016,0.0028064101569415141,2000
iid_uninformative_b0020,uninformative,20,0.5,same_audit_normal,normal,0,20,200,20,220,220,False,0.050000000000000003,human_normal,width,-0.0053785133873444531,0.00028713067425587316,2000
iid_uninformative_b0020,uninformative,20,0.5,same_audit_normal,normal,0,20,200,20,220,220,False,0.050000000000000003,human_normal,coverage,-0.016,0.0028064101569415141,2000
iid_uninformative_b0020,uninformative,20,0.5,pilot20_normal,normal,4,16,200,20,220,220,False,0.050000000000000003,human_normal,width,0.075601493172212514,0.0013155967753350928,2000
iid_uninformative_b0020,uninformative,20,0.5,pilot20_normal,normal,4,16,200,20,220,220,False,0.050000000000000003,human_normal,coverage,-0.031,0.0051509966397961853,2000
iid_uninformative_b0020,uninformative,20,0.5,pilot20_normal,normal,4,16,200,20,220,220,False,0.050000000000000003,same_audit_normal,width,0.08098000655955695,0.0013076639758597705,2000
iid_uninformative_b0020,uninformative,20,0.5,pilot20_normal,normal,4,16,200,20,220,220,False,0.050000000000000003,same_audit_normal,coverage,-0.014999999999999999,0.0052346156115134317,2000
iid_uninformative_b0020,uninformative,20,0.5,pilot50_normal,normal,10,10,200,20,220,220,False,0.050000000000000003,human_normal,width,0.19221480261931026,0.001568127383233217,2000
iid_uninformative_b0020,uninformative,20,0.5,pilot50_normal,normal,10,10,200,20,220,220,False,0.050000000000000003,human_normal,coverage,-0.065000000000000002,0.0072741980299198088,2000
iid_uninformative_b0020,uninformative,20,0.5,pilot50_normal,normal,10,10,200,20,220,220,False,0.050000000000000003,same_audit_normal,width,0.19759331600665472,0.0015502232984603861,2000
iid_uninformative_b0020,uninformative,20,0.5,pilot50_normal,normal,10,10,200,20,220,220,False,0.050000000000000003,same_audit_normal,coverage,-0.049000000000000002,0.0076044996026762689,2000
iid_uninformative_b0020,uninformative,20,0.5,human_eb,empirical_bernstein,0,20,200,20,0,220,True,0.050000000000000003,same_audit_grid_eb,width,-0.7210227684872782,0.00012977378659497979,2000
iid_uninformative_b0020,uninformative,20,0.5,human_eb,empirical_bernstein,0,20,200,20,0,220,True,0.050000000000000003,same_audit_grid_eb,coverage,0,0,2000
iid_uninformative_b0020,uninformative,20,0.5,same_audit_grid_eb,empirical_bernstein,0,20,200,20,220,220,True,0.050000000000000003,human_eb,width,0.7210227684872782,0.00012977378659497979,2000
iid_uninformative_b0020,uninformative,20,0.5,same_audit_grid_eb,empirical_bernstein,0,20,200,20,220,220,True,0.050000000000000003,human_eb,coverage,0,0,2000
iid_uninformative_b0020,uninformative,20,0.5,pilot20_eb,empirical_bernstein,4,16,200,20,220,220,True,0.050000000000000003,human_eb,width,0.8227648028490524,0.016182582140693035,2000
iid_uninformative_b0020,uninformative,20,0.5,pilot20_eb,empirical_bernstein,4,16,200,20,220,220,True,0.050000000000000003,human_eb,coverage,0,0,2000
iid_uninformative_b0020,uninformative,20,0.5,pilot20_eb,empirical_bernstein,4,16,200,20,220,220,True,0.050000000000000003,same_audit_grid_eb,width,0.10174203436177419,0.016180987349443805,2000
iid_uninformative_b0020,uninformative,20,0.5,pilot20_eb,empirical_bernstein,4,16,200,20,220,220,True,0.050000000000000003,same_audit_grid_eb,coverage,0,0,2000
iid_uninformative_b0020,uninformative,20,0.5,pilot50_eb,empirical_bernstein,10,10,200,20,220,220,True,0.050000000000000003,human_eb,width,2.0399309773783534,0.017404500323513337,2000
iid_uninformative_b0020,uninformative,20,0.5,pilot50_eb,empirical_bernstein,10,10,200,20,220,220,True,0.050000000000000003,human_eb,coverage,0,0,2000
iid_uninformative_b0020,uninformative,20,0.5,pilot50_eb,empirical_bernstein,10,10,200,20,220,220,True,0.050000000000000003,same_audit_grid_eb,width,1.3189082088910751,0.01740200760930969,2000
iid_uninformative_b0020,uninformative,20,0.5,pilot50_eb,empirical_bernstein,10,10,200,20,220,220,True,0.050000000000000003,same_audit_grid_eb,coverage,0,0,2000
iid_uninformative_b0200,uninformative,200,0.5,human_normal,normal,0,200,2000,200,0,2200,False,0.050000000000000003,same_audit_normal,bias,-1.6972077451612306e-05,3.492291931071983e-05,2000
iid_uninformative_b0200,uninformative,200,0.5,human_normal,normal,0,200,2000,200,0,2200,False,0.050000000000000003,same_audit_normal,mse,-1.6035877741848955e-06,2.4354638691019509e-06,2000
iid_uninformative_b0200,uninformative,200,0.5,human_normal,normal,0,200,2000,200,0,2200,False,0.050000000000000003,same_audit_normal,rmse,-2.306018372971036e-05,3.5010133032847886e-05,2000
iid_uninformative_b0200,uninformative,200,0.5,same_audit_normal,normal,0,200,2000,200,2200,2200,False,0.050000000000000003,human_normal,bias,1.6972077451612306e-05,3.492291931071983e-05,2000
iid_uninformative_b0200,uninformative,200,0.5,same_audit_normal,normal,0,200,2000,200,2200,2200,False,0.050000000000000003,human_normal,mse,1.6035877741848955e-06,2.4354638691019509e-06,2000
iid_uninformative_b0200,uninformative,200,0.5,same_audit_normal,normal,0,200,2000,200,2200,2200,False,0.050000000000000003,human_normal,rmse,2.306018372971036e-05,3.5010133032847886e-05,2000
iid_uninformative_b0200,uninformative,200,0.5,same_audit_grid_eb,empirical_bernstein,0,200,2000,200,2200,2200,True,0.050000000000000003,human_normal,bias,0,0,2000
iid_uninformative_b0200,uninformative,200,0.5,same_audit_grid_eb,empirical_bernstein,0,200,2000,200,2200,2200,True,0.050000000000000003,human_normal,mse,0,0,2000
iid_uninformative_b0200,uninformative,200,0.5,same_audit_grid_eb,empirical_bernstein,0,200,2000,200,2200,2200,True,0.050000000000000003,human_normal,rmse,0,0,2000
iid_uninformative_b0200,uninformative,200,0.5,same_audit_grid_eb,empirical_bernstein,0,200,2000,200,2200,2200,True,0.050000000000000003,same_audit_normal,bias,-1.6972077451612306e-05,3.492291931071983e-05,2000
iid_uninformative_b0200,uninformative,200,0.5,same_audit_grid_eb,empirical_bernstein,0,200,2000,200,2200,2200,True,0.050000000000000003,same_audit_normal,mse,-1.6035877741848955e-06,2.4354638691019509e-06,2000
iid_uninformative_b0200,uninformative,200,0.5,same_audit_grid_eb,empirical_bernstein,0,200,2000,200,2200,2200,True,0.050000000000000003,same_audit_normal,rmse,-2.306018372971036e-05,3.5010133032847886e-05,2000
iid_uninformative_b0200,uninformative,200,0.5,pilot20_normal,normal,40,160,2000,200,2200,2200,False,0.050000000000000003,human_normal,bias,-1.2134089888287041e-05,0.00039926750781955336,2000
iid_uninformative_b0200,uninformative,200,0.5,pilot20_normal,normal,40,160,2000,200,2200,2200,False,0.050000000000000003,human_normal,mse,0.00030945509917537607,2.9795849704816211e-05,2000
iid_uninformative_b0200,uninformative,200,0.5,pilot20_normal,normal,40,160,2000,200,2200,2200,False,0.050000000000000003,human_normal,rmse,0.0041980378611905511,0.00038667540972347938,2000
iid_uninformative_b0200,uninformative,200,0.5,pilot20_normal,normal,40,160,2000,200,2200,2200,False,0.050000000000000003,same_audit_normal,bias,-2.9106167339899349e-05,0.00039727874965155577,2000
iid_uninformative_b0200,uninformative,200,0.5,pilot20_normal,normal,40,160,2000,200,2200,2200,False,0.050000000000000003,same_audit_normal,mse,0.00030785151140119113,2.955890237895317e-05,2000
iid_uninformative_b0200,uninformative,200,0.5,pilot20_normal,normal,40,160,2000,200,2200,2200,False,0.050000000000000003,same_audit_normal,rmse,0.0041749776774608408,0.0003834669933753941,2000
iid_uninformative_b0200,uninformative,200,0.5,pilot50_normal,normal,100,100,2000,200,2200,2200,False,0.050000000000000003,human_normal,bias,0.0025238296060676201,0.00080088591014721008,2000
iid_uninformative_b0200,uninformative,200,0.5,pilot50_normal,normal,100,100,2000,200,2200,2200,False,0.050000000000000003,human_normal,mse,0.0012814093001518353,6.721397519604094e-05,2000
iid_uninformative_b0200,uninformative,200,0.5,pilot50_normal,normal,100,100,2000,200,2200,2200,False,0.050000000000000003,human_normal,rmse,0.015137140657900804,0.00069304283484565728,2000
iid_uninformative_b0200,uninformative,200,0.5,pilot50_normal,normal,100,100,2000,200,2200,2200,False,0.050000000000000003,same_audit_normal,bias,0.0025068575286160081,0.00080168474644758266,2000
iid_uninformative_b0200,uninformative,200,0.5,pilot50_normal,normal,100,100,2000,200,2200,2200,False,0.050000000000000003,same_audit_normal,mse,0.0012798057123776505,6.730095601401098e-05,2000
iid_uninformative_b0200,uninformative,200,0.5,pilot50_normal,normal,100,100,2000,200,2200,2200,False,0.050000000000000003,same_audit_normal,rmse,0.015114080474171093,0.00069450915213790216,2000
iid_uninformative_b0200,uninformative,200,0.5,human_normal,normal,0,200,2000,200,0,2200,False,0.050000000000000003,same_audit_normal,width,0.00013914425332068448,7.2691322570010986e-06,2000
iid_uninformative_b0200,uninformative,200,0.5,human_normal,normal,0,200,2000,200,0,2200,False,0.050000000000000003,same_audit_normal,coverage,-0.0030000000000000001,0.0014129749640827195,2000
iid_uninformative_b0200,uninformative,200,0.5,same_audit_normal,normal,0,200,2000,200,2200,2200,False,0.050000000000000003,human_normal,width,-0.00013914425332068448,7.2691322570010986e-06,2000
iid_uninformative_b0200,uninformative,200,0.5,same_audit_normal,normal,0,200,2000,200,2200,2200,False,0.050000000000000003,human_normal,coverage,0.0030000000000000001,0.0014129749640827195,2000
iid_uninformative_b0200,uninformative,200,0.5,pilot20_normal,normal,40,160,2000,200,2200,2200,False,0.050000000000000003,human_normal,width,0.017241905718521862,5.5021768283334582e-05,2000
iid_uninformative_b0200,uninformative,200,0.5,pilot20_normal,normal,40,160,2000,200,2200,2200,False,0.050000000000000003,human_normal,coverage,0.010500000000000001,0.0047123219318075558,2000
iid_uninformative_b0200,uninformative,200,0.5,pilot20_normal,normal,40,160,2000,200,2200,2200,False,0.050000000000000003,same_audit_normal,width,0.01738104997184255,5.4667047476478373e-05,2000
iid_uninformative_b0200,uninformative,200,0.5,pilot20_normal,normal,40,160,2000,200,2200,2200,False,0.050000000000000003,same_audit_normal,coverage,0.0074999999999999997,0.0046078727462488395,2000
iid_uninformative_b0200,uninformative,200,0.5,pilot50_normal,normal,100,100,2000,200,2200,2200,False,0.050000000000000003,human_normal,width,0.057819989084199871,4.1931614141605222e-05,2000
iid_uninformative_b0200,uninformative,200,0.5,pilot50_normal,normal,100,100,2000,200,2200,2200,False,0.050000000000000003,human_normal,coverage,0.001,0.0061252150272104551,2000
iid_uninformative_b0200,uninformative,200,0.5,pilot50_normal,normal,100,100,2000,200,2200,2200,False,0.050000000000000003,same_audit_normal,width,0.057959133337520556,4.1791572797668834e-05,2000
iid_uninformative_b0200,uninformative,200,0.5,pilot50_normal,normal,100,100,2000,200,2200,2200,False,0.050000000000000003,same_audit_normal,coverage,-0.002,0.0060841193491027986,2000
iid_uninformative_b0200,uninformative,200,0.5,human_eb,empirical_bernstein,0,200,2000,200,0,2200,True,0.050000000000000003,same_audit_grid_eb,width,-0.10321407635885162,3.7725612382826552e-06,2000
iid_uninformative_b0200,uninformative,200,0.5,human_eb,empirical_bernstein,0,200,2000,200,0,2200,True,0.050000000000000003,same_audit_grid_eb,coverage,0,0,2000
iid_uninformative_b0200,uninformative,200,0.5,same_audit_grid_eb,empirical_bernstein,0,200,2000,200,2200,2200,True,0.050000000000000003,human_eb,width,0.10321407635885162,3.7725612382826552e-06,2000
iid_uninformative_b0200,uninformative,200,0.5,same_audit_grid_eb,empirical_bernstein,0,200,2000,200,2200,2200,True,0.050000000000000003,human_eb,coverage,0,0,2000
iid_uninformative_b0200,uninformative,200,0.5,pilot20_eb,empirical_bernstein,40,160,2000,200,2200,2200,True,0.050000000000000003,human_eb,width,0.082425797053599245,0.00085600830405379398,2000
iid_uninformative_b0200,uninformative,200,0.5,pilot20_eb,empirical_bernstein,40,160,2000,200,2200,2200,True,0.050000000000000003,human_eb,coverage,0,0,2000
iid_uninformative_b0200,uninformative,200,0.5,pilot20_eb,empirical_bernstein,40,160,2000,200,2200,2200,True,0.050000000000000003,same_audit_grid_eb,width,-0.020788279305252372,0.00085606187981332449,2000
iid_uninformative_b0200,uninformative,200,0.5,pilot20_eb,empirical_bernstein,40,160,2000,200,2200,2200,True,0.050000000000000003,same_audit_grid_eb,coverage,0,0,2000
iid_uninformative_b0200,uninformative,200,0.5,pilot50_eb,empirical_bernstein,100,100,2000,200,2200,2200,True,0.050000000000000003,human_eb,width,0.22966741344501193,0.00095390768758191408,2000
iid_uninformative_b0200,uninformative,200,0.5,pilot50_eb,empirical_bernstein,100,100,2000,200,2200,2200,True,0.050000000000000003,human_eb,coverage,0,0,2000
iid_uninformative_b0200,uninformative,200,0.5,pilot50_eb,empirical_bernstein,100,100,2000,200,2200,2200,True,0.050000000000000003,same_audit_grid_eb,width,0.1264533370861603,0.00095394173000359851,2000
iid_uninformative_b0200,uninformative,200,0.5,pilot50_eb,empirical_bernstein,100,100,2000,200,2200,2200,True,0.050000000000000003,same_audit_grid_eb,coverage,0,0,2000
iid_uninformative_b1000,uninformative,1000,0.5,human_normal,normal,0,1000,10000,1000,0,11000,False,0.050000000000000003,same_audit_normal,bias,1.6433036053031813e-09,7.5841123234901956e-06,2000
iid_uninformative_b1000,uninformative,1000,0.5,human_normal,normal,0,1000,10000,1000,0,11000,False,0.050000000000000003,same_audit_normal,mse,-6.7350669671238723e-09,2.5282535724407335e-07,2000
iid_uninformative_b1000,uninformative,1000,0.5,human_normal,normal,0,1000,10000,1000,0,11000,False,0.050000000000000003,same_audit_normal,rmse,-2.1086850402612933e-07,7.9158562563958765e-06,2000
iid_uninformative_b1000,uninformative,1000,0.5,same_audit_normal,normal,0,1000,10000,1000,11000,11000,False,0.050000000000000003,human_normal,bias,-1.6433036053031813e-09,7.5841123234901956e-06,2000
iid_uninformative_b1000,uninformative,1000,0.5,same_audit_normal,normal,0,1000,10000,1000,11000,11000,False,0.050000000000000003,human_normal,mse,6.7350669671238723e-09,2.5282535724407335e-07,2000
iid_uninformative_b1000,uninformative,1000,0.5,same_audit_normal,normal,0,1000,10000,1000,11000,11000,False,0.050000000000000003,human_normal,rmse,2.1086850402612933e-07,7.9158562563958765e-06,2000
iid_uninformative_b1000,uninformative,1000,0.5,same_audit_grid_eb,empirical_bernstein,0,1000,10000,1000,11000,11000,True,0.050000000000000003,human_normal,bias,0,0,2000
iid_uninformative_b1000,uninformative,1000,0.5,same_audit_grid_eb,empirical_bernstein,0,1000,10000,1000,11000,11000,True,0.050000000000000003,human_normal,mse,0,0,2000
iid_uninformative_b1000,uninformative,1000,0.5,same_audit_grid_eb,empirical_bernstein,0,1000,10000,1000,11000,11000,True,0.050000000000000003,human_normal,rmse,0,0,2000
iid_uninformative_b1000,uninformative,1000,0.5,same_audit_grid_eb,empirical_bernstein,0,1000,10000,1000,11000,11000,True,0.050000000000000003,same_audit_normal,bias,1.6433036053031813e-09,7.5841123234901956e-06,2000
iid_uninformative_b1000,uninformative,1000,0.5,same_audit_grid_eb,empirical_bernstein,0,1000,10000,1000,11000,11000,True,0.050000000000000003,same_audit_normal,mse,-6.7350669671238723e-09,2.5282535724407335e-07,2000
iid_uninformative_b1000,uninformative,1000,0.5,same_audit_grid_eb,empirical_bernstein,0,1000,10000,1000,11000,11000,True,0.050000000000000003,same_audit_normal,rmse,-2.1086850402612933e-07,7.9158562563958765e-06,2000
iid_uninformative_b1000,uninformative,1000,0.5,pilot20_normal,normal,200,800,10000,1000,11000,11000,False,0.050000000000000003,human_normal,bias,0.00011403910028603193,0.0001745001307639876,2000
iid_uninformative_b1000,uninformative,1000,0.5,pilot20_normal,normal,200,800,10000,1000,11000,11000,False,0.050000000000000003,human_normal,mse,5.9109956329799469e-05,5.8779503288286054e-06,2000
iid_uninformative_b1000,uninformative,1000,0.5,pilot20_normal,normal,200,800,10000,1000,11000,11000,False,0.050000000000000003,human_normal,rmse,0.0017543288735261328,0.00016923070554732234,2000
iid_uninformative_b1000,uninformative,1000,0.5,pilot20_normal,normal,200,800,10000,1000,11000,11000,False,0.050000000000000003,same_audit_normal,bias,0.00011404074358963722,0.0001741836313315595,2000
iid_uninformative_b1000,uninformative,1000,0.5,pilot20_normal,normal,200,800,10000,1000,11000,11000,False,0.050000000000000003,same_audit_normal,mse,5.9103221262832342e-05,5.8575841068199628e-06,2000
iid_uninformative_b1000,uninformative,1000,0.5,pilot20_normal,normal,200,800,10000,1000,11000,11000,False,0.050000000000000003,same_audit_normal,rmse,0.0017541180050221067,0.00016855747223340955,2000
iid_uninformative_b1000,uninformative,1000,0.5,pilot50_normal,normal,500,500,10000,1000,11000,11000,False,0.050000000000000003,human_normal,bias,1.4586342858459277e-05,0.00034957983849570899,2000
iid_uninformative_b1000,uninformative,1000,0.5,pilot50_normal,normal,500,500,10000,1000,11000,11000,False,0.050000000000000003,human_normal,mse,0.0002476454409848527,1.4299120469126451e-05,2000
iid_uninformative_b1000,uninformative,1000,0.5,pilot50_normal,normal,500,500,10000,1000,11000,11000,False,0.050000000000000003,human_normal,rmse,0.00645074789085541,0.0003263315256427816,2000
iid_uninformative_b1000,uninformative,1000,0.5,pilot50_normal,normal,500,500,10000,1000,11000,11000,False,0.050000000000000003,same_audit_normal,bias,1.4587986162064581e-05,0.00034951353340719371,2000
iid_uninformative_b1000,uninformative,1000,0.5,pilot50_normal,normal,500,500,10000,1000,11000,11000,False,0.050000000000000003,same_audit_normal,mse,0.00024763870591788556,1.4277390235394458e-05,2000
iid_uninformative_b1000,uninformative,1000,0.5,pilot50_normal,normal,500,500,10000,1000,11000,11000,False,0.050000000000000003,same_audit_normal,rmse,0.0064505370223513839,0.00032559406408772337,2000
iid_uninformative_b1000,uninformative,1000,0.5,human_normal,normal,0,1000,10000,1000,0,11000,False,0.050000000000000003,same_audit_normal,width,1.4540538235590317e-05,7.3912353904929117e-07,2000
iid_uninformative_b1000,uninformative,1000,0.5,human_normal,normal,0,1000,10000,1000,0,11000,False,0.050000000000000003,same_audit_normal,coverage,-0.00050000000000000001,0.00086616980151846181,2000
iid_uninformative_b1000,uninformative,1000,0.5,same_audit_normal,normal,0,1000,10000,1000,11000,11000,False,0.050000000000000003,human_normal,width,-1.4540538235590317e-05,7.3912353904929117e-07,2000
iid_uninformative_b1000,uninformative,1000,0.5,same_audit_normal,normal,0,1000,10000,1000,11000,11000,False,0.050000000000000003,human_normal,coverage,0.00050000000000000001,0.00086616980151846181,2000
iid_uninformative_b1000,uninformative,1000,0.5,pilot20_normal,normal,200,800,10000,1000,11000,11000,False,0.050000000000000003,human_normal,width,0.0074003741853916382,4.9016197321502321e-06,2000
iid_uninformative_b1000,uninformative,1000,0.5,pilot20_normal,normal,200,800,10000,1000,11000,11000,False,0.050000000000000003,human_normal,coverage,0.0094999999999999998,0.0045513989735363938,2000
iid_uninformative_b1000,uninformative,1000,0.5,pilot20_normal,normal,200,800,10000,1000,11000,11000,False,0.050000000000000003,same_audit_normal,width,0.0074149147236272301,4.8753723870017659e-06,2000
iid_uninformative_b1000,uninformative,1000,0.5,pilot20_normal,normal,200,800,10000,1000,11000,11000,False,0.050000000000000003,same_audit_normal,coverage,0.0089999999999999993,0.0044687229431204598,2000
iid_uninformative_b1000,uninformative,1000,0.5,pilot50_normal,normal,500,500,10000,1000,11000,11000,False,0.050000000000000003,human_normal,width,0.025712471461374529,4.2839894171634257e-06,2000
iid_uninformative_b1000,uninformative,1000,0.5,pilot50_normal,normal,500,500,10000,1000,11000,11000,False,0.050000000000000003,human_normal,coverage,0.014500000000000001,0.0058018708924730874,2000
iid_uninformative_b1000,uninformative,1000,0.5,pilot50_normal,normal,500,500,10000,1000,11000,11000,False,0.050000000000000003,same_audit_normal,width,0.025727011999610121,4.227313087311719e-06,2000
iid_uninformative_b1000,uninformative,1000,0.5,pilot50_normal,normal,500,500,10000,1000,11000,11000,False,0.050000000000000003,same_audit_normal,coverage,0.014,0.0057808917438988017,2000
iid_uninformative_b1000,uninformative,1000,0.5,human_eb,empirical_bernstein,0,1000,10000,1000,0,11000,True,0.050000000000000003,same_audit_grid_eb,width,-0.03276476065299426,3.8264455643903369e-07,2000
iid_uninformative_b1000,uninformative,1000,0.5,human_eb,empirical_bernstein,0,1000,10000,1000,0,11000,True,0.050000000000000003,same_audit_grid_eb,coverage,-0.0015,0.00086559206605213641,2000
iid_uninformative_b1000,uninformative,1000,0.5,same_audit_grid_eb,empirical_bernstein,0,1000,10000,1000,11000,11000,True,0.050000000000000003,human_eb,width,0.03276476065299426,3.8264455643903369e-07,2000
iid_uninformative_b1000,uninformative,1000,0.5,same_audit_grid_eb,empirical_bernstein,0,1000,10000,1000,11000,11000,True,0.050000000000000003,human_eb,coverage,0.0015,0.00086559206605213641,2000
iid_uninformative_b1000,uninformative,1000,0.5,pilot20_eb,empirical_bernstein,200,800,10000,1000,11000,11000,True,0.050000000000000003,human_eb,width,0.024124071281347928,0.00018179180343777523,2000
iid_uninformative_b1000,uninformative,1000,0.5,pilot20_eb,empirical_bernstein,200,800,10000,1000,11000,11000,True,0.050000000000000003,human_eb,coverage,0.0015,0.00086559206605213641,2000
iid_uninformative_b1000,uninformative,1000,0.5,pilot20_eb,empirical_bernstein,200,800,10000,1000,11000,11000,True,0.050000000000000003,same_audit_grid_eb,width,-0.0086406893716463387,0.00018178493484406405,2000
iid_uninformative_b1000,uninformative,1000,0.5,pilot20_eb,empirical_bernstein,200,800,10000,1000,11000,11000,True,0.050000000000000003,same_audit_grid_eb,coverage,0,0,2000
iid_uninformative_b1000,uninformative,1000,0.5,pilot50_eb,empirical_bernstein,500,500,10000,1000,11000,11000,True,0.050000000000000003,human_eb,width,0.06896984358840369,0.00022122055497807562,2000
iid_uninformative_b1000,uninformative,1000,0.5,pilot50_eb,empirical_bernstein,500,500,10000,1000,11000,11000,True,0.050000000000000003,human_eb,coverage,0.0015,0.00086559206605213641,2000
iid_uninformative_b1000,uninformative,1000,0.5,pilot50_eb,empirical_bernstein,500,500,10000,1000,11000,11000,True,0.050000000000000003,same_audit_grid_eb,width,0.036205082935409437,0.00022121710047717991,2000
iid_uninformative_b1000,uninformative,1000,0.5,pilot50_eb,empirical_bernstein,500,500,10000,1000,11000,11000,True,0.050000000000000003,same_audit_grid_eb,coverage,0,0,2000
iid_perfect_b0020,perfect,20,0.5,human_normal,normal,0,20,200,20,0,220,False,0.050000000000000003,same_audit_normal,bias,-0.0015898395501537982,0.0023954725864038379,2000
iid_perfect_b0020,perfect,20,0.5,human_normal,normal,0,20,200,20,0,220,False,0.050000000000000003,same_audit_normal,mse,0.011878869165592611,0.00040237255140866348,2000
iid_perfect_b0020,perfect,20,0.5,human_normal,normal,0,20,200,20,0,220,False,0.050000000000000003,same_audit_normal,rmse,0.080534250640574095,0.0017600329902567205,2000
iid_perfect_b0020,perfect,20,0.5,same_audit_normal,normal,0,20,200,20,220,220,False,0.050000000000000003,human_normal,bias,0.0015898395501537982,0.0023954725864038379,2000
iid_perfect_b0020,perfect,20,0.5,same_audit_normal,normal,0,20,200,20,220,220,False,0.050000000000000003,human_normal,mse,-0.011878869165592611,0.00040237255140866348,2000
iid_perfect_b0020,perfect,20,0.5,same_audit_normal,normal,0,20,200,20,220,220,False,0.050000000000000003,human_normal,rmse,-0.080534250640574095,0.0017600329902567205,2000
iid_perfect_b0020,perfect,20,0.5,same_audit_grid_eb,empirical_bernstein,0,20,200,20,220,220,True,0.050000000000000003,human_normal,bias,0,0,2000
iid_perfect_b0020,perfect,20,0.5,same_audit_grid_eb,empirical_bernstein,0,20,200,20,220,220,True,0.050000000000000003,human_normal,mse,0,0,2000
iid_perfect_b0020,perfect,20,0.5,same_audit_grid_eb,empirical_bernstein,0,20,200,20,220,220,True,0.050000000000000003,human_normal,rmse,0,0,2000
iid_perfect_b0020,perfect,20,0.5,same_audit_grid_eb,empirical_bernstein,0,20,200,20,220,220,True,0.050000000000000003,same_audit_normal,bias,-0.0015898395501537982,0.0023954725864038379,2000
iid_perfect_b0020,perfect,20,0.5,same_audit_grid_eb,empirical_bernstein,0,20,200,20,220,220,True,0.050000000000000003,same_audit_normal,mse,0.011878869165592611,0.00040237255140866348,2000
iid_perfect_b0020,perfect,20,0.5,same_audit_grid_eb,empirical_bernstein,0,20,200,20,220,220,True,0.050000000000000003,same_audit_normal,rmse,0.080534250640574095,0.0017600329902567205,2000
iid_perfect_b0020,perfect,20,0.5,pilot20_normal,normal,4,16,200,20,220,220,False,0.050000000000000003,human_normal,bias,0.0023872685185185169,0.0023340798074573911,2000
iid_perfect_b0020,perfect,20,0.5,pilot20_normal,normal,4,16,200,20,220,220,False,0.050000000000000003,human_normal,mse,-0.0097384982638888899,0.00038565975369673079,2000
iid_perfect_b0020,perfect,20,0.5,pilot20_normal,normal,4,16,200,20,220,220,False,0.050000000000000003,human_normal,rmse,-0.056907983449182881,0.0021617913385865582,2000
iid_perfect_b0020,perfect,20,0.5,pilot20_normal,normal,4,16,200,20,220,220,False,0.050000000000000003,same_audit_normal,bias,0.00079742896836471956,0.0010041875629314052,2000
iid_perfect_b0020,perfect,20,0.5,pilot20_normal,normal,4,16,200,20,220,220,False,0.050000000000000003,same_audit_normal,mse,0.0021403709017037216,0.00023103032104323335,2000
iid_perfect_b0020,perfect,20,0.5,pilot20_normal,normal,4,16,200,20,220,220,False,0.050000000000000003,same_audit_normal,rmse,0.023626267191391215,0.0020121874240087399,2000
iid_perfect_b0020,perfect,20,0.5,pilot50_normal,normal,10,10,200,20,220,220,False,0.050000000000000003,human_normal,bias,0.0018571428571428541,0.0025470504422173937,2000
iid_perfect_b0020,perfect,20,0.5,pilot50_normal,normal,10,10,200,20,220,220,False,0.050000000000000003,human_normal,mse,-0.011720249433106573,0.00040302672508371444,2000
iid_perfect_b0020,perfect,20,0.5,pilot50_normal,normal,10,10,200,20,220,220,False,0.050000000000000003,human_normal,rmse,-0.078243940973397735,0.0019497848643345542,2000
iid_perfect_b0020,perfect,20,0.5,pilot50_normal,normal,10,10,200,20,220,220,False,0.050000000000000003,same_audit_normal,bias,0.00026730330698905699,0.00032479632121907345,2000
iid_perfect_b0020,perfect,20,0.5,pilot50_normal,normal,10,10,200,20,220,220,False,0.050000000000000003,same_audit_normal,mse,0.00015861973248603505,7.0480082091255481e-05,2000
iid_perfect_b0020,perfect,20,0.5,pilot50_normal,normal,10,10,200,20,220,220,False,0.050000000000000003,same_audit_normal,rmse,0.002290309667176367,0.00098486794445359926,2000
iid_perfect_b0020,perfect,20,0.5,human_normal,normal,0,20,200,20,0,220,False,0.050000000000000003,same_audit_normal,width,0.30533177971274328,0.00038807260900109597,2000
iid_perfect_b0020,perfect,20,0.5,human_normal,normal,0,20,200,20,0,220,False,0.050000000000000003,same_audit_normal,coverage,-0.0035000000000000001,0.0061857098625179331,2000
iid_perfect_b0020,perfect,20,0.5,same_audit_normal,normal,0,20,200,20,220,220,False,0.050000000000000003,human_normal,width,-0.30533177971274328,0.00038807260900109597,2000
iid_perfect_b0020,perfect,20,0.5,same_audit_normal,normal,0,20,200,20,220,220,False,0.050000000000000003,human_normal,coverage,0.0035000000000000001,0.0061857098625179331,2000
iid_perfect_b0020,perfect,20,0.5,pilot20_normal,normal,4,16,200,20,220,220,False,0.050000000000000003,human_normal,width,-0.25790828139962579,0.0027634640720455915,2000
iid_perfect_b0020,perfect,20,0.5,pilot20_normal,normal,4,16,200,20,220,220,False,0.050000000000000003,human_normal,coverage,0,0.0063261370523410654,2000
iid_perfect_b0020,perfect,20,0.5,pilot20_normal,normal,4,16,200,20,220,220,False,0.050000000000000003,same_audit_normal,width,0.047423498313117492,0.0026767552755221839,2000
iid_perfect_b0020,perfect,20,0.5,pilot20_normal,normal,4,16,200,20,220,220,False,0.050000000000000003,same_audit_normal,coverage,-0.0035000000000000001,0.0034277908155162366,2000
iid_perfect_b0020,perfect,20,0.5,pilot50_normal,normal,10,10,200,20,220,220,False,0.050000000000000003,human_normal,width,-0.30057335826930354,0.00078351872323206818,2000
iid_perfect_b0020,perfect,20,0.5,pilot50_normal,normal,10,10,200,20,220,220,False,0.050000000000000003,human_normal,coverage,0.0074999999999999997,0.006382965307994517,2000
iid_perfect_b0020,perfect,20,0.5,pilot50_normal,normal,10,10,200,20,220,220,False,0.050000000000000003,same_audit_normal,width,0.004758421443439742,0.00061095797503848124,2000
iid_perfect_b0020,perfect,20,0.5,pilot50_normal,normal,10,10,200,20,220,220,False,0.050000000000000003,same_audit_normal,coverage,0.0040000000000000001,0.0033162476911977926,2000
iid_perfect_b0020,perfect,20,0.5,human_eb,empirical_bernstein,0,20,200,20,0,220,True,0.050000000000000003,same_audit_grid_eb,width,-0.72087827698324236,0.00014271667805172082,2000
iid_perfect_b0020,perfect,20,0.5,human_eb,empirical_bernstein,0,20,200,20,0,220,True,0.050000000000000003,same_audit_grid_eb,coverage,0,0,2000
iid_perfect_b0020,perfect,20,0.5,same_audit_grid_eb,empirical_bernstein,0,20,200,20,220,220,True,0.050000000000000003,human_eb,width,0.72087827698324236,0.00014271667805172082,2000
iid_perfect_b0020,perfect,20,0.5,same_audit_grid_eb,empirical_bernstein,0,20,200,20,220,220,True,0.050000000000000003,human_eb,coverage,0,0,2000
iid_perfect_b0020,perfect,20,0.5,pilot20_eb,empirical_bernstein,4,16,200,20,220,220,True,0.050000000000000003,human_eb,width,1.5093853111730533,0.0098443932408411108,2000
iid_perfect_b0020,perfect,20,0.5,pilot20_eb,empirical_bernstein,4,16,200,20,220,220,True,0.050000000000000003,human_eb,coverage,0,0,2000
iid_perfect_b0020,perfect,20,0.5,pilot20_eb,empirical_bernstein,4,16,200,20,220,220,True,0.050000000000000003,same_audit_grid_eb,width,0.78850703418981072,0.0098253778119406516,2000
iid_perfect_b0020,perfect,20,0.5,pilot20_eb,empirical_bernstein,4,16,200,20,220,220,True,0.050000000000000003,same_audit_grid_eb,coverage,0,0,2000
iid_perfect_b0020,perfect,20,0.5,pilot50_eb,empirical_bernstein,10,10,200,20,220,220,True,0.050000000000000003,human_eb,width,3.7682198615811155,0.0030373348883195334,2000
iid_perfect_b0020,perfect,20,0.5,pilot50_eb,empirical_bernstein,10,10,200,20,220,220,True,0.050000000000000003,human_eb,coverage,0,0,2000
iid_perfect_b0020,perfect,20,0.5,pilot50_eb,empirical_bernstein,10,10,200,20,220,220,True,0.050000000000000003,same_audit_grid_eb,width,3.0473415845978731,0.003039469017353684,2000
iid_perfect_b0020,perfect,20,0.5,pilot50_eb,empirical_bernstein,10,10,200,20,220,220,True,0.050000000000000003,same_audit_grid_eb,coverage,0,0,2000
iid_perfect_b0200,perfect,200,0.5,human_normal,normal,0,200,2000,200,0,2200,False,0.050000000000000003,same_audit_normal,bias,-9.3890123016301922e-05,0.00077557928633481131,2000
iid_perfect_b0200,perfect,200,0.5,human_normal,normal,0,200,2000,200,0,2200,False,0.050000000000000003,same_audit_normal,mse,0.0012025180572889521,4.1784892763905424e-05,2000
iid_perfect_b0200,perfect,200,0.5,human_normal,normal,0,200,2000,200,0,2200,False,0.050000000000000003,same_audit_normal,rmse,0.025484809458799378,0.00058900774093828664,2000
iid_perfect_b0200,perfect,200,0.5,same_audit_normal,normal,0,200,2000,200,2200,2200,False,0.050000000000000003,human_normal,bias,9.3890123016301922e-05,0.00077557928633481131,2000
iid_perfect_b0200,perfect,200,0.5,same_audit_normal,normal,0,200,2000,200,2200,2200,False,0.050000000000000003,human_normal,mse,-0.0012025180572889521,4.1784892763905424e-05,2000
iid_perfect_b0200,perfect,200,0.5,same_audit_normal,normal,0,200,2000,200,2200,2200,False,0.050000000000000003,human_normal,rmse,-0.025484809458799378,0.00058900774093828664,2000
iid_perfect_b0200,perfect,200,0.5,same_audit_grid_eb,empirical_bernstein,0,200,2000,200,2200,2200,True,0.050000000000000003,human_normal,bias,0.00010224999999998058,0.00085393482615033715,2000
iid_perfect_b0200,perfect,200,0.5,same_audit_grid_eb,empirical_bernstein,0,200,2000,200,2200,2200,True,0.050000000000000003,human_normal,mse,-0.0011904968750000005,4.2115336784768658e-05,2000
iid_perfect_b0200,perfect,200,0.5,same_audit_grid_eb,empirical_bernstein,0,200,2000,200,2200,2200,True,0.050000000000000003,human_normal,rmse,-0.024944321676704337,0.00060541763455298331,2000
iid_perfect_b0200,perfect,200,0.5,same_audit_grid_eb,empirical_bernstein,0,200,2000,200,2200,2200,True,0.050000000000000003,same_audit_normal,bias,8.3598769836785999e-06,7.8361990279648218e-05,2000
iid_perfect_b0200,perfect,200,0.5,same_audit_grid_eb,empirical_bernstein,0,200,2000,200,2200,2200,True,0.050000000000000003,same_audit_normal,mse,1.2021182288951572e-05,1.7542840548006497e-06,2000
iid_perfect_b0200,perfect,200,0.5,same_audit_grid_eb,empirical_bernstein,0,200,2000,200,2200,2200,True,0.050000000000000003,same_audit_normal,rmse,0.00054048778209504073,7.7056651633790414e-05,2000
iid_perfect_b0200,perfect,200,0.5,pilot20_normal,normal,40,160,2000,200,2200,2200,False,0.050000000000000003,human_normal,bias,8.4120370370352579e-05,0.00078998491875732042,2000
iid_perfect_b0200,perfect,200,0.5,pilot20_normal,normal,40,160,2000,200,2200,2200,False,0.050000000000000003,human_normal,mse,-0.0011999553969478743,4.189408781638922e-05,2000
iid_perfect_b0200,perfect,200,0.5,pilot20_normal,normal,40,160,2000,200,2200,2200,False,0.050000000000000003,human_normal,rmse,-0.025367354962748098,0.00059465011624883918,2000
iid_perfect_b0200,perfect,200,0.5,pilot20_normal,normal,40,160,2000,200,2200,2200,False,0.050000000000000003,same_audit_normal,bias,-9.7697526459494817e-06,3.2288242476433151e-05,2000
iid_perfect_b0200,perfect,200,0.5,pilot20_normal,normal,40,160,2000,200,2200,2200,False,0.050000000000000003,same_audit_normal,mse,2.5626603410777776e-06,6.8839648505089345e-07,2000
iid_perfect_b0200,perfect,200,0.5,pilot20_normal,normal,40,160,2000,200,2200,2200,False,0.050000000000000003,same_audit_normal,rmse,0.00011745449605127592,3.125657491088735e-05,2000
iid_perfect_b0200,perfect,200,0.5,pilot50_normal,normal,100,100,2000,200,2200,2200,False,0.050000000000000003,human_normal,bias,0.00010023809523807597,0.00081324141434399274,2000
iid_perfect_b0200,perfect,200,0.5,pilot50_normal,normal,100,100,2000,200,2200,2200,False,0.050000000000000003,human_normal,mse,-0.0011967424036281185,4.2035377760923176e-05,2000
iid_perfect_b0200,perfect,200,0.5,pilot50_normal,normal,100,100,2000,200,2200,2200,False,0.050000000000000003,human_normal,rmse,-0.025221847440928365,0.00060076600349914171,2000
iid_perfect_b0200,perfect,200,0.5,pilot50_normal,normal,100,100,2000,200,2200,2200,False,0.050000000000000003,same_audit_normal,bias,6.347972221773995e-06,5.2136093029408013e-05,2000
iid_perfect_b0200,perfect,200,0.5,pilot50_normal,normal,100,100,2000,200,2200,2200,False,0.050000000000000003,same_audit_normal,mse,5.7756536608336554e-06,1.1249735546672369e-06,2000
iid_perfect_b0200,perfect,200,0.5,pilot50_normal,normal,100,100,2000,200,2200,2200,False,0.050000000000000003,same_audit_normal,rmse,0.00026296201787101049,5.0694968003263849e-05,2000
iid_perfect_b0200,perfect,200,0.5,human_normal,normal,0,200,2000,200,0,2200,False,0.050000000000000003,same_audit_normal,width,0.096784249503855529,1.1412299306342208e-05,2000
iid_perfect_b0200,perfect,200,0.5,human_normal,normal,0,200,2000,200,0,2200,False,0.050000000000000003,same_audit_normal,coverage,-0.0025000000000000001,0.0072300077113204306,2000
iid_perfect_b0200,perfect,200,0.5,same_audit_normal,normal,0,200,2000,200,2200,2200,False,0.050000000000000003,human_normal,width,-0.096784249503855529,1.1412299306342208e-05,2000
iid_perfect_b0200,perfect,200,0.5,same_audit_normal,normal,0,200,2000,200,2200,2200,False,0.050000000000000003,human_normal,coverage,0.0025000000000000001,0.0072300077113204306,2000
iid_perfect_b0200,perfect,200,0.5,pilot20_normal,normal,40,160,2000,200,2200,2200,False,0.050000000000000003,human_normal,width,-0.096399291788214367,1.1472055461602438e-05,2000
iid_perfect_b0200,perfect,200,0.5,pilot20_normal,normal,40,160,2000,200,2200,2200,False,0.050000000000000003,human_normal,coverage,0.0040000000000000001,0.0072813809991393334,2000
iid_perfect_b0200,perfect,200,0.5,pilot20_normal,normal,40,160,2000,200,2200,2200,False,0.050000000000000003,same_audit_normal,width,0.00038495771564115886,2.0979464508021459e-07,2000
iid_perfect_b0200,perfect,200,0.5,pilot20_normal,normal,40,160,2000,200,2200,2200,False,0.050000000000000003,same_audit_normal,coverage,0.0015,0.0020617954554829451,2000
iid_perfect_b0200,perfect,200,0.5,pilot50_normal,normal,100,100,2000,200,2200,2200,False,0.050000000000000003,human_normal,width,-0.095800648728816287,1.1580205933706497e-05,2000
iid_perfect_b0200,perfect,200,0.5,pilot50_normal,normal,100,100,2000,200,2200,2200,False,0.050000000000000003,human_normal,coverage,0,0.007451695369641795,2000
iid_perfect_b0200,perfect,200,0.5,pilot50_normal,normal,100,100,2000,200,2200,2200,False,0.050000000000000003,same_audit_normal,width,0.00098360077503923532,3.2412732464559307e-07,2000
iid_perfect_b0200,perfect,200,0.5,pilot50_normal,normal,100,100,2000,200,2200,2200,False,0.050000000000000003,same_audit_normal,coverage,-0.0025000000000000001,0.0030416279769845604,2000
iid_perfect_b0200,perfect,200,0.5,human_eb,empirical_bernstein,0,200,2000,200,0,2200,True,0.050000000000000003,same_audit_grid_eb,width,-0.084540755174443261,1.7734771153982139e-05,2000
iid_perfect_b0200,perfect,200,0.5,human_eb,empirical_bernstein,0,200,2000,200,0,2200,True,0.050000000000000003,same_audit_grid_eb,coverage,0,0,2000
iid_perfect_b0200,perfect,200,0.5,same_audit_grid_eb,empirical_bernstein,0,200,2000,200,2200,2200,True,0.050000000000000003,human_eb,width,0.084540755174443261,1.7734771153982139e-05,2000
iid_perfect_b0200,perfect,200,0.5,same_audit_grid_eb,empirical_bernstein,0,200,2000,200,2200,2200,True,0.050000000000000003,human_eb,coverage,0,0,2000
iid_perfect_b0200,perfect,200,0.5,pilot20_eb,empirical_bernstein,40,160,2000,200,2200,2200,True,0.050000000000000003,human_eb,width,0.070402086243915765,1.6163973102552128e-05,2000
iid_perfect_b0200,perfect,200,0.5,pilot20_eb,empirical_bernstein,40,160,2000,200,2200,2200,True,0.050000000000000003,human_eb,coverage,0,0,2000
iid_perfect_b0200,perfect,200,0.5,pilot20_eb,empirical_bernstein,40,160,2000,200,2200,2200,True,0.050000000000000003,same_audit_grid_eb,width,-0.014138668930527516,2.017821344112632e-06,2000
iid_perfect_b0200,perfect,200,0.5,pilot20_eb,empirical_bernstein,40,160,2000,200,2200,2200,True,0.050000000000000003,same_audit_grid_eb,coverage,0,0,2000
iid_perfect_b0200,perfect,200,0.5,pilot50_eb,empirical_bernstein,100,100,2000,200,2200,2200,True,0.050000000000000003,human_eb,width,0.24931174353629124,1.6644281024994798e-05,2000
iid_perfect_b0200,perfect,200,0.5,pilot50_eb,empirical_bernstein,100,100,2000,200,2200,2200,True,0.050000000000000003,human_eb,coverage,0,0,2000
iid_perfect_b0200,perfect,200,0.5,pilot50_eb,empirical_bernstein,100,100,2000,200,2200,2200,True,0.050000000000000003,same_audit_grid_eb,width,0.16477098836184798,2.4210313382461653e-06,2000
iid_perfect_b0200,perfect,200,0.5,pilot50_eb,empirical_bernstein,100,100,2000,200,2200,2200,True,0.050000000000000003,same_audit_grid_eb,coverage,0,0,2000
iid_perfect_b1000,perfect,1000,0.5,human_normal,normal,0,1000,10000,1000,0,11000,False,0.050000000000000003,same_audit_normal,bias,-0.00013309259178956987,0.00033861653305789576,2000
iid_perfect_b1000,perfect,1000,0.5,human_normal,normal,0,1000,10000,1000,0,11000,False,0.050000000000000003,same_audit_normal,mse,0.00022642002555231023,8.0707037837751414e-06,2000
iid_perfect_b1000,perfect,1000,0.5,human_normal,normal,0,1000,10000,1000,0,11000,False,0.050000000000000003,same_audit_normal,rmse,0.011065659091481633,0.000262452379374693,2000
iid_perfect_b1000,perfect,1000,0.5,same_audit_normal,normal,0,1000,10000,1000,11000,11000,False,0.050000000000000003,human_normal,bias,0.00013309259178956987,0.00033861653305789576,2000
iid_perfect_b1000,perfect,1000,0.5,same_audit_normal,normal,0,1000,10000,1000,11000,11000,False,0.050000000000000003,human_normal,mse,-0.00022642002555231023,8.0707037837751414e-06,2000
iid_perfect_b1000,perfect,1000,0.5,same_audit_normal,normal,0,1000,10000,1000,11000,11000,False,0.050000000000000003,human_normal,rmse,-0.011065659091481633,0.000262452379374693,2000
iid_perfect_b1000,perfect,1000,0.5,same_audit_grid_eb,empirical_bernstein,0,1000,10000,1000,11000,11000,True,0.050000000000000003,human_normal,bias,0.00014639999999999662,0.00037254374634594384,2000
iid_perfect_b1000,perfect,1000,0.5,same_audit_grid_eb,empirical_bernstein,0,1000,10000,1000,11000,11000,True,0.050000000000000003,human_normal,mse,-0.00022384657000000034,8.1221937302901002e-06,2000
iid_perfect_b1000,perfect,1000,0.5,same_audit_grid_eb,empirical_bernstein,0,1000,10000,1000,11000,11000,True,0.050000000000000003,human_normal,rmse,-0.010799316142707651,0.00026820609575339301,2000
iid_perfect_b1000,perfect,1000,0.5,same_audit_grid_eb,empirical_bernstein,0,1000,10000,1000,11000,11000,True,0.050000000000000003,same_audit_normal,bias,1.3307408210426753e-05,3.3927319958640341e-05,2000
iid_perfect_b1000,perfect,1000,0.5,same_audit_grid_eb,empirical_bernstein,0,1000,10000,1000,11000,11000,True,0.050000000000000003,same_audit_normal,mse,2.5734555523099083e-06,3.2456793606955568e-07,2000
iid_perfect_b1000,perfect,1000,0.5,same_audit_grid_eb,empirical_bernstein,0,1000,10000,1000,11000,11000,True,0.050000000000000003,same_audit_normal,rmse,0.000266342948773984,3.2799764371567251e-05,2000
iid_perfect_b1000,perfect,1000,0.5,pilot20_normal,normal,200,800,10000,1000,11000,11000,False,0.050000000000000003,human_normal,bias,0.00014770370370369984,0.00034532503739328053,2000
iid_perfect_b1000,perfect,1000,0.5,pilot20_normal,normal,200,800,10000,1000,11000,11000,False,0.050000000000000003,human_normal,mse,-0.00022605457750342965,8.091879324785543e-06,2000
iid_perfect_b1000,perfect,1000,0.5,pilot20_normal,normal,200,800,10000,1000,11000,11000,False,0.050000000000000003,human_normal,rmse,-0.01102692413329778,0.00026478208730153219,2000
iid_perfect_b1000,perfect,1000,0.5,pilot20_normal,normal,200,800,10000,1000,11000,11000,False,0.050000000000000003,same_audit_normal,bias,1.4611111914129976e-05,1.4655535278973591e-05,2000
iid_perfect_b1000,perfect,1000,0.5,pilot20_normal,normal,200,800,10000,1000,11000,11000,False,0.050000000000000003,same_audit_normal,mse,3.6544804888055898e-07,1.3717709439225064e-07,2000
iid_perfect_b1000,perfect,1000,0.5,pilot20_normal,normal,200,800,10000,1000,11000,11000,False,0.050000000000000003,same_audit_normal,rmse,3.8734958183855514e-05,1.4490657147424259e-05,2000
iid_perfect_b1000,perfect,1000,0.5,pilot50_normal,normal,500,500,10000,1000,11000,11000,False,0.050000000000000003,human_normal,bias,0.00014588095238094882,0.00035552678738807607,2000
iid_perfect_b1000,perfect,1000,0.5,pilot50_normal,normal,500,500,10000,1000,11000,11000,False,0.050000000000000003,human_normal,mse,-0.00022510114399093003,8.112768640349497e-06,2000
iid_perfect_b1000,perfect,1000,0.5,pilot50_normal,normal,500,500,10000,1000,11000,11000,False,0.050000000000000003,human_normal,rmse,-0.010927327109170246,0.00026710472478541473,2000
iid_perfect_b1000,perfect,1000,0.5,pilot50_normal,normal,500,500,10000,1000,11000,11000,False,0.050000000000000003,same_audit_normal,bias,1.2788360591378973e-05,2.36976594251976e-05,2000
iid_perfect_b1000,perfect,1000,0.5,pilot50_normal,normal,500,500,10000,1000,11000,11000,False,0.050000000000000003,same_audit_normal,mse,1.3188815613802006e-06,2.2788667555851766e-07,2000
iid_perfect_b1000,perfect,1000,0.5,pilot50_normal,normal,500,500,10000,1000,11000,11000,False,0.050000000000000003,same_audit_normal,rmse,0.0001383319823113887,2.3575569341186474e-05,2000
iid_perfect_b1000,perfect,1000,0.5,human_normal,normal,0,1000,10000,1000,0,11000,False,0.050000000000000003,same_audit_normal,width,0.043292135412209179,9.7670664312351304e-07,2000
iid_perfect_b1000,perfect,1000,0.5,human_normal,normal,0,1000,10000,1000,0,11000,False,0.050000000000000003,same_audit_normal,coverage,-0.0135,0.0070840642983736202,2000
iid_perfect_b1000,perfect,1000,0.5,same_audit_normal,normal,0,1000,10000,1000,11000,11000,False,0.050000000000000003,human_normal,width,-0.043292135412209179,9.7670664312351304e-07,2000
iid_perfect_b1000,perfect,1000,0.5,same_audit_normal,normal,0,1000,10000,1000,11000,11000,False,0.050000000000000003,human_normal,coverage,0.0135,0.0070840642983736202,2000
iid_perfect_b1000,perfect,1000,0.5,pilot20_normal,normal,200,800,10000,1000,11000,11000,False,0.050000000000000003,human_normal,width,-0.043119886435248375,9.8191860035780408e-07,2000
iid_perfect_b1000,perfect,1000,0.5,pilot20_normal,normal,200,800,10000,1000,11000,11000,False,0.050000000000000003,human_normal,coverage,0.012500000000000001,0.0071201982845849107,2000
iid_perfect_b1000,perfect,1000,0.5,pilot20_normal,normal,200,800,10000,1000,11000,11000,False,0.050000000000000003,same_audit_normal,width,0.00017224897696080163,1.765052212053612e-08,2000
iid_perfect_b1000,perfect,1000,0.5,pilot20_normal,normal,200,800,10000,1000,11000,11000,False,0.050000000000000003,same_audit_normal,coverage,-0.001,0.0020003751524089639,2000
iid_perfect_b1000,perfect,1000,0.5,pilot50_normal,normal,500,500,10000,1000,11000,11000,False,0.050000000000000003,human_normal,width,-0.042852364142208062,9.9056007309520925e-07,2000
iid_perfect_b1000,perfect,1000,0.5,pilot50_normal,normal,500,500,10000,1000,11000,11000,False,0.050000000000000003,human_normal,coverage,0.014,0.0069947454014864466,2000
iid_perfect_b1000,perfect,1000,0.5,pilot50_normal,normal,500,500,10000,1000,11000,11000,False,0.050000000000000003,same_audit_normal,width,0.00043977127000111791,2.8945042485690067e-08,2000
iid_perfect_b1000,perfect,1000,0.5,pilot50_normal,normal,500,500,10000,1000,11000,11000,False,0.050000000000000003,same_audit_normal,coverage,0.00050000000000000001,0.0027845559566900377,2000
iid_perfect_b1000,perfect,1000,0.5,human_eb,empirical_bernstein,0,1000,10000,1000,0,11000,True,0.050000000000000003,same_audit_grid_eb,width,0.017406262578328488,1.5172716967252778e-06,2000
iid_perfect_b1000,perfect,1000,0.5,human_eb,empirical_bernstein,0,1000,10000,1000,0,11000,True,0.050000000000000003,same_audit_grid_eb,coverage,-0.001,0.00070692989393395216,2000
iid_perfect_b1000,perfect,1000,0.5,same_audit_grid_eb,empirical_bernstein,0,1000,10000,1000,11000,11000,True,0.050000000000000003,human_eb,width,-0.017406262578328488,1.5172716967252778e-06,2000
iid_perfect_b1000,perfect,1000,0.5,same_audit_grid_eb,empirical_bernstein,0,1000,10000,1000,11000,11000,True,0.050000000000000003,human_eb,coverage,0.001,0.00070692989393395216,2000
iid_perfect_b1000,perfect,1000,0.5,pilot20_eb,empirical_bernstein,200,800,10000,1000,11000,11000,True,0.050000000000000003,human_eb,width,-0.016961273165628222,1.3860220780465622e-06,2000
iid_perfect_b1000,perfect,1000,0.5,pilot20_eb,empirical_bernstein,200,800,10000,1000,11000,11000,True,0.050000000000000003,human_eb,coverage,0.001,0.00070692989393395216,2000
iid_perfect_b1000,perfect,1000,0.5,pilot20_eb,empirical_bernstein,200,800,10000,1000,11000,11000,True,0.050000000000000003,same_audit_grid_eb,width,0.00044498941270026639,1.6856766464668245e-07,2000
iid_perfect_b1000,perfect,1000,0.5,pilot20_eb,empirical_bernstein,200,800,10000,1000,11000,11000,True,0.050000000000000003,same_audit_grid_eb,coverage,0,0,2000
iid_perfect_b1000,perfect,1000,0.5,pilot50_eb,empirical_bernstein,500,500,10000,1000,11000,11000,True,0.050000000000000003,human_eb,width,0.017962768608858332,1.4245961616763588e-06,2000
iid_perfect_b1000,perfect,1000,0.5,pilot50_eb,empirical_bernstein,500,500,10000,1000,11000,11000,True,0.050000000000000003,human_eb,coverage,0.001,0.00070692989393395216,2000
iid_perfect_b1000,perfect,1000,0.5,pilot50_eb,empirical_bernstein,500,500,10000,1000,11000,11000,True,0.050000000000000003,same_audit_grid_eb,width,0.035369031187186824,2.1813532886384897e-07,2000
iid_perfect_b1000,perfect,1000,0.5,pilot50_eb,empirical_bernstein,500,500,10000,1000,11000,11000,True,0.050000000000000003,same_audit_grid_eb,coverage,0,0,2000
