scenario,method,profile,prevalence,audit_ratio,n_labeled,n_unlabeled,repetitions,alpha,point_rule,primary_target,interval_coefficient_handling,population_interval_scope,pool_interval_scope,oracle_population_power,oracle_pool_power,mean_selected_power,power_lower,power_upper,power_negative_fraction,power_zero_fraction,power_positive_fraction,power_lower_boundary_fraction,power_upper_boundary_fraction,point_outside_unit_interval_fraction,population_bias,population_bias_mcse,population_mse,population_mse_mcse,population_rmse,population_rmse_mcse,population_mean_width,population_mean_width_mcse,population_coverage,population_coverage_mcse,population_coverage_mc_low,population_coverage_mc_high,population_zero_width_draws,population_mse_difference_vs_population_tuned,population_mse_difference_vs_population_tuned_mcse,population_mse_difference_vs_pool_tuned,population_mse_difference_vs_pool_tuned_mcse,pool_bias,pool_bias_mcse,pool_mse,pool_mse_mcse,pool_rmse,pool_rmse_mcse,pool_mean_width,pool_mean_width_mcse,pool_coverage,pool_coverage_mcse,pool_coverage_mc_low,pool_coverage_mc_high,pool_zero_width_draws,pool_mse_difference_vs_population_tuned,pool_mse_difference_vs_population_tuned_mcse,pool_mse_difference_vs_pool_tuned,pool_mse_difference_vs_pool_tuned_mcse
iid_p050_positive_n0020_r005,human_only,positive,0.5,0.5,20,10,1000,0.05,fixed_zero,population_mean,fixed prespecified coefficient,asymptotic confidence interval for the population outcome mean,asymptotic marginal prediction interval for the random held-out mean,0.2840434419381788,0.8521303258145364,0.0,-1.0,1.0,0.0,1.0,0.0,0.0,0.0,0.0,0.006450000000000006,0.003630989063820157,0.013212500000000002,0.0005841252400350855,0.1149456393257265,0.0025408760326254055,0.43722804679982635,0.000573311424271516,0.958,0.006343185319695463,0.9436497084242552,0.96956529373686,0,0.00212240042105677,0.0004488178950326945,-0.008135773728530877,0.0010366580825867022,0.01085000000000001,0.006252509206020522,0.0391725,0.0017384961497261399,0.19792043856054886,0.0043919065720802,0.7573011915514023,0.0009930045153979424,0.938,0.00762600813007697,0.9212200503389675,0.9521381518866388,0,0.01703320792723271,0.0009639985019878632,0.028573920826913672,0.0016568593818724056
iid_p050_positive_n0020_r005,fixed_ppi,positive,0.5,0.5,20,10,1000,0.05,fixed_one,population_mean,fixed prespecified coefficient,asymptotic confidence interval for the population outcome mean,asymptotic marginal prediction interval for the random held-out mean,0.2840434419381788,0.8521303258145364,1.0,-1.0,1.0,0.0,0.0,1.0,0.0,1.0,0.0,-0.0036000000000000047,0.005283934136603139,0.027905000000000003,0.0012096845918717046,0.1670478973228936,0.0036207716806319823,0.660890202882656,0.0019292172300034195,0.922,0.008480330182251158,0.903606366597417,0.937858786867286,0,0.01681490042105677,0.0010790163296534698,0.006556726271469121,0.0004453924671752314,0.0007999999999999995,0.0032426647799109415,0.010504999999999999,0.0005289492057487773,0.10249390225764653,0.0025803935360911444,0.3545549754367901,0.006655931734332684,0.887,0.010011543337567888,0.8657282191964617,0.9059603332456124,214,-0.01163429207276729,0.0010228567458291165,-9.357917308632445e-05,0.0002950880017358236
iid_p050_positive_n0020_r005,population_tuned,positive,0.5,0.5,20,10,1000,0.05,population_variance_tuned,population_mean,same-audit selected coefficient plugged into both intervals,asymptotic confidence interval for the population outcome mean,asymptotic marginal prediction interval for the random held-out mean,0.2840434419381788,0.8521303258145364,0.28792344977262985,-1.0,1.0,0.0,0.0,1.0,0.0,0.0,0.0,0.006703572526235879,0.0033250891585401084,0.011090099578943228,0.0005574810836159894,0.10530954172791385,0.0026468688139216394,0.378106723824235,0.0007465786744139077,0.919,0.008627803892068941,0.9003283010315127,0.935156460291505,0,0.0,0.0,-0.010258174149587648,0.0007691658817528373,0.011103572526235884,0.004694469170280344,0.022139292072767287,0.0009715667442499454,0.14879278232752854,0.003264831563238378,0.577413693417624,0.0018577131159872393,0.943,0.007331507348424336,0.9267772705393378,0.9565464180630414,0,0.0,0.0,0.011540712899680965,0.0008345878664261141
iid_p050_positive_n0020_r005,pool_tuned,positive,0.5,0.5,20,10,1000,0.05,audit_residual_variance_tuned,realized_pool_mean,same-audit selected coefficient plugged into both intervals,asymptotic confidence interval for the population outcome mean,asymptotic marginal prediction interval for the random held-out mean,0.2840434419381788,0.8521303258145364,0.8521087037962038,-1.0,1.0,0.0,0.0,1.0,0.0,0.122,0.0,-0.002040956959706963,0.004622280140462759,0.02134827372853088,0.0009168538038310377,0.14611048466325366,0.003137535974725377,0.5755412507666647,0.0018529056474558823,0.925,0.00832916562447884,0.9068915530385009,0.9405538717887368,0,0.010258174149587648,0.0007691658817528373,0.0,0.0,0.0023590430402930396,0.003256319656717856,0.010598579173086323,0.0005313650965287612,0.1029494010331596,0.0025807099953772954,0.33458203135246634,0.006123098590873213,0.868,0.010704017937204702,0.8454345533915462,0.8883719870272047,153,-0.011540712899680965,0.0008345878664261141,0.0,0.0
iid_p050_positive_n0020_r010,human_only,positive,0.5,1.0,20,20,1000,0.05,fixed_zero,population_mean,fixed prespecified coefficient,asymptotic confidence interval for the population outcome mean,asymptotic marginal prediction interval for the random held-out mean,0.4260651629072682,0.8521303258145364,0.0,-1.0,1.0,0.0,1.0,0.0,0.0,0.0,0.0,0.002550000000000008,0.0035204248168212446,0.012387500000000001,0.0005387335404238143,0.11129914644776033,0.002420205175053502,0.4380518862424335,0.0005241589990128561,0.958,0.006343185319695463,0.9436497084242552,0.96956529373686,0,0.003969274333525795,0.0004095902941594564,-0.0007022692731541017,0.0007316411659351016,-0.0001499999999999988,0.005096415500226699,0.025947500000000005,0.0011641203416829034,0.16108227711328146,0.0036134339622733084,0.6194989185471657,0.0007412727652438862,0.942,0.007391616873188169,0.9256635046176483,0.9556671397471793,0,0.014249170209306005,0.0007717299805368842,0.018652834045096274,0.0011085522954854788
iid_p050_positive_n0020_r010,fixed_ppi,positive,0.5,1.0,20,20,1000,0.05,fixed_one,population_mean,fixed prespecified coefficient,asymptotic confidence interval for the population outcome mean,asymptotic marginal prediction interval for the random held-out mean,0.4260651629072682,0.8521303258145364,1.0,-1.0,1.0,0.0,0.0,1.0,0.0,1.0,0.0,0.0016000000000000068,0.004039028813186872,0.016300000000000002,0.0007005360452901413,0.12767145334803706,0.0027435108903337,0.4949247839717881,0.0014455791943818119,0.948,0.007021111023192843,0.9323649859494927,0.9609234650560194,0,0.007881774333525793,0.0006251613253016889,0.0032102307268458974,0.0002421185748848376,-0.0011000000000000005,0.0027048301436700434,0.0073100000000000005,0.0003424634012287754,0.08549853799919623,0.0020027441944796467,0.2898409598524205,0.005291957377875079,0.814,0.012304633273690038,0.7884716407300623,0.8376640223583915,204,-0.004388329790693995,0.0005387088195409449,1.5334045096275556e-05,0.0001761564664198908
iid_p050_positive_n0020_r010,population_tuned,positive,0.5,1.0,20,20,1000,0.05,population_variance_tuned,population_mean,same-audit selected coefficient plugged into both intervals,asymptotic confidence interval for the population outcome mean,asymptotic marginal prediction interval for the random held-out mean,0.4260651629072682,0.8521303258145364,0.42853454493581866,-1.0,1.0,0.0,0.0,1.0,0.0,0.0,0.0,0.00313522754729085,0.00290117438764519,0.008418225666474207,0.0003699021046069313,0.0917508891862864,0.002015795748071175,0.3459948609164149,0.00089074886309691,0.928,0.00817410545564467,0.9101842508246492,0.9432413124454383,0,0.0,0.0,-0.004671543606679896,0.00045066801149029216,0.0004352275472908427,0.003421965841134883,0.011698329790693995,0.0005338189741239483,0.10815881744311924,0.002467755226727973,0.4067993728157081,0.002110161680419847,0.931,0.008014923580421711,0.9134848906542884,0.9459206642067437,0,0.0,0.0,0.004403663835790271,0.0004112871088692501
iid_p050_positive_n0020_r010,pool_tuned,positive,0.5,1.0,20,20,1000,0.05,audit_residual_variance_tuned,realized_pool_mean,same-audit selected coefficient plugged into both intervals,asymptotic confidence interval for the population outcome mean,asymptotic marginal prediction interval for the random held-out mean,0.4260651629072682,0.8521303258145364,0.855723883387854,-1.0,1.0,0.0,0.0,1.0,0.0,0.125,0.0,0.001159619636899055,0.0036196030281694363,0.013089769273154101,0.0005626670354555981,0.11441052955543078,0.0024589827424187885,0.43751076950188506,0.0005872016352078785,0.942,0.007391616873188169,0.9256635046176483,0.9556671397471793,0,0.004671543606679896,0.00045066801149029216,0.0,0.0,-0.0015403803631009515,0.002701775855991151,0.007294665954903724,0.00033900325675052903,0.08540881661107197,0.001984591697917182,0.2742543701307844,0.004885820738680576,0.81,0.012405643876881197,0.7842863111483663,0.8338734924612126,167,-0.004403663835790271,0.0004112871088692501,0.0,0.0
iid_p050_positive_n0020_r100,human_only,positive,0.5,10.0,20,200,1000,0.05,fixed_zero,population_mean,fixed prespecified coefficient,asymptotic confidence interval for the population outcome mean,asymptotic marginal prediction interval for the random held-out mean,0.7746639325586695,0.8521303258145364,0.0,-1.0,1.0,0.0,1.0,0.0,0.0,0.0,0.0,-0.003549999999999993,0.003523821053177192,0.0124175,0.0005715996587821934,0.11143383687193043,0.0025647490691679494,0.4379566921894458,0.0005778674642560809,0.961,0.006122009474020767,0.947069064214555,0.9721228512046636,0,0.008050246717413535,0.0005005192208867117,0.007923932333526949,0.0005288738938999877,-0.003069999999999998,0.0037149530247334184,0.0137965,0.000624440769027795,0.11745850331074374,0.0026581335170592045,0.4593328538836224,0.000606072509581426,0.936,0.007739767438366605,0.919004925632949,0.950366910708151,0,0.009722816872700286,0.0005459589073111527,0.009760074625143573,0.0005739152879312072
iid_p050_positive_n0020_r100,fixed_ppi,positive,0.5,10.0,20,200,1000,0.05,fixed_one,population_mean,fixed prespecified coefficient,asymptotic confidence interval for the population outcome mean,asymptotic marginal prediction interval for the random held-out mean,0.7746639325586695,0.8521303258145364,1.0,-1.0,1.0,0.0,0.0,1.0,0.0,1.0,0.0,0.0006700000000000162,0.0022360794152156476,0.004995500000000001,0.00026755351732809385,0.07067885115082163,0.0018927409895016635,0.26043740041804553,0.002580561572421401,0.94,0.007509993342207438,0.9234395095960652,0.9539049645775157,0,0.0006282467174135366,0.00021271855724800716,0.0005019323335269515,0.00016763870094829505,0.0011500000000000102,0.0020604424095137736,0.0042425,0.0002283848964159209,0.06513447627792826,0.0017531798017489575,0.2119457219370514,0.0039935090825137035,0.77,0.013307892395116514,0.74264308249677,0.7957569815143822,216,0.00016881687270028678,0.0002002072727887532,0.00020607462514357356,0.00015728921581221737
iid_p050_positive_n0020_r100,population_tuned,positive,0.5,10.0,20,200,1000,0.05,population_variance_tuned,population_mean,same-audit selected coefficient plugged into both intervals,asymptotic confidence interval for the population outcome mean,asymptotic marginal prediction interval for the random held-out mean,0.7746639325586695,0.8521303258145364,0.7781950490530162,-1.0,1.0,0.0,0.0,1.0,0.0,0.0,0.0,0.0005263138312466297,0.0020907767991733273,0.004367253282586464,0.0002298923625641525,0.06608519715175604,0.001739363522183604,0.23905301238807225,0.0021898654937759147,0.937,0.007683163410991592,0.9201119581266455,0.9512530724434195,0,0.0,0.0,-0.00012631438388658537,5.178530048275981e-05,0.0010063138312466245,0.002019095640869876,0.004073683127299715,0.00021107799505842286,0.06382541129753662,0.0016535576564828934,0.21151460415315845,0.0032259048915944124,0.844,0.011474493452871897,0.8200028150110137,0.8659508761108912,0,0.0,0.0,3.725775244328682e-05,4.798936747657631e-05
iid_p050_positive_n0020_r100,pool_tuned,positive,0.5,10.0,20,200,1000,0.05,audit_residual_variance_tuned,realized_pool_mean,same-audit selected coefficient plugged into both intervals,asymptotic confidence interval for the population outcome mean,asymptotic marginal prediction interval for the random held-out mean,0.7746639325586695,0.8521303258145364,0.8566486964102289,-1.0,1.0,0.0,0.0,1.0,0.0,0.128,0.0,0.0007071582238281242,0.0021207463683520483,0.00449356766647305,0.00022337448647783494,0.06703407839653686,0.001666126333209759,0.24227308610933546,0.0021341660692998283,0.927,0.008226238508577293,0.9090858246054988,0.9423463747720674,0,0.00012631438388658537,5.178530048275981e-05,0.0,0.0,0.0011871582238281195,0.0020097400541595712,0.004036425374856427,0.00019869065051129754,0.06353286846079301,0.001563683927114925,0.20053145885005552,0.003691638277910798,0.757,0.013562853682024296,0.7291836070488285,0.7832941845200095,215,-3.725775244328682e-05,4.798936747657631e-05,0.0,0.0
iid_p050_positive_n0200_r005,human_only,positive,0.5,0.5,200,100,1000,0.05,fixed_zero,population_mean,fixed prespecified coefficient,asymptotic confidence interval for the population outcome mean,asymptotic marginal prediction interval for the random held-out mean,0.2840434419381788,0.8521303258145364,0.0,-1.0,1.0,0.0,1.0,0.0,0.0,0.0,0.0,0.0006300000000000059,0.0011290384527675875,0.0012738500000000004,5.438800863226178e-05,0.035691035288990994,0.0007619281451473883,0.13858290394663658,1.5214627713857634e-05,0.936,0.007739767438366605,0.919004925632949,0.950366910708151,0,0.00031677495473474057,3.743550503388824e-05,-0.0008594759542978305,0.00010479986646853933,0.001430000000000003,0.0019345923983484865,0.0037409500000000007,0.0001701110287712399,0.06116330599305437,0.001390629773924888,0.24003263069601205,2.635250821864696e-05,0.943,0.007331507348424336,0.9267772705393378,0.9565464180630414,0,0.0015154156410543476,7.715121372479224e-05,0.002698725723651922,0.0001626727549248371
iid_p050_positive_n0200_r005,fixed_ppi,positive,0.5,0.5,200,100,1000,0.05,fixed_one,population_mean,fixed prespecified coefficient,asymptotic confidence interval for the population outcome mean,asymptotic marginal prediction interval for the random held-out mean,0.2840434419381788,0.8521303258145364,1.0,-1.0,1.0,0.0,0.0,1.0,0.0,1.0,0.0,0.0008799999999999934,0.0016863034184924192,0.00284155,0.0001221968674799887,0.0533061910100506,0.0011461789443645404,0.20977689015107273,0.00011398037376637881,0.943,0.007331507348424336,0.9267772705393378,0.9565464180630414,0,0.0018844749547347397,0.00011315944190321649,0.0007082240457021686,3.5304773488474706e-05,0.0016799999999999903,0.001058843118100481,0.00112285,5.271276185861222e-05,0.03350895402724472,0.0007865474078324511,0.12979974509486147,0.0005027434710818487,0.938,0.00762600813007697,0.9212200503389675,0.9521381518866388,0,-0.0011026843589456532,0.00010382362278108186,8.06257236519214e-05,1.9763836444616045e-05
iid_p050_positive_n0200_r005,population_tuned,positive,0.5,0.5,200,100,1000,0.05,population_variance_tuned,population_mean,same-audit selected coefficient plugged into both intervals,asymptotic confidence interval for the population outcome mean,asymptotic marginal prediction interval for the random held-out mean,0.2840434419381788,0.8521303258145364,0.2841734958443119,-1.0,1.0,0.0,0.0,1.0,0.0,0.0,0.0,0.0008660686372547877,0.0009784080195058998,0.0009570750452652599,4.188784718693334e-05,0.030936629507191955,0.000676994356757505,0.12063646701329511,5.260810237559365e-05,0.95,0.006892024376045114,0.9346095120845064,0.9626646023953382,0,0.0,0.0,-0.001176250909032571,8.170103957491092e-05,0.001666068637254785,0.0014916378775692875,0.0022255343589456535,0.00010253449184085329,0.04717556951373935,0.0010867329520101636,0.18531612382051085,0.00016755386828029944,0.946,0.0071473071852271785,0.9301259944229326,0.9591766488743693,0,0.0,0.0,0.0011833100825975743,8.96018212784845e-05
iid_p050_positive_n0200_r005,pool_tuned,positive,0.5,0.5,200,100,1000,0.05,audit_residual_variance_tuned,realized_pool_mean,same-audit selected coefficient plugged into both intervals,asymptotic confidence interval for the population outcome mean,asymptotic marginal prediction interval for the random held-out mean,0.2840434419381788,0.8521303258145364,0.8524661541942493,-1.0,1.0,0.0,0.0,1.0,0.0,0.0,0.0,0.0008738772017045882,0.0014610602280276115,0.002133325954297831,9.327260440448585e-05,0.04618794165469848,0.0010097073073941332,0.18204954114823615,0.00011054296087241527,0.94,0.007509993342207438,0.9234395095960652,0.9539049645775157,0,0.001176250909032571,8.170103957491092e-05,0.0,0.0,0.0016738772017045852,0.0010200308202873228,0.0010422242763480788,4.984578278641623e-05,0.03228349851469135,0.0007720009459899885,0.1248065368704853,0.0004465502020557491,0.939,0.007568289106528638,0.9223292259508765,0.9530221244589198,0,-0.0011833100825975743,8.96018212784845e-05,0.0,0.0
iid_p050_positive_n0200_r010,human_only,positive,0.5,1.0,200,200,1000,0.05,fixed_zero,population_mean,fixed prespecified coefficient,asymptotic confidence interval for the population outcome mean,asymptotic marginal prediction interval for the random held-out mean,0.42606516290726826,0.8521303258145364,0.0,-1.0,1.0,0.0,1.0,0.0,0.0,0.0,0.0,0.0008700000000000067,0.001107167069108777,0.0012253500000000007,5.224917323368478e-05,0.035004999642908166,0.0007463101523594816,0.13859647958185378,1.4612340209728604e-05,0.944,0.007270763371201131,0.9278922537167473,0.9574244503133829,0,0.00041951720444800307,4.037216007293794e-05,-7.349380218500866e-06,7.314527605845908e-05,0.0003150000000000004,0.0015318525866895119,0.002344325000000001,9.948825977575552e-05,0.048418230037869006,0.001027384310598957,0.19600502112182336,2.066496970260795e-05,0.964,0.005891010100144119,0.9505070882819876,0.9746610850701622,0,0.001256400335388323,6.531990886788508e-05,0.0016558360865552588,9.792913231759974e-05
iid_p050_positive_n0200_r010,fixed_ppi,positive,0.5,1.0,200,200,1000,0.05,fixed_one,population_mean,fixed prespecified coefficient,asymptotic confidence interval for the population outcome mean,asymptotic marginal prediction interval for the random held-out mean,0.42606516290726826,0.8521303258145364,1.0,-1.0,1.0,0.0,0.0,1.0,0.0,1.0,0.0,0.001234999999999998,0.0012560762327591835,0.001577675,7.247037618778999e-05,0.03971995720037976,0.0009122665442738329,0.15774984528454544,0.000141613924949737,0.946,0.0071473071852271785,0.9301259944229326,0.9591766488743693,0,0.0007718422044480026,6.126097884421164e-05,0.0003449756197814985,2.0397520606714254e-05,0.0006799999999999914,0.0008651798287848234,0.0007482500000000003,3.2822065374919296e-05,0.027354158733179867,0.0005999465327205805,0.10645456918889551,0.0004175306066143448,0.94,0.007509993342207438,0.9234395095960652,0.9539049645775157,0,-0.00033967466461167764,4.574161439957698e-05,5.976108655525779e-05,1.2241897759863019e-05
iid_p050_positive_n0200_r010,population_tuned,positive,0.5,1.0,200,200,1000,0.05,population_variance_tuned,population_mean,same-audit selected coefficient plugged into both intervals,asymptotic confidence interval for the population outcome mean,asymptotic marginal prediction interval for the random held-out mean,0.42606516290726826,0.8521303258145364,0.4256614229390523,-1.0,1.0,0.0,0.0,1.0,0.0,0.0,0.0,0.0011686023125024078,0.0008973697323978758,0.0008058327955519975,3.5905453814902225e-05,0.028387194217674938,0.0006324234360672767,0.11067010142456866,8.559887705060353e-05,0.951,0.006826346021115546,0.9357339468598304,0.9635329408279522,0,0.0,0.0,-0.00042686658466650393,4.2510159912614005e-05,0.000613602312502401,0.0010433775891820645,0.0010879246646116779,4.473051671153663e-05,0.03298370301545413,0.0006780699651973381,0.13233475495181576,0.00021354930041141246,0.965,0.005811626278418119,0.9516576183857783,0.9755024721052413,0,0.0,0.0,0.0003994357511669355,3.6350729815632884e-05
iid_p050_positive_n0200_r010,pool_tuned,positive,0.5,1.0,200,200,1000,0.05,audit_residual_variance_tuned,realized_pool_mean,same-audit selected coefficient plugged into both intervals,asymptotic confidence interval for the population outcome mean,asymptotic marginal prediction interval for the random held-out mean,0.42606516290726826,0.8521303258145364,0.8512103218444529,-1.0,1.0,0.0,0.0,1.0,0.0,0.0,0.0,0.0012515649400080704,0.0011101195119221148,0.0012326993802185013,5.6977849369235034e-05,0.03510981885767144,0.0008114232887417113,0.13858205681345118,2.2525076308553354e-05,0.95,0.006892024376045114,0.9346095120845064,0.9626646023953382,0,0.00042686658466650393,4.2510159912614005e-05,0.0,0.0,0.0006965649400080637,0.0008298749322230587,0.0006884889134447424,2.995954376621316e-05,0.026239072267226646,0.0005708956372598869,0.10232494991439378,0.0003705390352956152,0.945,0.007209368904418752,0.9290084844579425,0.958301204920464,0,-0.0003994357511669355,3.6350729815632884e-05,0.0,0.0
iid_p050_positive_n0200_r100,human_only,positive,0.5,10.0,200,2000,1000,0.05,fixed_zero,population_mean,fixed prespecified coefficient,asymptotic confidence interval for the population outcome mean,asymptotic marginal prediction interval for the random held-out mean,0.7746639325586694,0.8521303258145364,0.0,-1.0,1.0,0.0,1.0,0.0,0.0,0.0,0.0,-0.0002899999999999943,0.0011123863102822254,0.0012362500000000006,5.606440854415039e-05,0.03516034698349833,0.0007972675663647869,0.1385933253998266,1.5691208581858948e-05,0.938,0.00762600813007697,0.9212200503389675,0.9521381518866388,0,0.0008105507021354292,5.197450136478183e-05,0.0007981901428605639,5.4449875050039556e-05,-0.000569499999999981,0.0011690010621180945,0.0013655212500000003,5.999920074218186e-05,0.03695295996263358,0.0008118321347309171,0.14535790597666312,1.6457078399137332e-05,0.948,0.007021111023192843,0.9323649859494927,0.9609234650560194,0,0.0009753903967666667,5.57025587947592e-05,0.0009794770404437654,5.819322050620749e-05
iid_p050_positive_n0200_r100,fixed_ppi,positive,0.5,10.0,200,2000,1000,0.05,fixed_one,population_mean,fixed prespecified coefficient,asymptotic confidence interval for the population outcome mean,asymptotic marginal prediction interval for the random held-out mean,0.7746639325586694,0.8521303258145364,1.0,-1.0,1.0,0.0,0.0,1.0,0.0,1.0,0.0,0.00037299999999998586,0.0007114397497452034,0.0005057795000000002,2.152106908169689e-05,0.022489542014011762,0.0004784683713943245,0.08724555023026404,0.0002589929881818612,0.948,0.007021111023192843,0.9323649859494927,0.9609234650560194,0,8.008020213542876e-05,1.1633084670368202e-05,6.771964286056362e-05,7.999383220518504e-06,9.34999999999993e-05,0.0006490329356061228,0.00042083124999999996,1.8899070710213428e-05,0.02051417193064346,0.0004606345012148055,0.07898811328993832,0.0003167159760903138,0.945,0.007209368904418752,0.9290084844579425,0.958301204920464,0,3.0700396766666316e-05,1.0931141815607239e-05,3.478704044376498e-05,7.547709236506806e-06
iid_p050_positive_n0200_r100,population_tuned,positive,0.5,10.0,200,2000,1000,0.05,population_variance_tuned,population_mean,same-audit selected coefficient plugged into both intervals,asymptotic confidence interval for the population outcome mean,asymptotic marginal prediction interval for the random held-out mean,0.7746639325586694,0.8521303258145364,0.7735672753362337,-1.0,1.0,0.0,0.0,1.0,0.0,0.0,0.0,0.00024503951047906257,0.0006527367913804899,0.00042569929786457126,1.900492802588082e-05,0.02063248162157357,0.0004605584624878337,0.08079106381427145,0.0002167930354115311,0.947,0.007084560677981384,0.9312448167100368,0.9600507476399807,0,0.0,0.0,-1.2360559274865142e-05,3.827083462540018e-06,-3.446048952092395e-05,0.0006249161430895264,0.00039013085323333363,1.753780204715609e-05,0.019751730385799963,0.0004439560915575396,0.07676125238769513,0.00027549243005031097,0.941,0.007451107300260817,0.9245509269157592,0.9547866455972034,0,0.0,0.0,4.086643677098663e-06,3.576271940319834e-06
iid_p050_positive_n0200_r100,pool_tuned,positive,0.5,10.0,200,2000,1000,0.05,audit_residual_variance_tuned,realized_pool_mean,same-audit selected coefficient plugged into both intervals,asymptotic confidence interval for the population outcome mean,asymptotic marginal prediction interval for the random held-out mean,0.7746639325586694,0.8521303258145364,0.8509334017546557,-1.0,1.0,0.0,0.0,1.0,0.0,0.0,0.0,0.0002768668158158424,0.0006621341431532329,0.00043805985713943644,1.9128962328077957e-05,0.02092987952997906,0.0004569773634071437,0.08158071349523224,0.00021247521144701994,0.946,0.0071473071852271785,0.9301259944229326,0.9591766488743693,0,1.2360559274865142e-05,3.827083462540018e-06,0.0,0.0,-2.633184184144155e-06,0.0006216354504497244,0.000386044209556235,1.732031910841296e-05,0.0196480077757577,0.00044076527518945935,0.07591289128992133,0.00028117554201786705,0.934,0.007851369307324675,0.9167939495385973,0.9485914339810815,0,-4.086643677098663e-06,3.576271940319834e-06,0.0,0.0
iid_p050_inverse_n0020_r005,human_only,inverse,0.5,0.5,20,10,1000,0.05,fixed_zero,population_mean,fixed prespecified coefficient,asymptotic confidence interval for the population outcome mean,asymptotic marginal prediction interval for the random held-out mean,-0.2840434419381788,-0.8521303258145364,0.0,-1.0,1.0,0.0,1.0,0.0,0.0,0.0,0.0,0.001000000000000008,0.0035030374350370954,0.012260000000000002,0.0005312717286376622,0.11072488428533128,0.0023990620178414787,0.4381811347655039,0.0005143865524229655,0.965,0.005811626278418119,0.9516576183857783,0.9755024721052413,0,0.0014506963447719046,0.0004984795379023149,-0.00902740139103987,0.0010471882664811504,-0.0012999999999999902,0.00612256447869647,0.03745,0.001591038624265264,0.19352002480363628,0.004110785501086211,0.7589519883320384,0.000890943643526768,0.943,0.007331507348424336,0.9267772705393378,0.9565464180630414,0,0.01555152415899169,0.0008257159929853891,0.026298610663898655,0.0014656064531258074
iid_p050_inverse_n0020_r005,fixed_ppi,inverse,0.5,0.5,20,10,1000,0.05,fixed_one,population_mean,fixed prespecified coefficient,asymptotic confidence interval for the population outcome mean,asymptotic marginal prediction interval for the random held-out mean,-0.2840434419381788,-0.8521303258145364,1.0,-1.0,1.0,0.0,0.0,1.0,0.0,1.0,0.048,-0.0002500000000000018,0.008322361395613579,0.06919249999999999,0.0030434629717824087,0.263044673012019,0.005785068629090518,1.0455296931462894,0.0013688597509863125,0.937,0.007683163410991592,0.9201119581266455,0.9512530724434195,0,0.058383196344771904,0.002959771317404638,0.047905098608960126,0.0029386130899199383,-0.0025499999999999997,0.01166070192867777,0.13584249999999998,0.005863599853929068,0.36856817551166837,0.007954566133916565,1.4568504924972212,0.002302428525321442,0.941,0.007451107300260817,0.9245509269157592,0.9547866455972034,0,0.11394402415899169,0.0052629293901773665,0.12469111066389865,0.0058105510637040765
iid_p050_inverse_n0020_r005,population_tuned,inverse,0.5,0.5,20,10,1000,0.05,population_variance_tuned,population_mean,same-audit selected coefficient plugged into both intervals,asymptotic confidence interval for the population outcome mean,asymptotic marginal prediction interval for the random held-out mean,-0.2840434419381788,-0.8521303258145364,-0.2854515395815322,-1.0,1.0,1.0,0.0,0.0,0.0,0.0,0.001,0.0038499762314070447,0.0032871395809838323,0.010809303655228095,0.0005684898200151006,0.10396780105026794,0.0027339705864329977,0.3797451403021249,0.0007115533729436936,0.93,0.008068457101577721,0.9123837665107154,0.9450284750808301,0,0.0,0.0,-0.010478097735811775,0.0007593269849083446,0.0015499762314070483,0.004681665452175804,0.021898475841008305,0.0009697339387464152,0.14798133612387848,0.0032765413671310187,0.5808354319526252,0.0018643162642839122,0.946,0.0071473071852271785,0.9301259944229326,0.9591766488743693,0,0.0,0.0,0.01074708650490696,0.0007591347598999162
iid_p050_inverse_n0020_r005,pool_tuned,inverse,0.5,0.5,20,10,1000,0.05,audit_residual_variance_tuned,realized_pool_mean,same-audit selected coefficient plugged into both intervals,asymptotic confidence interval for the population outcome mean,asymptotic marginal prediction interval for the random held-out mean,-0.2840434419381788,-0.8521303258145364,-0.8491573260889438,-1.0,1.0,1.0,0.0,0.0,0.105,0.0,0.001,0.0023787871605518793,0.004615522268226333,0.02128740139103987,0.0009370492766336107,0.14590202668585475,0.0032112277598829882,0.5760666104233096,0.0017274677119311923,0.923,0.008430361795320529,0.9047006190217404,0.938757972216451,0,0.010478097735811775,0.0007593269849083446,0.0,0.0,7.878716055188239e-05,0.0033410396098159383,0.011151389336101346,0.0005403359026141343,0.10560013890190366,0.0025584052645805455,0.3434890888624404,0.006022663844518828,0.869,0.010669536072388528,0.846498829599843,0.8893015389687803,113,-0.01074708650490696,0.0007591347598999162,0.0,0.0
iid_p050_inverse_n0020_r010,human_only,inverse,0.5,1.0,20,20,1000,0.05,fixed_zero,population_mean,fixed prespecified coefficient,asymptotic confidence interval for the population outcome mean,asymptotic marginal prediction interval for the random held-out mean,-0.4260651629072682,-0.8521303258145364,0.0,-1.0,1.0,0.0,1.0,0.0,0.0,0.0,0.0,0.0020000000000000074,0.0035838308894036624,0.012835000000000001,0.0005206210918905623,0.11329165900453572,0.002297702657305596,0.4376642340299063,0.0005022824260081454,0.958,0.006343185319695463,0.9436497084242552,0.96956529373686,0,0.003837278963613738,0.0003998438634321316,-0.00031947401002424303,0.0007023729164790635,0.0053500000000000015,0.004926778932593856,0.024277500000000004,0.001083198995482277,0.1558123871840747,0.0034759720169186548,0.6189506955307258,0.000710334619002379,0.953,0.00669260786241059,0.9379873693066948,0.9652649377332041,0,0.012770903869280046,0.0006766475531099883,0.01682754872418599,0.001038702185066368
iid_p050_inverse_n0020_r010,fixed_ppi,inverse,0.5,1.0,20,20,1000,0.05,fixed_one,population_mean,fixed prespecified coefficient,asymptotic confidence interval for the population outcome mean,asymptotic marginal prediction interval for the random held-out mean,-0.4260651629072682,-0.8521303258145364,1.0,-1.0,1.0,0.0,0.0,1.0,0.0,1.0,0.029,0.006700000000000006,0.007598871814476992,0.057730000000000004,0.0025453341285233706,0.24027068069159002,0.005296805505351163,0.9470934277550813,0.001144625346196849,0.945,0.007209368904418752,0.9290084844579425,0.958301204920464,0,0.048732278963613734,0.0025278606015263854,0.04457552598997576,0.002558501867324226,0.01005,0.009458909475646145,0.0894825,0.00403911226281489,0.29913625657883736,0.0067512917173755925,1.1873224003546903,0.0017848145327288873,0.945,0.007209368904418752,0.9290084844579425,0.958301204920464,0,0.07797590386928005,0.0037237376665659903,0.082032548724186,0.004023275620840244
iid_p050_inverse_n0020_r010,population_tuned,inverse,0.5,1.0,20,20,1000,0.05,population_variance_tuned,population_mean,same-audit selected coefficient plugged into both intervals,asymptotic confidence interval for the population outcome mean,asymptotic marginal prediction interval for the random held-out mean,-0.4260651629072682,-0.8521303258145364,-0.42182294866821546,-1.0,1.0,1.0,0.0,0.0,0.0,0.0,0.0,0.0012389821127963445,0.003000865067086705,0.008997721036386264,0.0003800433868848626,0.09485631785171858,0.0020032581671521055,0.34832384754413787,0.0008994882277576387,0.926,0.008277922444671728,0.9079882639857509,0.9414505557393474,0,0.0,0.0,-0.004156752973637981,0.000400570330235585,0.0045889821127963375,0.003390727710727697,0.011506596130719955,0.0005327403947995609,0.10726880315692888,0.002483202847057911,0.4126944609983452,0.002135716069934399,0.945,0.007209368904418752,0.9290084844579425,0.958301204920464,0,0.0,0.0,0.004056644854905945,0.00040986381802309024
iid_p050_inverse_n0020_r010,pool_tuned,inverse,0.5,1.0,20,20,1000,0.05,audit_residual_variance_tuned,realized_pool_mean,same-audit selected coefficient plugged into both intervals,asymptotic confidence interval for the population outcome mean,asymptotic marginal prediction interval for the random held-out mean,-0.4260651629072682,-0.8521303258145364,-0.8447338800088801,-1.0,1.0,1.0,0.0,0.0,0.099,0.0,0.0,-0.0015124992368742277,0.003628408977470771,0.013154474010024241,0.0005429398937371956,0.1146929553635455,0.0023669278205283996,0.4381258843548777,0.0005266135151823278,0.94,0.007509993342207438,0.9234395095960652,0.9539049645775157,0,0.004156752973637981,0.000400570330235585,0.0,0.0,0.0018375007631257654,0.0027302067496171745,0.007449951275814009,0.0003647465225599942,0.08631310025606778,0.0021129267832918136,0.28470303317260537,0.004922077890340514,0.822,0.012096115078817663,0.7968549468177623,0.8452323577040568,134,-0.004056644854905945,0.00040986381802309024,0.0,0.0
iid_p050_inverse_n0020_r100,human_only,inverse,0.5,10.0,20,200,1000,0.05,fixed_zero,population_mean,fixed prespecified coefficient,asymptotic confidence interval for the population outcome mean,asymptotic marginal prediction interval for the random held-out mean,-0.7746639325586695,-0.8521303258145364,0.0,-1.0,1.0,0.0,1.0,0.0,0.0,0.0,0.0,0.003800000000000008,0.003436185001912349,0.011810000000000001,0.0005700208977079909,0.10867382389517727,0.0026226228049995364,0.438533231726528,0.0005655864509017744,0.961,0.006122009474020767,0.947069064214555,0.9721228512046636,0,0.007282335856110633,0.0005009166505957562,0.0071924391294642615,0.0005277856961590913,0.004645000000000003,0.003608652289476827,0.013030925,0.000631290933335722,0.11415307705007342,0.0027651069495866734,0.4599375336514341,0.000593192074110934,0.944,0.007270763371201131,0.9278922537167473,0.9574244503133829,0,0.009019183716315226,0.0005414660887457636,0.009104914841627917,0.0005711564522958164
iid_p050_inverse_n0020_r100,fixed_ppi,inverse,0.5,10.0,20,200,1000,0.05,fixed_one,population_mean,fixed prespecified coefficient,asymptotic confidence interval for the population outcome mean,asymptotic marginal prediction interval for the random held-out mean,-0.7746639325586695,-0.8521303258145364,1.0,-1.0,1.0,0.0,0.0,1.0,0.0,1.0,0.02,0.005765000000000007,0.006663985179565864,0.044397525,0.002087690459803687,0.21070720206010995,0.004954008309616576,0.8536115127093035,0.0013423264857307688,0.936,0.007739767438366605,0.919004925632949,0.950366910708151,0,0.039869860856110634,0.002051591423568889,0.03977996412946426,0.002067412621007694,0.00661,0.006922505253084246,0.047916850000000004,0.00225472742933777,0.21889917770517092,0.0051501505235771105,0.8833942568144473,0.0014285357950855867,0.941,0.007451107300260817,0.9245509269157592,0.9547866455972034,0,0.04390510871631523,0.0021921681217706474,0.04399083984162792,0.0022142713703670997
iid_p050_inverse_n0020_r100,population_tuned,inverse,0.5,10.0,20,200,1000,0.05,population_variance_tuned,population_mean,same-audit selected coefficient plugged into both intervals,asymptotic confidence interval for the population outcome mean,asymptotic marginal prediction interval for the random held-out mean,-0.7746639325586695,-0.8521303258145364,-0.7712724021624597,-1.0,1.0,1.0,0.0,0.0,0.0,0.0,0.0,0.0024509962107930622,0.002127482771824123,0.004527664143889366,0.00022379413911159177,0.06728791974707916,0.0016629592648486227,0.24391632906318342,0.00217549024410733,0.934,0.007851369307324675,0.9167939495385973,0.9485914339810815,0,0.0,0.0,-8.98967266463718e-05,4.088368968398644e-05,0.0032959962107930564,0.002001220271543952,0.004011741283684773,0.00020105475790918598,0.06333830818457951,0.001587149733485739,0.21858770366328828,0.003177659764252748,0.839,0.011622349160131098,0.8147291413174371,0.8612550075726406,0,0.0,0.0,8.573112531268785e-05,4.100739462261141e-05
iid_p050_inverse_n0020_r100,pool_tuned,inverse,0.5,10.0,20,200,1000,0.05,audit_residual_variance_tuned,realized_pool_mean,same-audit selected coefficient plugged into both intervals,asymptotic confidence interval for the population outcome mean,asymptotic marginal prediction interval for the random held-out mean,-0.7746639325586695,-0.8521303258145364,-0.8486050015344133,-1.0,1.0,1.0,0.0,0.0,0.097,0.0,0.0,0.0019892700951009935,0.0021490048620050623,0.004617560870535739,0.00021917125688480433,0.06795263696528442,0.0016126766132473589,0.24700441614410626,0.002120808921873111,0.931,0.008014923580421711,0.9134848906542884,0.9459206642067437,0,8.98967266463718e-05,4.088368968398644e-05,0.0,0.0,0.0028342700951009877,0.0019803784916955828,0.003926010158372085,0.00018666084313465867,0.06265788185353927,0.001489524044005926,0.20855494968477412,0.0036202276052291122,0.772,0.013267102170406315,0.7447168224784331,0.7976712701289689,153,-8.573112531268785e-05,4.100739462261141e-05,0.0,0.0
iid_p050_inverse_n0200_r005,human_only,inverse,0.5,0.5,200,100,1000,0.05,fixed_zero,population_mean,fixed prespecified coefficient,asymptotic confidence interval for the population outcome mean,asymptotic marginal prediction interval for the random held-out mean,-0.2840434419381788,-0.8521303258145364,0.0,-1.0,1.0,0.0,1.0,0.0,0.0,0.0,0.0,0.00013500000000000556,0.0011021894558543904,0.0012136250000000007,5.535957158921608e-05,0.034837121006191095,0.000794548602041165,0.13859964952672096,1.5498372703082243e-05,0.95,0.006892024376045114,0.9346095120845064,0.9626646023953382,0,0.00028109857816899925,3.606809041603793e-05,-0.0009256162781356082,0.00010509813663543248,0.0033650000000000017,0.001949513369376414,0.0038081250000000003,0.00017647317045167026,0.06171000729217264,0.0014298586096104246,0.24006163489152038,2.6843968956376893e-05,0.949,0.006956938982052382,0.9334865384050651,0.9617947632253139,0,0.0015384089881657985,7.800479052322733e-05,0.0028038874717096172,0.00016618272105645257
iid_p050_inverse_n0200_r005,fixed_ppi,inverse,0.5,0.5,200,100,1000,0.05,fixed_one,population_mean,fixed prespecified coefficient,asymptotic confidence interval for the population outcome mean,asymptotic marginal prediction interval for the random held-out mean,-0.2840434419381788,-0.8521303258145364,1.0,-1.0,1.0,0.0,0.0,1.0,0.0,1.0,0.0,0.005395000000000003,0.0026439476988840823,0.007012575000000001,0.00031296359605684465,0.0837411189320993,0.0018686375346298406,0.3306009050412081,8.218933645325528e-05,0.957,0.006414904519944161,0.9425137420380276,0.9687088295439074,0,0.006080048578168998,0.00030970563510741514,0.004873333721864392,0.00031156438318867487,0.008625,0.0037334063129664443,0.013998775000000001,0.0006257139128828367,0.1183164189789397,0.0026442395665905575,0.46133263629949367,0.00016642437801062305,0.956,0.006485676526007139,0.9413795807936691,0.9678505029891286,0,0.0117290589881658,0.0005413392470564979,0.012994537471709618,0.000620616850066613
iid_p050_inverse_n0200_r005,population_tuned,inverse,0.5,0.5,200,100,1000,0.05,population_variance_tuned,population_mean,same-audit selected coefficient plugged into both intervals,asymptotic confidence interval for the population outcome mean,asymptotic marginal prediction interval for the random held-out mean,-0.2840434419381788,-0.8521303258145364,-0.2833206006365983,-1.0,1.0,1.0,0.0,0.0,0.0,0.0,0.0,-0.0012241665703524771,0.0009653806491932959,0.0009325264218310012,4.243440234476936e-05,0.03053729558803466,0.0006947963388315943,0.12075298714215535,5.58594788105573e-05,0.954,0.006624499981130654,0.9391164472862573,0.9661285014523221,0,0.0,0.0,-0.0012067148563046075,8.173863631955801e-05,0.002005833429647519,0.001505974968149007,0.002269716011834202,0.0001063254121407903,0.04764153662335213,0.0011158898272046235,0.1856572324915459,0.00017902647582148762,0.947,0.007084560677981384,0.9312448167100368,0.9600507476399807,0,0.0,0.0,0.0012654784835438187,9.15067808590967e-05
iid_p050_inverse_n0200_r005,pool_tuned,inverse,0.5,0.5,200,100,1000,0.05,audit_residual_variance_tuned,realized_pool_mean,same-audit selected coefficient plugged into both intervals,asymptotic confidence interval for the population outcome mean,asymptotic marginal prediction interval for the random held-out mean,-0.2840434419381788,-0.8521303258145364,-0.8504048832892742,-1.0,1.0,1.0,0.0,0.0,0.0,0.0,0.0,-0.004326136130662755,0.0014569311832709777,0.002139241278135609,9.230500505263269e-05,0.0462519326962194,0.0009978502483224624,0.18194693332449366,0.0001160206019596988,0.943,0.007331507348424336,0.9267772705393378,0.9565464180630414,0,0.0012067148563046075,8.173863631955801e-05,0.0,0.0,-0.0010961361306627588,0.0010020179908202082,0.0010042375282903833,4.46646364932656e-05,0.03168970697703567,0.0007047183573775606,0.1255108034995793,0.00047794539745101526,0.947,0.007084560677981384,0.9312448167100368,0.9600507476399807,0,-0.0012654784835438187,9.15067808590967e-05,0.0,0.0
iid_p050_inverse_n0200_r010,human_only,inverse,0.5,1.0,200,200,1000,0.05,fixed_zero,population_mean,fixed prespecified coefficient,asymptotic confidence interval for the population outcome mean,asymptotic marginal prediction interval for the random held-out mean,-0.42606516290726826,-0.8521303258145364,0.0,-1.0,1.0,0.0,1.0,0.0,0.0,0.0,0.0,-0.0004749999999999935,0.0011449280480603293,0.0013097750000000007,5.8120666171433466e-05,0.03619081375155857,0.0008029753982656784,0.13857277473015545,1.627667833751062e-05,0.94,0.007509993342207438,0.9234395095960652,0.9539049645775157,0,0.0005012941581806965,4.329335823661672e-05,0.00011046822498269834,7.724090707445435e-05,-0.001539999999999999,0.0015473760928658468,0.0023943500000000013,0.00010043018993584824,0.04893209580633146,0.001026219992020588,0.1959714973990575,2.3018699255291804e-05,0.955,0.00655553201502365,0.9402471673065922,0.9669903745688513,0,0.0013053757271046832,6.471574187901431e-05,0.001710990554948316,9.811034637771895e-05
iid_p050_inverse_n0200_r010,fixed_ppi,inverse,0.5,1.0,200,200,1000,0.05,fixed_one,population_mean,fixed prespecified coefficient,asymptotic confidence interval for the population outcome mean,asymptotic marginal prediction interval for the random held-out mean,-0.42606516290726826,-0.8521303258145364,1.0,-1.0,1.0,0.0,0.0,1.0,0.0,1.0,0.0,-0.0014949999999999957,0.00245672046648585,0.006031675,0.000257612111651305,0.07766385903365863,0.001658507025382674,0.30029447498673917,8.16087084073956e-05,0.948,0.007021111023192843,0.9323649859494927,0.9609234650560194,0,0.005223194158180696,0.00025335071285914173,0.004832368224982698,0.0002605781242197011,-0.0025600000000000015,0.002999482170857712,0.008994450000000001,0.00038138146227532785,0.09483907422576414,0.002010676851228273,0.37686097817625863,0.00012881543536582662,0.948,0.007021111023192843,0.9323649859494927,0.9609234650560194,0,0.007905475727104682,0.0003550874211585565,0.008311090554948315,0.00038234323228826376
iid_p050_inverse_n0200_r010,population_tuned,inverse,0.5,1.0,200,200,1000,0.05,population_variance_tuned,population_mean,same-audit selected coefficient plugged into both intervals,asymptotic confidence interval for the population outcome mean,asymptotic marginal prediction interval for the random held-out mean,-0.42606516290726826,-0.8521303258145364,-0.42626557477809174,-1.0,1.0,1.0,0.0,0.0,0.0,0.0,0.0,4.317762317811063e-05,0.0008996045052010014,0.000808480841819304,3.6802921502919555e-05,0.028433797527226363,0.0006471685934261764,0.11054589647229363,8.55513280198275e-05,0.944,0.007270763371201131,0.9278922537167473,0.9574244503133829,0,0.0,0.0,-0.0003908259331979982,4.300930774952646e-05,-0.0010218223768218952,0.0010435608133197798,0.0010889742728953176,4.6418236733822556e-05,0.032999610193081334,0.0007033149249677282,0.13203729605767325,0.00021288283059880622,0.955,0.00655553201502365,0.9402471673065922,0.9669903745688513,0,0.0,0.0,0.00040561482784363245,3.714802053126468e-05
iid_p050_inverse_n0200_r010,pool_tuned,inverse,0.5,1.0,200,200,1000,0.05,audit_residual_variance_tuned,realized_pool_mean,same-audit selected coefficient plugged into both intervals,asymptotic confidence interval for the population outcome mean,asymptotic marginal prediction interval for the random held-out mean,-0.42606516290726826,-0.8521303258145364,-0.8527794537094657,-1.0,1.0,1.0,0.0,0.0,0.0,0.0,0.0,0.00036109910168173755,0.0010956170677820251,0.0011993067750173023,5.5476770593066776e-05,0.034631008865138514,0.0008009695993712842,0.1386008986061784,2.0919232727305666e-05,0.955,0.00655553201502365,0.9402471673065922,0.9669903745688513,0,0.0003908259331979982,4.300930774952646e-05,0.0,0.0,-0.0007039008983182681,0.0008267693245961204,0.0006833594450516851,3.095523599415425e-05,0.026141144677532487,0.0005920788162876304,0.10179699891213098,0.0003692626842756712,0.946,0.0071473071852271785,0.9301259944229326,0.9591766488743693,0,-0.00040561482784363245,3.714802053126468e-05,0.0,0.0
iid_p050_inverse_n0200_r100,human_only,inverse,0.5,10.0,200,2000,1000,0.05,fixed_zero,population_mean,fixed prespecified coefficient,asymptotic confidence interval for the population outcome mean,asymptotic marginal prediction interval for the random held-out mean,-0.7746639325586694,-0.8521303258145364,0.0,-1.0,1.0,0.0,1.0,0.0,0.0,0.0,0.0,-0.0010349999999999938,0.0010655464157718164,0.0011353250000000006,4.905401681759548e-05,0.03369458413454603,0.0007279213867385575,0.13862164613438335,1.3717643344787876e-05,0.958,0.006343185319695463,0.9436497084242552,0.96956529373686,0,0.0007406826372915215,4.567814848798307e-05,0.0007327250681100655,4.793722199425744e-05,-0.0010224999999999805,0.0011331249780875746,0.0012837337500000005,5.774646187133106e-05,0.03582923038525947,0.000805856855567411,0.14538760901365294,1.4387185716056198e-05,0.959,0.006270486424512857,0.9447875406847007,0.9704198314659639,0,0.0009109424968472116,5.0684206584696186e-05,0.0009199900786476555,5.315700196912144e-05
iid_p050_inverse_n0200_r100,fixed_ppi,inverse,0.5,10.0,200,2000,1000,0.05,fixed_one,population_mean,fixed prespecified coefficient,asymptotic confidence interval for the population outcome mean,asymptotic marginal prediction interval for the random held-out mean,-0.7746639325586694,-0.8521303258145364,1.0,-1.0,1.0,0.0,0.0,1.0,0.0,1.0,0.0,-0.0008490000000000046,0.002071932214649432,0.0042893309999999995,0.0001847156901751605,0.06549298435710499,0.0014101944810453707,0.2702455646063647,8.870721250565508e-05,0.954,0.006624499981130654,0.9391164472862573,0.9661285014523221,0,0.0038946886372915207,0.00018384839828663625,0.003886731068110065,0.00018486949237812934,-0.0008364999999999911,0.0021588878652131433,0.004656835749999999,0.0002026581623602431,0.0682410122287177,0.0014848707232024245,0.2796927787009762,9.428339126248044e-05,0.96,0.00619677335393187,0.9459273031806316,0.9712723747141092,0,0.00428404449684721,0.00019877531052892987,0.004293092078647655,0.00020033061454089503
iid_p050_inverse_n0200_r100,population_tuned,inverse,0.5,10.0,200,2000,1000,0.05,population_variance_tuned,population_mean,same-audit selected coefficient plugged into both intervals,asymptotic confidence interval for the population outcome mean,asymptotic marginal prediction interval for the random held-out mean,-0.7746639325586694,-0.8521303258145364,-0.7762445425401321,-1.0,1.0,1.0,0.0,0.0,0.0,0.0,0.0,-0.0011822931257404687,0.0006274059163389863,0.0003946423627084791,1.8308256272054814e-05,0.019865607534341332,0.0004608028282146833,0.0802565518702949,0.00021328825642381635,0.95,0.006892024376045114,0.9346095120845064,0.9626646023953382,0,0.0,0.0,-7.95756918145617e-06,3.474979566448894e-06,-0.0011697931257404557,0.0006097496468449873,0.00037279125315278875,1.7926842136703177e-05,0.019307802908482073,0.00046423827251799245,0.07608839796188699,0.0002711632030836579,0.95,0.006892024376045114,0.9346095120845064,0.9626646023953382,0,0.0,0.0,9.047581800443974e-06,3.430277893581318e-06
iid_p050_inverse_n0200_r100,pool_tuned,inverse,0.5,10.0,200,2000,1000,0.05,audit_residual_variance_tuned,realized_pool_mean,same-audit selected coefficient plugged into both intervals,asymptotic confidence interval for the population outcome mean,asymptotic marginal prediction interval for the random held-out mean,-0.7746639325586694,-0.8521303258145364,-0.8538331407685514,-1.0,1.0,1.0,0.0,0.0,0.0,0.0,0.0,-0.0012173352601003112,0.0006336557001248805,0.00040259993188993524,1.8658236254210558e-05,0.020064893019648405,0.00046494731459419223,0.08105599572286423,0.00020904196895548324,0.952,0.006759881655768837,0.9368598845984908,0.9643997346571167,0,7.95756918145617e-06,3.474979566448894e-06,0.0,0.0,-0.0012048352601002979,0.0006022081849712857,0.0003637436713523448,1.714731540156536e-05,0.019072065209419373,0.00044954007899198527,0.07522773098340445,0.0002767532190333154,0.949,0.006956938982052382,0.9334865384050651,0.9617947632253139,0,-9.047581800443974e-06,3.430277893581318e-06,0.0,0.0
iid_p050_uninformative_n0020_r005,human_only,uninformative,0.5,0.5,20,10,1000,0.05,fixed_zero,population_mean,fixed prespecified coefficient,asymptotic confidence interval for the population outcome mean,asymptotic marginal prediction interval for the random held-out mean,0.0,0.0,0.0,-1.0,1.0,0.0,1.0,0.0,0.0,0.0,0.0,7.549516567451065e-18,0.00365764656280215,0.013365000000000002,0.0005366351202188059,0.11560709320798616,0.0023209437471685126,0.4371510937028515,0.000522096757966402,0.956,0.006485676526007139,0.9413795807936691,0.9678505029891286,0,-0.00039842231773593674,0.00014017113813009552,-0.002369322696656731,0.00039461135951770587,0.01120000000000001,0.006270476766473096,0.039405,0.0017618349915748462,0.19850692683128215,0.004437716657294005,0.7571679048776421,0.0009042981112647988,0.931,0.008014923580421711,0.9134848906542884,0.9459206642067437,0,-0.0005921122179506491,0.00028620897493166685,-0.002444340618277593,0.0006835816953890706
iid_p050_uninformative_n0020_r005,fixed_ppi,uninformative,0.5,0.5,20,10,1000,0.05,fixed_one,population_mean,fixed prespecified coefficient,asymptotic confidence interval for the population outcome mean,asymptotic marginal prediction interval for the random held-out mean,0.0,0.0,1.0,-1.0,1.0,0.0,0.0,1.0,0.0,1.0,0.022,-0.006150000000000008,0.0070791801991680016,0.0501025,0.0022695256090734554,0.22383587737447275,0.005069619838638706,0.857572231744864,0.0021782736207861773,0.93,0.008068457101577721,0.9123837665107154,0.9450284750808301,0,0.03633907768226406,0.002213050858439059,0.034368177303343274,0.002173687684109168,0.005049999999999994,0.008360436256224575,0.0698525,0.0030715825095319945,0.26429623531181823,0.005810870718434797,1.0485000529944375,0.004140085187682568,0.938,0.00762600813007697,0.9212200503389675,0.9521381518866388,0,0.02985538778204935,0.0027288777867009715,0.028003159381722407,0.002684154867304639
iid_p050_uninformative_n0020_r005,population_tuned,uninformative,0.5,0.5,20,10,1000,0.05,population_variance_tuned,population_mean,same-audit selected coefficient plugged into both intervals,asymptotic confidence interval for the population outcome mean,asymptotic marginal prediction interval for the random held-out mean,0.0,0.0,0.0021569418348750774,-1.0,1.0,0.464,0.046,0.49,0.0,0.0,0.0,-0.0005408546844805373,0.0037117255691452807,0.013763422317735937,0.0005477707455911436,0.11731761299027499,0.0023345631215517097,0.43310750908657214,0.0005493208135853644,0.934,0.007851369307324675,0.9167939495385973,0.9485914339810815,0,0.0,0.0,-0.0019709003789207943,0.0002898001316271811,0.010659145315519463,0.006318498101396458,0.03999711221795065,0.0017772298064857785,0.1999927804145706,0.004443234907784444,0.7456338915769909,0.001025387677158241,0.928,0.00817410545564467,0.9101842508246492,0.9432413124454383,0,0.0,0.0,-0.0018522284003269442,0.0004574348256563683
iid_p050_uninformative_n0020_r005,pool_tuned,uninformative,0.5,0.5,20,10,1000,0.05,audit_residual_variance_tuned,realized_pool_mean,same-audit selected coefficient plugged into both intervals,asymptotic confidence interval for the population outcome mean,asymptotic marginal prediction interval for the random held-out mean,0.0,0.0,0.008703438065202768,-1.0,1.0,0.464,0.046,0.49,0.0,0.0,0.0,-0.0020545723883959102,0.0039681037380887366,0.015734322696656734,0.0006392478401990192,0.1254365285578995,0.002548092838458745,0.44895992943900276,0.0007976612939773348,0.923,0.008430361795320529,0.9047006190217404,0.938757972216451,0,0.0019709003789207943,0.0002898001316271811,0.0,0.0,0.009145427611604093,0.0064658726620124415,0.041849340618277595,0.0018584321524364937,0.20457111384131826,0.004542264344021812,0.7360792297448645,0.0012825184266055188,0.92,0.008579044235810886,0.9014202209520978,0.9360580171533267,0,0.0018522284003269442,0.0004574348256563683,0.0,0.0
iid_p050_uninformative_n0020_r010,human_only,uninformative,0.5,1.0,20,20,1000,0.05,fixed_zero,population_mean,fixed prespecified coefficient,asymptotic confidence interval for the population outcome mean,asymptotic marginal prediction interval for the random held-out mean,0.0,0.0,0.0,-1.0,1.0,0.0,1.0,0.0,0.0,0.0,0.0,-0.00024999999999999355,0.003482034184505095,0.0121125,0.0005359858903223335,0.11005680351527569,0.002435042056477406,0.4383076873935837,0.000522462764880733,0.964,0.005891010100144119,0.9505070882819876,0.9746610850701622,0,-0.00017601718617149726,0.0001137831413186667,-0.001067412337614223,0.0002500381052456922,-0.0070999999999999995,0.0050298995904381515,0.025325000000000004,0.0011076704423287683,0.1591383046283955,0.0034802131545742365,0.619860676004393,0.0007388739279292776,0.94,0.007509993342207438,0.9234395095960652,0.9539049645775157,0,-0.00022091383481378612,0.00016789773402445875,-0.001169262881269914,0.0003490888378020981
iid_p050_uninformative_n0020_r010,fixed_ppi,uninformative,0.5,1.0,20,20,1000,0.05,fixed_one,population_mean,fixed prespecified coefficient,asymptotic confidence interval for the population outcome mean,asymptotic marginal prediction interval for the random held-out mean,0.0,0.0,1.0,-1.0,1.0,0.0,0.0,1.0,0.0,1.0,0.002,0.005550000000000003,0.005960051989682616,0.0355175,0.0014955894261064707,0.18846087127040456,0.003967904361326526,0.7491342596853924,0.0019754989523123184,0.944,0.007270763371201131,0.9278922537167473,0.9574244503133829,0,0.023228982813828503,0.0014036865636898775,0.02233758766238578,0.0013798392160019335,-0.0013000000000000032,0.007015163755930615,0.049165,0.002112801269453472,0.22173181999884456,0.004764316798248627,0.8660487440050778,0.003382477814389579,0.942,0.007391616873188169,0.9256635046176483,0.9556671397471793,0,0.02361908616518621,0.001822225381421258,0.022670737118730088,0.001838742935162644
iid_p050_uninformative_n0020_r010,population_tuned,uninformative,0.5,1.0,20,20,1000,0.05,population_variance_tuned,population_mean,same-audit selected coefficient plugged into both intervals,asymptotic confidence interval for the population outcome mean,asymptotic marginal prediction interval for the random held-out mean,0.0,0.0,-0.0037278689502870583,-1.0,1.0,0.502,0.036,0.462,0.0,0.0,0.0,-0.000996240526759785,0.0035071105650520684,0.012288517186171497,0.0005333810450761481,0.11085358445341989,0.002405790699985313,0.43219476884314934,0.0005781248390263575,0.93,0.008068457101577721,0.9123837665107154,0.9450284750808301,0,0.0,0.0,-0.0008913951514427258,0.00015075572381453153,-0.007846240526759791,0.005050728680558344,0.025545913834813784,0.0011106512997328339,0.1598308913658864,0.0034744575664985822,0.6067990276578232,0.0009236210169368352,0.932,0.00796090447122687,0.914586949808569,0.946811900239598,0,0.0,0.0,-0.0009483490464561278,0.0001955493837362412
iid_p050_uninformative_n0020_r010,pool_tuned,uninformative,0.5,1.0,20,20,1000,0.05,audit_residual_variance_tuned,realized_pool_mean,same-audit selected coefficient plugged into both intervals,asymptotic confidence interval for the population outcome mean,asymptotic marginal prediction interval for the random held-out mean,0.0,0.0,-0.006989353865089157,-1.0,1.0,0.502,0.036,0.462,0.0,0.0,0.0,-0.0014064254944401926,0.0036319588971205586,0.013179912337614223,0.0005596075831526226,0.1148037993169835,0.002437234597121199,0.4383701869271769,0.0005355384310222683,0.924,0.008379976133617564,0.9057956763550978,0.9396563388200981,0,0.0008913951514427258,0.00015075572381453153,0.0,0.0,-0.008256425494440197,0.005143203949503739,0.026494262881269916,0.0011377523733978852,0.16277058358705332,0.0034949569766375816,0.6022379022428954,0.0010670719553411083,0.925,0.00832916562447884,0.9068915530385009,0.9405538717887368,0,0.0009483490464561278,0.0001955493837362412,0.0,0.0
iid_p050_uninformative_n0020_r100,human_only,uninformative,0.5,10.0,20,200,1000,0.05,fixed_zero,population_mean,fixed prespecified coefficient,asymptotic confidence interval for the population outcome mean,asymptotic marginal prediction interval for the random held-out mean,0.0,0.0,0.0,-1.0,1.0,0.0,1.0,0.0,0.0,0.0,0.0,7.549516567451065e-18,0.003589970457801553,0.012875000000000001,0.0005796186960690907,0.11346805717910217,0.0025541051397143387,0.4375400544135955,0.0005733214204211473,0.956,0.006485676526007139,0.9413795807936691,0.9678505029891286,0,-0.00011003784085756666,0.00017184544109422428,-0.0001943550410960236,0.00019028286864046753,-0.0005949999999999978,0.0037090197900257697,0.013743425000000002,0.000621989908552153,0.1172323547490197,0.0026528082195557624,0.45889588049782853,0.0006013045785831785,0.937,0.007683163410991592,0.9201119581266455,0.9512530724434195,0,-7.406983396166692e-05,0.00017871812191529813,-0.00015244242245241184,0.00019710051206143592
iid_p050_uninformative_n0020_r100,fixed_ppi,uninformative,0.5,10.0,20,200,1000,0.05,fixed_one,population_mean,fixed prespecified coefficient,asymptotic confidence interval for the population outcome mean,asymptotic marginal prediction interval for the random held-out mean,0.0,0.0,1.0,-1.0,1.0,0.0,0.0,1.0,0.0,1.0,0.003,0.0012849999999999912,0.005003974773971042,0.025016375,0.0011097313649874063,0.15816565682852898,0.0035081299797922994,0.6221281021112566,0.002315541261070898,0.943,0.007331507348424336,0.9267772705393378,0.9565464180630414,0,0.012031337159142435,0.0009477430418277593,0.011947019958903975,0.0009463966117217274,0.000689999999999986,0.005083701202659134,0.025818650000000002,0.0011405513944627444,0.16068182846856083,0.0035490988786137253,0.6365051808969218,0.002493766501578731,0.944,0.007270763371201131,0.9278922537167473,0.9574244503133829,0,0.012001155166038334,0.000973326178164186,0.01192278257754759,0.0009725695336917895
iid_p050_uninformative_n0020_r100,population_tuned,uninformative,0.5,10.0,20,200,1000,0.05,population_variance_tuned,population_mean,same-audit selected coefficient plugged into both intervals,asymptotic confidence interval for the population outcome mean,asymptotic marginal prediction interval for the random held-out mean,0.0,0.0,0.0070258122247738196,-1.0,1.0,0.477,0.036,0.487,0.0,0.0,0.0,-8.8326278276049e-05,0.0036052778072422557,0.012985037840857565,0.0005831674843867055,0.11395191021153425,0.002558831542639981,0.4267852622295495,0.0007401523012942914,0.928,0.00817410545564467,0.9101842508246492,0.9432413124454383,0,0.0,0.0,-8.431720023845689e-05,2.1803432104740086e-05,-0.0006833262782760549,0.0037189862540640026,0.013817494833961668,0.0006212296826468152,0.11754784061802952,0.0026424546779446785,0.44653798946427503,0.0008092022071175689,0.928,0.00817410545564467,0.9101842508246492,0.9432413124454383,0,0.0,0.0,-7.837258849074499e-05,2.0875601147027925e-05
iid_p050_uninformative_n0020_r100,pool_tuned,uninformative,0.5,10.0,20,200,1000,0.05,audit_residual_variance_tuned,realized_pool_mean,same-audit selected coefficient plugged into both intervals,asymptotic confidence interval for the population outcome mean,asymptotic marginal prediction interval for the random held-out mean,0.0,0.0,0.0077178363303363326,-1.0,1.0,0.477,0.036,0.487,0.0,0.0,0.0,-0.00010465803069478951,0.0036169637148175736,0.013069355041096024,0.0005866509356982765,0.11432127991365397,0.002565799368854905,0.4269014939940574,0.0007367333434821544,0.928,0.00817410545564467,0.9101842508246492,0.9432413124454383,0,8.431720023845689e-05,2.1803432104740086e-05,0.0,0.0,-0.000699658030694795,0.0037295156774413457,0.01389586742245241,0.0006242190513733643,0.11788073389003145,0.002647672061304291,0.4464267042464736,0.0008127365321898195,0.928,0.00817410545564467,0.9101842508246492,0.9432413124454383,0,7.837258849074499e-05,2.0875601147027925e-05,0.0,0.0
iid_p050_uninformative_n0200_r005,human_only,uninformative,0.5,0.5,200,100,1000,0.05,fixed_zero,population_mean,fixed prespecified coefficient,asymptotic confidence interval for the population outcome mean,asymptotic marginal prediction interval for the random held-out mean,0.0,0.0,0.0,-1.0,1.0,0.0,1.0,0.0,0.0,0.0,0.0,0.0008550000000000067,0.001131801638958855,0.0012804250000000006,5.7090272758313376e-05,0.0357830267026142,0.0007977283927486007,0.13858098278233888,1.600927186999799e-05,0.951,0.006826346021115546,0.9357339468598304,0.9635329408279522,0,-2.7599419081341853e-06,3.6446379170696443e-06,-2.3647510985236585e-05,1.0643323379635566e-05,0.0011450000000000024,0.0018872667407525497,0.0035595250000000013,0.00015412463885984838,0.059661754918875806,0.0012916535816740312,0.24002930314183873,2.77288722710195e-05,0.958,0.006343185319695463,0.9436497084242552,0.96956529373686,0,-1.8974138611743313e-06,5.604638632429457e-06,-2.1375365859609824e-05,1.646224480195591e-05
iid_p050_uninformative_n0200_r005,fixed_ppi,uninformative,0.5,0.5,200,100,1000,0.05,fixed_one,population_mean,fixed prespecified coefficient,asymptotic confidence interval for the population outcome mean,asymptotic marginal prediction interval for the random held-out mean,0.0,0.0,1.0,-1.0,1.0,0.0,0.0,1.0,0.0,1.0,0.0,0.00018500000000000049,0.002212959096540865,0.0048923249999999995,0.0002353143101129188,0.06994515708753538,0.0016821344029467706,0.27297965173963273,0.00018703612245714115,0.939,0.007568289106528638,0.9223292259508765,0.9530221244589198,0,0.003609140058091865,0.00023189674852339305,0.003588252489014763,0.00023192613573284462,0.0004749999999999961,0.0027066446571909477,0.007318825,0.0003308945866463319,0.08555013150194452,0.0019339221392009832,0.3359868260544191,0.00038913476230014127,0.94,0.007509993342207438,0.9234395095960652,0.9539049645775157,0,0.0037574025861388254,0.000296431906473558,0.0037379246341403896,0.00029692512703540674
iid_p050_uninformative_n0200_r005,population_tuned,uninformative,0.5,0.5,200,100,1000,0.05,population_variance_tuned,population_mean,same-audit selected coefficient plugged into both intervals,asymptotic confidence interval for the population outcome mean,asymptotic marginal prediction interval for the random held-out mean,0.0,0.0,-0.00036731344437298006,-1.0,1.0,0.515,0.002,0.483,0.0,0.0,0.0,0.0008359805219808997,0.0011330356783099667,0.001283184941908135,5.7200272350090425e-05,0.03582157090229482,0.0007984054148003045,0.13846187551980463,1.6923594021202517e-05,0.953,0.00669260786241059,0.9379873693066948,0.9652649377332041,0,0.0,0.0,-2.0887569077102395e-05,7.052793656616543e-06,0.0011259805219808955,0.001887781316791042,0.003561422413861175,0.00015402769927347872,0.05967765422552377,0.0012904972662916936,0.23968530728398638,3.192036289553274e-05,0.96,0.00619677335393187,0.9459273031806316,0.9712723747141092,0,0.0,0.0,-1.9477951998435497e-05,1.0902332548084407e-05
iid_p050_uninformative_n0200_r005,pool_tuned,uninformative,0.5,0.5,200,100,1000,0.05,audit_residual_variance_tuned,realized_pool_mean,same-audit selected coefficient plugged into both intervals,asymptotic confidence interval for the population outcome mean,asymptotic marginal prediction interval for the random held-out mean,0.0,0.0,-0.0011051908417624423,-1.0,1.0,0.515,0.002,0.483,0.0,0.0,0.0,0.0007940492752650834,0.0011422551131324236,0.001304072510985237,5.814252218828887e-05,0.03611194415958849,0.000805031735917364,0.13893765034018873,2.3079626309904168e-05,0.957,0.006414904519944161,0.9425137420380276,0.9687088295439074,0,2.0887569077102395e-05,7.052793656616543e-06,0.0,0.0,0.0010840492752650789,0.0018929628922775923,0.003580900365859611,0.0001544178597034191,0.05984062471147515,0.001290242710933862,0.23940894261747575,3.983245491431435e-05,0.958,0.006343185319695463,0.9436497084242552,0.96956529373686,0,1.9477951998435497e-05,1.0902332548084407e-05,0.0,0.0
iid_p050_uninformative_n0200_r010,human_only,uninformative,0.5,1.0,200,200,1000,0.05,fixed_zero,population_mean,fixed prespecified coefficient,asymptotic confidence interval for the population outcome mean,asymptotic marginal prediction interval for the random held-out mean,0.0,0.0,0.0,-1.0,1.0,0.0,1.0,0.0,0.0,0.0,0.0,0.0008800000000000058,0.0011211523458400214,0.0012565000000000005,5.527665201744997e-05,0.03544714374953221,0.0007797053044390841,0.13858770951419172,1.5466581826443304e-05,0.939,0.007568289106528638,0.9223292259508765,0.9530221244589198,0,-9.92795353421766e-06,4.063629123312784e-06,-2.708929433822561e-05,8.30303002087691e-06,0.0008800000000000001,0.0016110155092273234,0.0025935500000000013,0.00011776944335985158,0.05092690840803123,0.0011562595005401822,0.19599261837319273,2.187304978250924e-05,0.945,0.007209368904418752,0.9290084844579425,0.958301204920464,0,-1.1119483544214479e-05,6.235923722719215e-06,-2.907562525959019e-05,1.2444627402636576e-05
iid_p050_uninformative_n0200_r010,fixed_ppi,uninformative,0.5,1.0,200,200,1000,0.05,fixed_one,population_mean,fixed prespecified coefficient,asymptotic confidence interval for the population outcome mean,asymptotic marginal prediction interval for the random held-out mean,0.0,0.0,1.0,-1.0,1.0,0.0,0.0,1.0,0.0,1.0,0.0,-0.0005800000000000068,0.0019106842529089715,0.0036474000000000007,0.0001548344178047534,0.06039370828157516,0.0012818753990305153,0.23677922506692392,0.00018202847000067094,0.947,0.007084560677981384,0.9312448167100368,0.9600507476399807,0,0.002380972046465782,0.00015027604117293618,0.0023638107056617743,0.00015018513007774073,-0.0005800000000000127,0.002219581073117209,0.004921950000000001,0.0002159010310366829,0.07015661052245897,0.0015387076814918769,0.27428623332506114,0.0003088201092463533,0.944,0.007270763371201131,0.9278922537167473,0.9574244503133829,0,0.0023172805164557862,0.000193117705188053,0.0022993243747404103,0.00019312836960274962
iid_p050_uninformative_n0200_r010,population_tuned,uninformative,0.5,1.0,200,200,1000,0.05,population_variance_tuned,population_mean,same-audit selected coefficient plugged into both intervals,asymptotic confidence interval for the population outcome mean,asymptotic marginal prediction interval for the random held-out mean,0.0,0.0,-0.0005461422809942473,-1.0,1.0,0.507,0.0,0.493,0.0,0.0,0.0,0.0009202292005500338,0.001125543415303206,0.001266427953534218,5.564817073844349e-05,0.035586907052091755,0.000781862984847015,0.13841513121205645,1.7509146950784004e-05,0.942,0.007391616873188169,0.9256635046176483,0.9556671397471793,0,0.0,0.0,-1.716134080400795e-05,4.270342461099354e-06,0.0009202292005500281,0.0016144438952325113,0.0026046694835442155,0.00011840876509241204,0.051035962649334,0.0011600522351855474,0.1956260279901791,2.7995913525072945e-05,0.944,0.007270763371201131,0.9278922537167473,0.9574244503133829,0,0.0,0.0,-1.7956141715375717e-05,6.235471316667439e-06
iid_p050_uninformative_n0200_r010,pool_tuned,uninformative,0.5,1.0,200,200,1000,0.05,audit_residual_variance_tuned,realized_pool_mean,same-audit selected coefficient plugged into both intervals,asymptotic confidence interval for the population outcome mean,asymptotic marginal prediction interval for the random held-out mean,0.0,0.0,-0.0011500584601533274,-1.0,1.0,0.507,0.0,0.493,0.0,0.0,0.0,0.0009609911016171504,0.001133115060433414,0.0012835892943382258,5.633540244965341e-05,0.03582721443732719,0.00078620963608825,0.13858906137851362,1.5478183495394833e-05,0.94,0.007509993342207438,0.9234395095960652,0.9539049645775157,0,1.716134080400795e-05,4.270342461099354e-06,0.0,0.0,0.0009609911016171444,0.001619977298547734,0.002622625625259591,0.00011933618094529744,0.05121157706280476,0.0011651289394871216,0.19550275733546604,3.205284754181348e-05,0.942,0.007391616873188169,0.9256635046176483,0.9556671397471793,0,1.7956141715375717e-05,6.235471316667439e-06,0.0,0.0
iid_p050_uninformative_n0200_r100,human_only,uninformative,0.5,10.0,200,2000,1000,0.05,fixed_zero,population_mean,fixed prespecified coefficient,asymptotic confidence interval for the population outcome mean,asymptotic marginal prediction interval for the random held-out mean,0.0,0.0,0.0,-1.0,1.0,0.0,1.0,0.0,0.0,0.0,0.0,-0.000684999999999995,0.0011427649306338934,0.0013050750000000002,5.6071875076098056e-05,0.03612582178996071,0.0007760636616393916,0.13857415162254824,1.5691454431575705e-05,0.933,0.007906389820898028,0.9156899628975586,0.9477021635999548,0,3.581179845729924e-07,5.167666223850324e-06,-1.9748803516849573e-07,5.685716851824951e-06,-0.0003114999999999819,0.001198871974716968,0.0014359537500000003,6.27861874868794e-05,0.03789398039266923,0.0008284453999852927,0.14533779634940078,1.6457336248495737e-05,0.944,0.007270763371201131,0.9278922537167473,0.9574244503133829,0,1.2376538053224424e-06,5.246432497140717e-06,7.827287063381394e-07,5.770969954450676e-06
iid_p050_uninformative_n0200_r100,fixed_ppi,uninformative,0.5,10.0,200,2000,1000,0.05,fixed_one,population_mean,fixed prespecified coefficient,asymptotic confidence interval for the population outcome mean,asymptotic marginal prediction interval for the random held-out mean,0.0,0.0,1.0,-1.0,1.0,0.0,0.0,1.0,0.0,1.0,0.0,-0.0007094999999999931,0.0016233314710233445,0.0026330732500000004,0.0001150664474174301,0.05131348019770244,0.0011212107128000081,0.1985733633168118,0.00022016009829411594,0.943,0.007331507348424336,0.9267772705393378,0.9565464180630414,0,0.0013283563679845729,0.00010120598629491585,0.0013278007619648314,0.00010125506701206548,-0.00033599999999998074,0.0016741515425395003,0.0028000935000000006,0.0001233793348839633,0.05291590970587202,0.0011658056676125898,0.2033339668572887,0.00023654100830976718,0.948,0.007021111023192843,0.9323649859494927,0.9609234650560194,0,0.0013653774038053224,0.00010537660982366889,0.001364922478706338,0.00010543647788279056
iid_p050_uninformative_n0200_r100,population_tuned,uninformative,0.5,10.0,200,2000,1000,0.05,population_variance_tuned,population_mean,same-audit selected coefficient plugged into both intervals,asymptotic confidence interval for the population outcome mean,asymptotic marginal prediction interval for the random held-out mean,0.0,0.0,-0.00011711456249919972,-1.0,1.0,0.479,0.0,0.521,0.0,0.0,0.0,-0.0007573835171447609,0.0011425623400604051,0.0013047168820154273,5.619022445275841e-05,0.03612086491233878,0.0007778084022783739,0.13825039356133031,2.1341139713874985e-05,0.934,0.007851369307324675,0.9167939495385973,0.9485914339810815,0,0.0,0.0,-5.556060197414863e-07,5.204038261214347e-07,-0.0003838835171447479,0.0011983341497154775,0.0014347160961946778,6.286759896632941e-05,0.03787764639196419,0.000829877314917683,0.14496719143577935,2.337078618642439e-05,0.943,0.007331507348424336,0.9267772705393378,0.9565464180630414,0,0.0,0.0,-4.549250989843037e-07,5.267453358547167e-07
iid_p050_uninformative_n0200_r100,pool_tuned,uninformative,0.5,10.0,200,2000,1000,0.05,audit_residual_variance_tuned,realized_pool_mean,same-audit selected coefficient plugged into both intervals,asymptotic confidence interval for the population outcome mean,asymptotic marginal prediction interval for the random held-out mean,0.0,0.0,-0.0001222178958688469,-1.0,1.0,0.479,0.0,0.521,0.0,0.0,0.0,-0.0007646979139913463,0.0011428008220395892,0.0013052724880351688,5.622716350576466e-05,0.0361285550227956,0.0007781540594453292,0.13825365838978554,2.1240130579707088e-05,0.934,0.007851369307324675,0.9167939495385973,0.9485914339810815,0,5.556060197414863e-07,5.204038261214347e-07,0.0,0.0,-0.00039119791399133344,0.0011985217728208682,0.0014351710212936624,6.289691559007633e-05,0.03788365110827707,0.0008301327056664582,0.14496407726946045,2.347233920373863e-05,0.943,0.007331507348424336,0.9267772705393378,0.9565464180630414,0,4.549250989843037e-07,5.267453358547167e-07,0.0,0.0
iid_p095_positive_n0020_r005,human_only,positive,0.95,0.5,20,10,1000,0.05,fixed_zero,population_mean,fixed prespecified coefficient,asymptotic confidence interval for the population outcome mean,asymptotic marginal prediction interval for the random held-out mean,0.16032561487106953,0.4809768446132086,0.0,-1.0,1.0,0.0,1.0,0.0,0.0,0.0,0.0,-0.0012499999999999682,0.0015551063808806956,0.0024175,0.0001257587333309659,0.049168079075758084,0.0012788656349294943,0.15239086722326878,0.003763042800937539,0.644,0.015141466243399283,0.6134334741710825,0.6737157335517636,352,0.0001163449947928388,8.793235096841981e-05,-0.0020637438964472904,0.0003616237467711327,0.0015499999999999767,0.0027069216695214736,0.007322499999999997,0.00038449327540131153,0.0855716074407861,0.0022466171134355134,0.2639487246401843,0.006517781322280116,0.847,0.011383804285035824,0.8231708606539101,0.8687645266540973,352,0.0020256884123466146,0.00017169846005203233,0.0015208253514272976,0.0003290460505875983
iid_p095_positive_n0020_r005,fixed_ppi,positive,0.95,0.5,20,10,1000,0.05,fixed_one,population_mean,fixed prespecified coefficient,asymptotic confidence interval for the population outcome mean,asymptotic marginal prediction interval for the random held-out mean,0.16032561487106953,0.4809768446132086,1.0,-1.0,1.0,0.0,0.0,1.0,0.0,1.0,0.253,-0.0009499999999999244,0.0033567641211984744,0.0112575,0.0005359101075678583,0.10610136662644831,0.002525462793776446,0.36667913601087515,0.005923057226381568,0.652,0.015063067416698366,0.6215630555184662,0.6815387858521421,121,0.00895634499479284,0.0005183600387576847,0.006776256103552711,0.00041109916171873546,0.0018500000000000196,0.0027562064824998463,0.007592500000000001,0.0004093015043601373,0.08713495280310882,0.002348664291383734,0.27573175469066813,0.006549188290123626,0.874,0.010493998284733994,0.8518262835289733,0.8939431677375203,331,0.002295688412346618,0.0005060036334962937,0.0017908253514273005,0.0004245642667188752
iid_p095_positive_n0020_r005,population_tuned,positive,0.95,0.5,20,10,1000,0.05,population_variance_tuned,population_mean,same-audit selected coefficient plugged into both intervals,asymptotic confidence interval for the population outcome mean,asymptotic marginal prediction interval for the random held-out mean,0.16032561487106953,0.4809768446132086,0.2172586285718427,-1.0,1.0,0.033,0.377,0.59,0.0,0.039,0.002,0.015666734507874827,0.0014344916177057966,0.002301155005207161,9.261461228331451e-05,0.0479703554834354,0.0009653317277927529,0.11679549689964887,0.003307641982544018,0.575,0.015632498200863484,0.5436774991081754,0.6058796781660468,422,0.0,0.0,-0.002180088891240129,0.00032846292830378943,0.018466734507874775,0.0022272745803616975,0.005296811587653384,0.0003551106185249861,0.07277919749250732,0.002439643680885222,0.19106257902676818,0.005377532179106327,0.842,0.011534123287012326,0.8178923975121415,0.8640734838150352,422,0.0,0.0,-0.0005048630609193173,0.00024634191113191695
iid_p095_positive_n0020_r005,pool_tuned,positive,0.95,0.5,20,10,1000,0.05,audit_residual_variance_tuned,realized_pool_mean,same-audit selected coefficient plugged into both intervals,asymptotic confidence interval for the population outcome mean,asymptotic marginal prediction interval for the random held-out mean,0.16032561487106953,0.4809768446132086,0.400019193817878,-1.0,1.0,0.033,0.377,0.59,0.0,0.122,0.002,0.006381920180352882,0.0021083073663984825,0.00448124389644729,0.00035862788918225526,0.06694209360669331,0.002678642613788802,0.16681534512202337,0.0053558259084197325,0.575,0.015632498200863484,0.5436774991081754,0.6058796781660468,422,0.002180088891240129,0.00032846292830378943,0.0,0.0,0.009181920180352826,0.002392298075168474,0.0058016746485727,0.0003959517208773243,0.07616872487164729,0.002599175196542588,0.1373812422679946,0.004994609053605696,0.774,0.013225883713385657,0.7467913971040485,0.7995847203178665,554,0.0005048630609193173,0.00024634191113191695,0.0,0.0
iid_p095_positive_n0020_r010,human_only,positive,0.95,1.0,20,20,1000,0.05,fixed_zero,population_mean,fixed prespecified coefficient,asymptotic confidence interval for the population outcome mean,asymptotic marginal prediction interval for the random held-out mean,0.2404884223066043,0.4809768446132086,0.0,-1.0,1.0,0.0,1.0,0.0,0.0,0.0,0.0,-0.0022499999999999686,0.001545906636031855,0.0023924999999999997,0.00012174570122088808,0.04891318840558239,0.0012445079250547632,0.15525995621487199,0.003745097108481095,0.658,0.01500119995200384,0.6276662332634243,0.6874000715953352,341,0.0004784292043912821,9.02347042703005e-05,-0.0007533360469407426,0.00021205779306530901,-0.0032500000000000007,0.002152108052368437,0.004637499999999999,0.0002195120253637127,0.06809919235938118,0.0016117079935785263,0.2195707357725249,0.005296367123218226,0.786,0.012969348480166612,0.7592568214400275,0.811047360389367,341,0.001477269065573446,0.00013431345062116012,0.000822553287301726,0.00020721456297566665
iid_p095_positive_n0020_r010,fixed_ppi,positive,0.95,1.0,20,20,1000,0.05,fixed_one,population_mean,fixed prespecified coefficient,asymptotic confidence interval for the population outcome mean,asymptotic marginal prediction interval for the random held-out mean,0.2404884223066043,0.4809768446132086,1.0,-1.0,1.0,0.0,0.0,1.0,0.0,1.0,0.173,-4.999999999994631e-05,0.0026832251484355907,0.007192499999999999,0.0003509948591377673,0.08480860805366398,0.002069335101666035,0.3049889907607187,0.003152892452930908,0.87,0.010634848376916336,0.8475635053995598,0.8902306875462955,44,0.005278429204391283,0.0003411896085565417,0.004046663953059258,0.00030856661832336286,-0.0010499999999999791,0.0023805597166558466,0.0056625,0.0003000539553582424,0.07524958471646205,0.001993724991897535,0.22063365357277775,0.0053682101543965485,0.761,0.01348625225924534,0.7333213811147897,0.7871325096240909,341,0.0025022690655734474,0.00033990584924408005,0.0018475532873017272,0.00031720637702964
iid_p095_positive_n0020_r010,population_tuned,positive,0.95,1.0,20,20,1000,0.05,population_variance_tuned,population_mean,same-audit selected coefficient plugged into both intervals,asymptotic confidence interval for the population outcome mean,asymptotic marginal prediction interval for the random held-out mean,0.2404884223066043,0.4809768446132086,0.24581467993962594,-1.0,1.0,0.019,0.357,0.624,0.0,0.015,0.0,0.009115459995522587,0.0013538138707648922,0.0019140707956087173,7.846073194748283e-05,0.043750094806854045,0.0008966921362555641,0.12075190418043874,0.0030667977105746213,0.628,0.015284501954594399,0.597201187979319,0.6580427038308249,368,0.0,0.0,-0.0012317652513320248,0.00016218417538859482,0.008115459995522553,0.0017599624175529502,0.0031602309344265535,0.00017651037586601282,0.05621593132223777,0.0015699319722573845,0.15145387832837418,0.0039759888297146604,0.76,0.013505554412907307,0.7322866416528979,0.7861732255254941,368,0.0,0.0,-0.0006547157782717201,0.00012182636728550973
iid_p095_positive_n0020_r010,pool_tuned,positive,0.95,1.0,20,20,1000,0.05,audit_residual_variance_tuned,realized_pool_mean,same-audit selected coefficient plugged into both intervals,asymptotic confidence interval for the population outcome mean,asymptotic marginal prediction interval for the random held-out mean,0.2404884223066043,0.4809768446132086,0.434354386579193,-1.0,1.0,0.019,0.357,0.624,0.0,0.151,0.0,0.004386302490294393,0.0017691031975348153,0.003145836046940742,0.00018953470642885887,0.05608775309228158,0.001689626486882226,0.14846361849197642,0.003872487577704248,0.626,0.015301111070768685,0.5951746333550648,0.6560810897967033,368,0.0012317652513320248,0.00016218417538859482,0.0,0.0,0.00338630249029436,0.0019512270383268057,0.003814946712698273,0.00021035125579023533,0.061765254898674814,0.0017028283630927624,0.10966987606582275,0.004079855400479754,0.634,0.01523299051401267,0.6032841412036332,0.6639242512151974,564,0.0006547157782717201,0.00012182636728550973,0.0,0.0
iid_p095_positive_n0020_r100,human_only,positive,0.95,10.0,20,200,1000,0.05,fixed_zero,population_mean,fixed prespecified coefficient,asymptotic confidence interval for the population outcome mean,asymptotic marginal prediction interval for the random held-out mean,0.43725167692109873,0.4809768446132086,0.0,-1.0,1.0,0.0,1.0,0.0,0.0,0.0,0.0,0.001800000000000031,0.0015456872740464511,0.0023899999999999998,0.0001543915047427698,0.048887626246321265,0.001579044807420851,0.14568907335137224,0.003736340774407982,0.625,0.015309310892394862,0.594161560618944,0.6551000778787018,370,0.000671629591967272,0.00014338147747766506,0.0005757953918656013,0.000150018407910204,0.001750000000000009,0.0015921754057020608,0.0025355499999999993,0.00015123537809351046,0.05035424510406247,0.0015017142822910587,0.15279998921262938,0.003918707263978008,0.628,0.015284501954594399,0.597201187979319,0.6580427038308249,370,0.0007803235472568615,0.00013977492423676726,0.0006982179978290394,0.00014519956991552882
iid_p095_positive_n0020_r100,fixed_ppi,positive,0.95,10.0,20,200,1000,0.05,fixed_one,population_mean,fixed prespecified coefficient,asymptotic confidence interval for the population outcome mean,asymptotic marginal prediction interval for the random held-out mean,0.43725167692109873,0.4809768446132086,1.0,-1.0,1.0,0.0,0.0,1.0,0.0,1.0,0.158,-0.0013149999999999187,0.001785184208326317,0.003185425000000001,0.0001655442330238734,0.05643956945264555,0.0014665617990120376,0.1900960245097441,0.0028587635339129384,0.791,0.012857643641040918,0.7644601304459224,0.8158140321806084,0,0.0014670545919672731,0.00016088529576117197,0.0013712203918656023,0.00016044150558770296,-0.0013649999999999407,0.001727091375584865,0.002981725000000001,0.00015636523506237294,0.05460517374754888,0.0014317804003818582,0.16101979099847277,0.0039664601422225625,0.642,0.01516034300403523,0.6114024906519152,0.6717585560070759,346,0.001226498547256863,0.00015771420094797236,0.0011443929978290411,0.0001573045289261594
iid_p095_positive_n0020_r100,population_tuned,positive,0.95,10.0,20,200,1000,0.05,population_variance_tuned,population_mean,same-audit selected coefficient plugged into both intervals,asymptotic confidence interval for the population outcome mean,asymptotic marginal prediction interval for the random held-out mean,0.43725167692109873,0.4809768446132086,0.36243551784953854,-1.0,1.0,0.027,0.396,0.577,0.0,0.0,0.0,0.007893139327342952,0.0012875272758578584,0.0017183704080327277,6.286076287995699e-05,0.041453231575267174,0.0007582130571149789,0.09093207285493432,0.0026065177347888158,0.515,0.01580427157448264,0.4835188142915969,0.5463926411646972,370,0.0,0.0,-9.583420010167068e-05,1.3019884706920211e-05,0.007843139327342928,0.0013020779643555468,0.0017552264527431376,6.419727410809357e-05,0.041895422813753025,0.0007661609526353737,0.0826373179378038,0.0028122735281976095,0.424,0.01562766777225572,0.39313271904004543,0.45531601087038576,370,0.0,0.0,-8.210554942782211e-05,1.1188570692176867e-05
iid_p095_positive_n0020_r100,pool_tuned,positive,0.95,10.0,20,200,1000,0.05,audit_residual_variance_tuned,realized_pool_mean,same-audit selected coefficient plugged into both intervals,asymptotic confidence interval for the population outcome mean,asymptotic marginal prediction interval for the random held-out mean,0.43725167692109873,0.4809768446132086,0.4001871203744656,-1.0,1.0,0.027,0.396,0.577,0.0,0.136,0.0,0.007532085950169584,0.001326360253058931,0.0018142046081343983,6.89075634424951e-05,0.04259348081730816,0.0008088980064584676,0.09209421428785043,0.002607326099680594,0.505,0.01581059771166163,0.4735359613150015,0.5364345240798916,370,9.583420010167068e-05,1.3019884706920211e-05,0.0,0.0,0.007482085950169562,0.0013353402283803053,0.00183733200217096,6.778376719371146e-05,0.04286411088744242,0.0007906820623400538,0.07702838864648476,0.002931857524547617,0.418,0.015597307459943206,0.3872097969681707,0.4492743785730606,578,8.210554942782211e-05,1.1188570692176867e-05,0.0,0.0
iid_p095_positive_n0200_r005,human_only,positive,0.95,0.5,200,100,1000,0.05,fixed_zero,population_mean,fixed prespecified coefficient,asymptotic confidence interval for the population outcome mean,asymptotic marginal prediction interval for the random held-out mean,0.16032561487106953,0.4809768446132086,0.0,-1.0,1.0,0.0,1.0,0.0,0.0,0.0,0.0,0.0004750000000000232,0.0004897849163298761,0.00023987499999999942,1.0491159316243288e-05,0.015487898501733521,0.00033868892267950487,0.059415293054690135,0.0002934314675801413,0.912,0.008958571314668425,0.8927052349649914,0.9288248657147136,0,3.811156515610224e-05,6.154621131298043e-06,-9.187175155530127e-05,1.7865504835334407e-05,-0.0005550000000000019,0.0008580811606592217,0.0007358749999999987,3.51141761221837e-05,0.02712701605411105,0.0006472178151135464,0.10291030631731757,0.0005082382103883033,0.93,0.008068457101577721,0.9123837665107154,0.9450284750808301,0,0.00018011538615930983,1.2963329225710146e-05,0.00028973404430172943,2.8405426919505217e-05
iid_p095_positive_n0200_r005,fixed_ppi,positive,0.95,0.5,200,100,1000,0.05,fixed_one,population_mean,fixed prespecified coefficient,asymptotic confidence interval for the population outcome mean,asymptotic marginal prediction interval for the random held-out mean,0.16032561487106953,0.4809768446132086,1.0,-1.0,1.0,0.0,0.0,1.0,0.0,1.0,0.048,0.00021500000000007846,0.0010278790348627169,0.0010555249999999996,4.9051540781386504e-05,0.0324888442392154,0.0007548982109092578,0.12884383045915965,0.00047447301164107504,0.942,0.007391616873188169,0.9256635046176483,0.9556671397471793,0,0.0008537615651561023,4.8111334913061586e-05,0.0007237782484446988,3.840178799814412e-05,-0.0008149999999999466,0.0008616862992285986,0.0007424249999999994,3.414222365064713e-05,0.027247476947416607,0.000626520828268546,0.10702253336603118,0.00048784005465055347,0.943,0.007331507348424336,0.9267772705393378,0.9565464180630414,0,0.00018666538615931056,4.2809710714875416e-05,0.0002962840443017301,2.9827926699759157e-05
iid_p095_positive_n0200_r005,population_tuned,positive,0.95,0.5,200,100,1000,0.05,population_variance_tuned,population_mean,same-audit selected coefficient plugged into both intervals,asymptotic confidence interval for the population outcome mean,asymptotic marginal prediction interval for the random held-out mean,0.16032561487106953,0.4809768446132086,0.16470663725832974,-1.0,1.0,0.0,0.0,1.0,0.0,0.0,0.0,0.001972003024109477,0.0004450536053425797,0.0002017634348438972,8.974554441781904e-06,0.014204345632372412,0.00031590876039120193,0.05480551663131524,0.0002381271234943416,0.91,0.009049861877399012,0.8905334268616608,0.9270095335433771,0,0.0,0.0,-0.00012998331671140351,1.3989732672870575e-05,0.0009420030241094519,0.0007452702005414362,0.0005557596138406889,2.7900724489601433e-05,0.02357455437204888,0.0005917550773023704,0.08949031228016488,0.00036143964712154056,0.93,0.008068457101577721,0.9123837665107154,0.9450284750808301,0,0.0,0.0,0.0001096186581424196,1.8346837309612914e-05
iid_p095_positive_n0200_r005,pool_tuned,positive,0.95,0.5,200,100,1000,0.05,audit_residual_variance_tuned,realized_pool_mean,same-audit selected coefficient plugged into both intervals,asymptotic confidence interval for the population outcome mean,asymptotic marginal prediction interval for the random held-out mean,0.16032561487106953,0.4809768446132086,0.4771892272478292,-1.0,1.0,0.0,0.0,1.0,0.0,0.0,0.0,0.0007753722313436157,0.0005757404158860542,0.00033174675155530075,1.702574383387858e-05,0.018213916425505548,0.0004673828361822521,0.07062786491653,0.0004036886378683689,0.935,0.0077958322198467015,0.917898930078629,0.949479690310382,0,0.00012998331671140351,1.3989732672870575e-05,0.0,0.0,-0.00025462776865640946,0.0006682234978214542,0.00044614095569826926,2.159324712542287e-05,0.021122049041186065,0.0005111541755091566,0.07770220200142225,0.0003313306229016114,0.914,0.008865889690267975,0.8948797315656734,0.9306374694275863,0,-0.0001096186581424196,1.8346837309612914e-05,0.0,0.0
iid_p095_positive_n0200_r010,human_only,positive,0.95,1.0,200,200,1000,0.05,fixed_zero,population_mean,fixed prespecified coefficient,asymptotic confidence interval for the population outcome mean,asymptotic marginal prediction interval for the random held-out mean,0.2404884223066043,0.4809768446132086,0.0,-1.0,1.0,0.0,1.0,0.0,0.0,0.0,0.0,-0.0005949999999999766,0.0004901644991594512,0.00024037499999999935,1.08806076115719e-05,0.015504031733713633,0.00035089607008194964,0.06006354830752434,0.00028803781715332346,0.925,0.00832916562447884,0.9068915530385009,0.9405538717887368,0,5.172974662897345e-05,7.2896468298966335e-06,5.6040123051458905e-06,1.2378882420671868e-05,-0.0017349999999999967,0.0006930693472662884,0.0004828749999999988,2.181919307769101e-05,0.021974416943345707,0.0004964680777184011,0.08494268462075251,0.00040734698749457065,0.936,0.007739767438366605,0.919004925632949,0.950366910708151,0,0.00015422892247200058,1.1302990646114173e-05,0.00019702541525935566,1.766075742374698e-05
iid_p095_positive_n0200_r010,fixed_ppi,positive,0.95,1.0,200,200,1000,0.05,fixed_one,population_mean,fixed prespecified coefficient,asymptotic confidence interval for the population outcome mean,asymptotic marginal prediction interval for the random held-out mean,0.2404884223066043,0.4809768446132086,1.0,-1.0,1.0,0.0,0.0,1.0,0.0,1.0,0.019,0.001460000000000094,0.0007870755287060372,0.0006210000000000002,2.7052279494080096e-05,0.02491987158875423,0.0005427852908015821,0.1010852506764557,0.0002679757644272766,0.96,0.00619677335393187,0.9459273031806316,0.9712723747141092,0,0.0004323547466289744,2.5567761481572382e-05,0.00038622901230514684,2.1319080747945135e-05,0.00032000000000007364,0.0006835311366827517,0.00046684999999999983,1.992879786852394e-05,0.02160671192014185,0.0004611714624182648,0.08762214703826841,0.0004019790064674682,0.945,0.007209368904418752,0.9290084844579425,0.958301204920464,0,0.00013820392247200158,2.2318572262375723e-05,0.00018100041525935667,1.7178449108635467e-05
iid_p095_positive_n0200_r010,population_tuned,positive,0.95,1.0,200,200,1000,0.05,population_variance_tuned,population_mean,same-audit selected coefficient plugged into both intervals,asymptotic confidence interval for the population outcome mean,asymptotic marginal prediction interval for the random held-out mean,0.2404884223066043,0.4809768446132086,0.24370901206641424,-1.0,1.0,0.0,0.0,1.0,0.0,0.0,0.0,0.0008945352852417329,0.0004336278278519161,0.0001886452533710259,8.47537835223457e-06,0.013734819014862405,0.0003085362225400782,0.05310608320467086,0.00021657384996660658,0.931,0.008014923580421711,0.9134848906542884,0.9459206642067437,0,0.0,0.0,-4.6125734323827564e-05,6.450099771804591e-06,-0.00024546471475828726,0.0005735108885985932,0.0003286460775279982,1.4805286907485303e-05,0.01812859833324127,0.0004083406404437176,0.06982920484253072,0.0002729035947811946,0.926,0.008277922444671728,0.9079882639857509,0.9414505557393474,0,0.0,0.0,4.279649278735509e-05,7.5369044193054204e-06
iid_p095_positive_n0200_r010,pool_tuned,positive,0.95,1.0,200,200,1000,0.05,audit_residual_variance_tuned,realized_pool_mean,same-audit selected coefficient plugged into both intervals,asymptotic confidence interval for the population outcome mean,asymptotic marginal prediction interval for the random held-out mean,0.2404884223066043,0.4809768446132086,0.4815778482701011,-1.0,1.0,0.0,0.0,1.0,0.0,0.0,0.0,0.0005124284029319129,0.00048450299067673134,0.0002347709876948535,1.0950129364969625e-05,0.015322238338273345,0.00035732799357445546,0.05989307863948709,0.0002612123402112925,0.93,0.008068457101577721,0.9123837665107154,0.9450284750808301,0,4.6125734323827564e-05,6.450099771804591e-06,0.0,0.0,-0.0006275715970681072,0.0005345479212487015,0.0002858495847406432,1.2852201335983301e-05,0.01690708682004807,0.0003800832595460334,0.0640715726412459,0.00027902796673431575,0.924,0.008379976133617564,0.9057956763550978,0.9396563388200981,0,-4.279649278735509e-05,7.5369044193054204e-06,0.0,0.0
iid_p095_positive_n0200_r100,human_only,positive,0.95,10.0,200,2000,1000,0.05,fixed_zero,population_mean,fixed prespecified coefficient,asymptotic confidence interval for the population outcome mean,asymptotic marginal prediction interval for the random held-out mean,0.43725167692109873,0.4809768446132086,0.0,-1.0,1.0,0.0,1.0,0.0,0.0,0.0,0.0,0.0011700000000000204,0.0004893061623569849,0.0002405499999999995,1.1075631680275241e-05,0.015509674400192916,0.0003570555833247369,0.05902034270906155,0.00029073421704277374,0.907,0.009184280047995052,0.8872805822988441,0.9242815973931352,0,8.346883070005362e-05,8.744160614424746e-06,8.09157166619863e-05,9.423228456142968e-06,0.0009499999999999918,0.0005128045129174156,0.0002636079999999995,1.262102580531305e-05,0.016236009361909085,0.0003886738891307533,0.061901057655298436,0.0003049246193002817,0.911,0.009004387819280108,0.8916189999399975,0.92791753546024,0,0.00010251302990341296,9.381929473170602e-06,0.00010199085356553397,1.0039614549454187e-05
iid_p095_positive_n0200_r100,fixed_ppi,positive,0.95,10.0,200,2000,1000,0.05,fixed_one,population_mean,fixed prespecified coefficient,asymptotic confidence interval for the population outcome mean,asymptotic marginal prediction interval for the random held-out mean,0.43725167692109873,0.4809768446132086,1.0,-1.0,1.0,0.0,0.0,1.0,0.0,1.0,0.004,0.0006760000000000734,0.0005386177987526342,0.000290276,1.2399550018636343e-05,0.017037488077765454,0.0003638902038270011,0.0673648680509593,0.0002584573292596624,0.953,0.00669260786241059,0.9379873693066948,0.9652649377332041,0,0.0001331948307000541,1.1374122775179471e-05,0.00013064171666198675,1.0797458264029975e-05,0.0004560000000000446,0.0005225956086403424,0.00027304099999999985,1.2027685980646849e-05,0.016523952311720096,0.0003639470071611094,0.06534962699216439,0.00029429630378078795,0.954,0.006624499981130654,0.9391164472862573,0.9661285014523221,0,0.0001119460299034133,1.1152709598028226e-05,0.0001114238535655343,1.0599624613241484e-05
iid_p095_positive_n0200_r100,population_tuned,positive,0.95,10.0,200,2000,1000,0.05,population_variance_tuned,population_mean,same-audit selected coefficient plugged into both intervals,asymptotic confidence interval for the population outcome mean,asymptotic marginal prediction interval for the random held-out mean,0.43725167692109873,0.4809768446132086,0.4243282767710542,-1.0,1.0,0.0,0.0,1.0,0.0,0.0,0.0,0.0012238941827814455,0.0003946377976329944,0.0001570811692999459,6.921128227985398e-06,0.012533202675291975,0.0002761117173038998,0.04659609949306568,0.00019099770218802294,0.918,0.008676174272108645,0.8992371325846886,0.9342541397281681,0,0.0,0.0,-2.5531140380673083e-06,1.0121450090008937e-06,0.001003894182781417,0.0004003091480098157,0.00016109497009658658,7.455157477800497e-06,0.012692319334801918,0.000293687752456665,0.04745584894179858,0.00020210818449282488,0.923,0.008430361795320529,0.9047006190217404,0.938757972216451,0,0.0,0.0,-5.221763378789836e-07,9.640575954926232e-07
iid_p095_positive_n0200_r100,pool_tuned,positive,0.95,10.0,200,2000,1000,0.05,audit_residual_variance_tuned,realized_pool_mean,same-audit selected coefficient plugged into both intervals,asymptotic confidence interval for the population outcome mean,asymptotic marginal prediction interval for the random held-out mean,0.43725167692109873,0.4809768446132086,0.46858599884987234,-1.0,1.0,0.0,0.0,1.0,0.0,0.0,0.0,0.0010211752583866064,0.0003984347307456224,0.00015963428333801323,7.050052537834318e-06,0.012634646150091154,0.0002789968335513478,0.04675248525599049,0.00019018045191425027,0.915,0.008819013550278736,0.8959680142216228,0.9315427212290098,0,2.5531140380673083e-06,1.0121450090008937e-06,0.0,0.0,0.0008011752583865778,0.0004014179879388262,0.0001616171464344655,7.447924246441653e-06,0.01271287325644622,0.00029292843939371024,0.04730151030892776,0.00020326158255414687,0.923,0.008430361795320529,0.9047006190217404,0.938757972216451,0,5.221763378789836e-07,9.640575954926232e-07,0.0,0.0
iid_p095_inverse_n0020_r005,human_only,inverse,0.95,0.5,20,10,1000,0.05,fixed_zero,population_mean,fixed prespecified coefficient,asymptotic confidence interval for the population outcome mean,asymptotic marginal prediction interval for the random held-out mean,-0.16032561487106947,-0.48097684461320844,0.0,-1.0,1.0,0.0,1.0,0.0,0.0,0.0,0.0,-0.00204999999999997,0.0015574733459110055,0.0024275,0.00013899753258264712,0.04926966612430005,0.0014105792013282268,0.15524691069507646,0.003722332134892812,0.66,0.014979986648859203,0.6297017794976724,0.6893526774990284,337,8.332113627253949e-05,8.717984096467519e-05,-0.002625139920923478,0.0004288033040141798,-0.002850000000000023,0.00267423428835789,0.007152499999999998,0.00036073275686007754,0.08457245414436072,0.0021326846933182628,0.26889553704198055,0.0064472683802806775,0.864,0.010839926199010766,0.8411813690859783,0.8846498223761183,337,0.0019242022048809276,0.00015615765000317325,0.0010939871000603548,0.00032609694098250064
iid_p095_inverse_n0020_r005,fixed_ppi,inverse,0.95,0.5,20,10,1000,0.05,fixed_one,population_mean,fixed prespecified coefficient,asymptotic confidence interval for the population outcome mean,asymptotic marginal prediction interval for the random held-out mean,-0.16032561487106947,-0.48097684461320844,1.0,-1.0,1.0,0.0,0.0,1.0,0.0,1.0,0.269,-0.003049999999999953,0.004382054301340856,0.019192499999999998,0.0008942336649878472,0.1385369986682258,0.0032274182116843577,0.5084124425312739,0.006148026590178215,0.92,0.008579044235810886,0.9014202209520978,0.9360580171533267,57,0.016848321136272538,0.0008814969764671173,0.014139860079076524,0.0009004341151102219,-0.003850000000000008,0.00566875756337421,0.0321175,0.001596796700727257,0.17921355975483552,0.004455010834313201,0.627065442932716,0.010443933315019442,0.88,0.010276186062932104,0.8582331362071746,0.8994990762518322,134,0.026889202204880926,0.0014053688149835801,0.026058987100060358,0.0014627431565455997
iid_p095_inverse_n0020_r005,population_tuned,inverse,0.95,0.5,20,10,1000,0.05,population_variance_tuned,population_mean,same-audit selected coefficient plugged into both intervals,asymptotic confidence interval for the population outcome mean,asymptotic marginal prediction interval for the random held-out mean,-0.16032561487106947,-0.48097684461320844,-0.23090721479938445,-1.0,1.0,0.622,0.352,0.026,0.047,0.0,0.0,0.014495040382427883,0.001461577530244688,0.0023441788637274604,9.563659255398852e-05,0.04841672091052285,0.0009876401246867892,0.11962220758073742,0.003294004863718057,0.589,0.015558888135082147,0.5577800523371343,0.6196944130458797,407,0.0,0.0,-0.0027084610571960176,0.0003987520386024283,0.013695040382427831,0.0022462834757653004,0.00522829779511907,0.0003302898721249966,0.07230696920158575,0.0022839421688674037,0.19565964137320896,0.0053479499192307075,0.855,0.011134406135937382,0.8316336779080689,0.876252782728245,407,0.0,0.0,-0.0008302151048205729,0.0002534654696325408
iid_p095_inverse_n0020_r005,pool_tuned,inverse,0.95,0.5,20,10,1000,0.05,audit_residual_variance_tuned,realized_pool_mean,same-audit selected coefficient plugged into both intervals,asymptotic confidence interval for the population outcome mean,asymptotic marginal prediction interval for the random held-out mean,-0.16032561487106947,-0.48097684461320844,-0.42443421912624696,-1.0,1.0,0.622,0.352,0.026,0.13,0.0,0.0,0.0028987277016069898,0.002247061767112919,0.0050526399209234775,0.00041477872079630614,0.07108192400971908,0.0029176103951518897,0.17404360107151803,0.005482071353490701,0.589,0.015558888135082147,0.5577800523371343,0.6196944130458797,407,0.0027084610571960176,0.0003987520386024283,0.0,0.0,0.002098727701606936,0.0024617409308017235,0.006058512899939644,0.00037846473501608246,0.07783644968740316,0.0024311536339081774,0.14001443446054151,0.00493711255328197,0.764,0.013427732496590778,0.7364267951335762,0.7900091612313843,537,0.0008302151048205729,0.0002534654696325408,0.0,0.0
iid_p095_inverse_n0020_r010,human_only,inverse,0.95,1.0,20,20,1000,0.05,fixed_zero,population_mean,fixed prespecified coefficient,asymptotic confidence interval for the population outcome mean,asymptotic marginal prediction interval for the random held-out mean,-0.24048842230660422,-0.48097684461320844,0.0,-1.0,1.0,0.0,1.0,0.0,0.0,0.0,0.0,-0.0005499999999999702,0.0015197062239153353,0.0023074999999999997,0.0001279083824630125,0.048036444497901794,0.0013313681289276048,0.15301088194331425,0.003681030886735389,0.657,0.015011695440555674,0.6266486772044311,0.6864235511359629,339,0.00039611316316837743,0.00010278708416908879,-0.0008522478647328615,0.00023459429652854222,-0.00315,0.0021241679758412678,0.004517499999999999,0.00022552562061893438,0.06721235005562592,0.0016777096800832442,0.2163900644349036,0.005205763803535448,0.782,0.013056645817360598,0.7550982005417548,0.8072299765403573,339,0.0013888599471709564,0.00014802290297424376,0.0009602984336110379,0.00021234741656447605
iid_p095_inverse_n0020_r010,fixed_ppi,inverse,0.95,1.0,20,20,1000,0.05,fixed_one,population_mean,fixed prespecified coefficient,asymptotic confidence interval for the population outcome mean,asymptotic marginal prediction interval for the random held-out mean,-0.24048842230660422,-0.48097684461320844,1.0,-1.0,1.0,0.0,0.0,1.0,0.0,1.0,0.269,-0.001199999999999942,0.003752684724652824,0.01407,0.0006649453001956267,0.11861703081766968,0.0028029082148318864,0.45559035542390164,0.0047581804149881375,0.871,0.010599952830083727,0.8486285846850438,0.8911594287937652,19,0.012158613163168375,0.0006608462468161687,0.010910252135267138,0.0006724518182594406,-0.0037999999999999722,0.004447509453653847,0.019774999999999997,0.0009276839291873458,0.1406236111042523,0.003298464325807992,0.5122933655564027,0.008321525478032247,0.841,0.011563693181678596,0.8168376651825233,0.8631343076614678,124,0.016646359947170956,0.0008716734082228382,0.016217798433611038,0.0008992692871321981
iid_p095_inverse_n0020_r010,population_tuned,inverse,0.95,1.0,20,20,1000,0.05,population_variance_tuned,population_mean,same-audit selected coefficient plugged into both intervals,asymptotic confidence interval for the population outcome mean,asymptotic marginal prediction interval for the random held-out mean,-0.24048842230660422,-0.48097684461320844,-0.24573338871712463,-1.0,1.0,0.626,0.356,0.018,0.024,0.0,0.0,0.00951703438372821,0.0013500501949555272,0.0019113868368316222,8.055370506352982e-05,0.04371941029830597,0.000921257909403356,0.1180588096283871,0.0030174974548575683,0.623,0.01532550162311172,0.59213582321049,0.6531376453404509,373,0.0,0.0,-0.001248361027901239,0.00018781103113636215,0.006917034383728179,0.001756097539070679,0.0031286400528290426,0.00016067935242611016,0.05593424758436501,0.0014363235349126604,0.14759662416663774,0.003884875235533965,0.744,0.013800869537822608,0.7157571698989937,0.7707982136155871,373,0.0,0.0,-0.00042856151355991854,0.00011097440340988
iid_p095_inverse_n0020_r010,pool_tuned,inverse,0.95,1.0,20,20,1000,0.05,audit_residual_variance_tuned,realized_pool_mean,same-audit selected coefficient plugged into both intervals,asymptotic confidence interval for the population outcome mean,asymptotic marginal prediction interval for the random held-out mean,-0.24048842230660422,-0.48097684461320844,-0.43208239471227083,-1.0,1.0,0.626,0.356,0.018,0.148,0.0,0.0,0.004632129250823165,0.0017724087214896407,0.003159747864732861,0.00021189901396526247,0.05621163460292594,0.0018848323435361606,0.14559232001258682,0.0038357781006398556,0.617,0.015372410351015223,0.5860618602791839,0.647247093485198,373,0.001248361027901239,0.00018781103113636215,0.0,0.0,0.0020321292508231345,0.001885902607703445,0.0035572015663889616,0.00018545281721626627,0.059642280023394154,0.001554709319827512,0.10550142352645511,0.003964455981004459,0.633,0.015241751867813621,0.6022699716904012,0.6629443378664158,568,0.00042856151355991854,0.00011097440340988,0.0,0.0
iid_p095_inverse_n0020_r100,human_only,inverse,0.95,10.0,20,200,1000,0.05,fixed_zero,population_mean,fixed prespecified coefficient,asymptotic confidence interval for the population outcome mean,asymptotic marginal prediction interval for the random held-out mean,-0.4372516769210986,-0.48097684461320844,0.0,-1.0,1.0,0.0,1.0,0.0,0.0,0.0,0.0,-0.0009499999999999674,0.0015760969454895791,0.0024824999999999995,0.00011835307854551644,0.04982469267341244,0.001187695018224089,0.14974081931696787,0.0038328528404995748,0.627,0.015292841462592882,0.5961878424018664,0.6570619651881671,370,0.0006965097728355139,0.00011122402757467208,0.0006078342538727037,0.00011847414601778592,0.00030000000000000924,0.0016259470174958665,0.0026411499999999997,0.00012247580679771307,0.0513921200185398,0.0011915815766456968,0.15704949623188383,0.0040199299728500525,0.63,0.015267612779999367,0.5992282896178014,0.6600037699688277,370,0.0008019611469884283,0.00011142928508338906,0.0007278688134333701,0.00011724860759030123
iid_p095_inverse_n0020_r100,fixed_ppi,inverse,0.95,10.0,20,200,1000,0.05,fixed_one,population_mean,fixed prespecified coefficient,asymptotic confidence interval for the population outcome mean,asymptotic marginal prediction interval for the random held-out mean,-0.4372516769210986,-0.48097684461320844,1.0,-1.0,1.0,0.0,0.0,1.0,0.0,1.0,0.332,0.00021500000000003716,0.003407629779731906,0.011600375000000003,0.0005190582874207049,0.107705037022416,0.0024096286569804367,0.37230793117034516,0.005619592909797919,0.804,0.01255324659201754,0.7780159357151282,0.8281800339664227,0,0.009814384772835515,0.0005184383765437722,0.009725709253872705,0.0005223398181767834,0.0014650000000000136,0.0034780706937540457,0.012087025000000003,0.000540504410057556,0.10994100690825058,0.00245815653893649,0.3692044075969792,0.006612641284397678,0.789,0.012902674141432851,0.7623781277644036,0.8139080459892263,161,0.01024783614698843,0.0005328386737389867,0.010173743813433372,0.0005360936125208217
iid_p095_inverse_n0020_r100,population_tuned,inverse,0.95,10.0,20,200,1000,0.05,population_variance_tuned,population_mean,same-audit selected coefficient plugged into both intervals,asymptotic confidence interval for the population outcome mean,asymptotic marginal prediction interval for the random held-out mean,-0.4372516769210986,-0.48097684461320844,-0.36698761707906485,-1.0,1.0,0.597,0.379,0.024,0.0,0.0,0.0,0.006059071597085988,0.001323264488850708,0.001785990227164486,5.7691566151530564e-05,0.04226097759357308,0.0006825630810810222,0.0947876396159263,0.0027297392344186734,0.512,0.01580683396509244,0.4805226592503,0.5434065053508251,370,0.0,0.0,-8.867551896281028e-05,1.2725880142233157e-05,0.007309071597085964,0.0013369943452683417,0.0018391888530115707,6.231262592770341e-05,0.042885765155953215,0.0007264954431978164,0.08698428542772672,0.0029434801489972443,0.439,0.015693278816104682,0.4079601492061337,0.47039998429495883,370,0.0,0.0,-7.409233355505815e-05,1.0882018250324217e-05
iid_p095_inverse_n0020_r100,pool_tuned,inverse,0.95,10.0,20,200,1000,0.05,audit_residual_variance_tuned,realized_pool_mean,same-audit selected coefficient plugged into both intervals,asymptotic confidence interval for the population outcome mean,asymptotic marginal prediction interval for the random held-out mean,-0.4372516769210986,-0.48097684461320844,-0.404416385940341,-1.0,1.0,0.597,0.379,0.024,0.115,0.0,0.0,0.005785711886947789,0.001357584000497551,0.001874665746127296,6.401325120165624e-05,0.043297410385926036,0.0007392272497486819,0.09589704196357221,0.002730081525751704,0.502,0.01581126180922952,0.47054351735400185,0.5334446768141504,370,8.867551896281028e-05,1.2725880142233157e-05,0.0,0.0,0.007035711886947766,0.001365886375362494,0.0019132811865666293,6.584034463615431e-05,0.04374106979220592,0.0007526147045434882,0.08165656011552962,0.0030588785806446588,0.427,0.015641962792437524,0.3960959112874336,0.4583350974138997,567,7.409233355505815e-05,1.0882018250324217e-05,0.0,0.0
iid_p095_inverse_n0200_r005,human_only,inverse,0.95,0.5,200,100,1000,0.05,fixed_zero,population_mean,fixed prespecified coefficient,asymptotic confidence interval for the population outcome mean,asymptotic marginal prediction interval for the random held-out mean,-0.16032561487106947,-0.48097684461320844,0.0,-1.0,1.0,0.0,1.0,0.0,0.0,0.0,0.0,-0.0004699999999999769,0.00048735676523119697,0.00023749999999999932,1.1091292384874093e-05,0.015411035007422419,0.0003598490425702165,0.06001777739831444,0.00028283267496934035,0.938,0.00762600813007697,0.9212200503389675,0.9521381518866388,0,3.2891948677921736e-05,6.710820545084224e-06,-9.247015034750372e-05,1.7963841157588638e-05,-0.0010499999999999995,0.000844340221954639,0.0007132999999999987,3.365643869849962e-05,0.02670767679900292,0.000630089224004615,0.10395383981123962,0.0004898805630875106,0.94,0.007509993342207438,0.9234395095960652,0.9539049645775157,0,0.0001637186478083013,1.1679920025585412e-05,0.0002810105717383735,2.6693839929279465e-05
iid_p095_inverse_n0200_r005,fixed_ppi,inverse,0.95,0.5,200,100,1000,0.05,fixed_one,population_mean,fixed prespecified coefficient,asymptotic confidence interval for the population outcome mean,asymptotic marginal prediction interval for the random held-out mean,-0.16032561487106947,-0.48097684461320844,1.0,-1.0,1.0,0.0,0.0,1.0,0.0,1.0,0.103,-0.0015999999999999725,0.0013261405086372443,0.0017594500000000007,8.101475382816292e-05,0.04194579835931128,0.0009657076155063689,0.17091845892624785,0.0005064890056092853,0.96,0.00619677335393187,0.9459273031806316,0.9712723747141092,0,0.001554841948677923,8.051188006763567e-05,0.0014294798496524974,8.151175640076348e-05,-0.0021799999999999953,0.0017415885652847893,0.0030348499999999995,0.00014328792048060314,0.05508947267854358,0.0013005018337778659,0.22111511193347694,0.0008397757324045214,0.947,0.007084560677981384,0.9312448167100368,0.9600507476399807,0,0.0024852686478083023,0.00012761837995708825,0.0026025605717383744,0.000140470172092786
iid_p095_inverse_n0200_r005,population_tuned,inverse,0.95,0.5,200,100,1000,0.05,population_variance_tuned,population_mean,same-audit selected coefficient plugged into both intervals,asymptotic confidence interval for the population outcome mean,asymptotic marginal prediction interval for the random held-out mean,-0.16032561487106947,-0.48097684461320844,-0.1663450016008438,-1.0,1.0,1.0,0.0,0.0,0.0,0.0,0.0,0.0009283698603246384,0.00045160838218015156,0.00020460805132207764,8.93411180475389e-06,0.014304127073054044,0.00031229140230388023,0.0553313063018144,0.0002315036248565052,0.928,0.00817410545564467,0.9101842508246492,0.9432413124454383,0,0.0,0.0,-0.00012536209902542548,1.3390438436626576e-05,0.0003483698603246157,0.0007416265911041401,0.0005495813521916974,2.687141812725513e-05,0.023443151498714874,0.0005731187235796389,0.09025477524808849,0.0003533736645420214,0.935,0.0077958322198467015,0.917898930078629,0.949479690310382,0,0.0,0.0,0.00011729192393007216,1.7170267715351688e-05
iid_p095_inverse_n0200_r005,pool_tuned,inverse,0.95,0.5,200,100,1000,0.05,audit_residual_variance_tuned,realized_pool_mean,same-audit selected coefficient plugged into both intervals,asymptotic confidence interval for the population outcome mean,asymptotic marginal prediction interval for the random held-out mean,-0.16032561487106947,-0.48097684461320844,-0.48339123559450764,-1.0,1.0,1.0,0.0,0.0,0.0,0.0,0.0,3.394536788364599e-05,0.0005747167105251589,0.0003299701503475031,1.661451909243189e-05,0.018165080521360292,0.0004573202709697571,0.0714938233168267,0.0003957564318040054,0.936,0.007739767438366605,0.919004925632949,0.950366910708151,0,0.00012536209902542548,1.3390438436626576e-05,0.0,0.0,-0.0005460546321163767,0.0006575892914856857,0.0004322894282616252,2.0668478112830904e-05,0.02079157108690022,0.0004970398347110269,0.0780770156028371,0.0003343559428147755,0.923,0.008430361795320529,0.9047006190217404,0.938757972216451,0,-0.00011729192393007216,1.7170267715351688e-05,0.0,0.0
iid_p095_inverse_n0200_r010,human_only,inverse,0.95,1.0,200,200,1000,0.05,fixed_zero,population_mean,fixed prespecified coefficient,asymptotic confidence interval for the population outcome mean,asymptotic marginal prediction interval for the random held-out mean,-0.24048842230660422,-0.48097684461320844,0.0,-1.0,1.0,0.0,1.0,0.0,0.0,0.0,0.0,0.0007700000000000209,0.0004802475796271515,0.00023099999999999954,1.0310567773299751e-05,0.015198684153570648,0.00033919277712200747,0.059275195156782264,0.00028794402161085936,0.912,0.008958571314668425,0.8927052349649914,0.9288248657147136,0,3.631059891777626e-05,6.761957182682937e-06,-2.899605389103384e-05,1.3405254498848334e-05,0.00028499999999999847,0.000688235019773363,0.0004732749999999989,1.9500395247014564e-05,0.021754884509001624,0.00044818429716199577,0.08382778490303348,0.0004072143405663277,0.937,0.007683163410991592,0.9201119581266455,0.9512530724434195,0,0.00014328139457664521,9.820966812670459e-06,0.00018034845441139435,1.674326858444462e-05
iid_p095_inverse_n0200_r010,fixed_ppi,inverse,0.95,1.0,200,200,1000,0.05,fixed_one,population_mean,fixed prespecified coefficient,asymptotic confidence interval for the population outcome mean,asymptotic marginal prediction interval for the random held-out mean,-0.24048842230660422,-0.48097684461320844,1.0,-1.0,1.0,0.0,0.0,1.0,0.0,1.0,0.089,0.0003400000000000238,0.0012144172302834021,0.0014734500000000007,6.632041348442232e-05,0.038385544154017154,0.0008638722590243872,0.14961665327996737,0.00044030001163742016,0.952,0.006759881655768837,0.9368598845984908,0.9643997346571167,0,0.0012787605989177772,6.546166196395677e-05,0.0012134539461089672,6.651403670185951e-05,-0.00014499999999999856,0.0014684891676261815,0.0021543249999999995,9.393162443737697e-05,0.04641470672103832,0.0010118735102854883,0.17852733759387238,0.0006971330668133525,0.946,0.0071473071852271785,0.9301259944229326,0.9591766488743693,0,0.0018243313945766457,8.863133230725836e-05,0.001861398454411395,9.351822512706274e-05
iid_p095_inverse_n0200_r010,population_tuned,inverse,0.95,1.0,200,200,1000,0.05,population_variance_tuned,population_mean,same-audit selected coefficient plugged into both intervals,asymptotic confidence interval for the population outcome mean,asymptotic marginal prediction interval for the random held-out mean,-0.24048842230660422,-0.48097684461320844,-0.23977526601748553,-1.0,1.0,1.0,0.0,0.0,0.0,0.0,0.0,0.0018411540779463707,0.00043759689645525595,0.00019468940108222327,8.023883711931812e-06,0.013953114386481008,0.00028753020614903185,0.05249442220876257,0.0002202271177209829,0.917,0.008724161850859943,0.8981467032446243,0.9333510681911211,0,0.0,0.0,-6.530665280881008e-05,8.30697535579517e-06,0.0013561540779463482,0.0005731343075359369,0.0003299936054233537,1.4358842122751783e-05,0.018165726118802784,0.00039521795134545674,0.06906661236992008,0.0002780763374808483,0.93,0.008068457101577721,0.9123837665107154,0.9450284750808301,0,0.0,0.0,3.7067059834749185e-05,8.375281644818858e-06
iid_p095_inverse_n0200_r010,pool_tuned,inverse,0.95,1.0,200,200,1000,0.05,audit_residual_variance_tuned,realized_pool_mean,same-audit selected coefficient plugged into both intervals,asymptotic confidence interval for the population outcome mean,asymptotic marginal prediction interval for the random held-out mean,-0.24048842230660422,-0.48097684461320844,-0.4788382269674776,-1.0,1.0,1.0,0.0,0.0,0.0,0.0,0.0,0.0008438593960700911,0.0005094541183555267,0.00025999605389103337,1.1501497050711697e-05,0.016124393132488223,0.00035664899001804643,0.05942339696921111,0.00026753378479316625,0.93,0.008068457101577721,0.9123837665107154,0.9450284750808301,0,6.530665280881008e-05,8.30697535579517e-06,0.0,0.0,0.00035885939607006867,0.0005413786626556643,0.00029292654558860456,1.3171827930649706e-05,0.01711509700786427,0.00038480143947175233,0.06327199948368702,0.00028398833470718725,0.908,0.009139803061335619,0.8883642274816803,0.9251915548221445,0,-3.7067059834749185e-05,8.375281644818858e-06,0.0,0.0
iid_p095_inverse_n0200_r100,human_only,inverse,0.95,10.0,200,2000,1000,0.05,fixed_zero,population_mean,fixed prespecified coefficient,asymptotic confidence interval for the population outcome mean,asymptotic marginal prediction interval for the random held-out mean,-0.4372516769210986,-0.48097684461320844,0.0,-1.0,1.0,0.0,1.0,0.0,0.0,0.0,0.0,-0.00023499999999997912,0.0004898057622003687,0.00023972499999999942,1.1984935880640426e-05,0.015483055254051102,0.0003870339440112958,0.059872074305155114,0.00028453608003605314,0.927,0.008226238508577293,0.9090858246054988,0.9423463747720674,0,9.651207038527052e-05,9.85678263544933e-06,9.420885566614653e-05,1.0542983559769513e-05,-9.700000000000686e-05,0.0005087065690291141,0.0002585329999999996,1.2661097397078099e-05,0.0160789614092453,0.0003937162691925502,0.06279436128954745,0.0002984239583654621,0.927,0.008226238508577293,0.9090858246054988,0.9423463747720674,0,0.00010973236753321439,9.856088694233051e-06,0.00010901422348373188,1.0523793016023519e-05
iid_p095_inverse_n0200_r100,fixed_ppi,inverse,0.95,10.0,200,2000,1000,0.05,fixed_one,population_mean,fixed prespecified coefficient,asymptotic confidence interval for the population outcome mean,asymptotic marginal prediction interval for the random held-out mean,-0.4372516769210986,-0.48097684461320844,1.0,-1.0,1.0,0.0,0.0,1.0,0.0,1.0,0.057,-0.0001814999999999628,0.001074325594609583,0.0011530542500000007,5.2666238683491544e-05,0.033956652514639904,0.0007754922052576485,0.12948255398700056,0.00048838801801731,0.935,0.0077958322198467015,0.917898930078629,0.949479690310382,0,0.001009841320385272,5.1646286080378686e-05,0.0010075381056661476,5.201943839087139e-05,-4.349999999999055e-05,0.0010968433904496914,0.0012018642500000007,5.3753979659311286e-05,0.034667913839745254,0.0007752698923245374,0.13312235726804897,0.0005230312849842822,0.937,0.007683163410991592,0.9201119581266455,0.9512530724434195,0,0.0010530636175332157,5.252783607873505e-05,0.0010523454734837334,5.2926729790540026e-05
iid_p095_inverse_n0200_r100,population_tuned,inverse,0.95,10.0,200,2000,1000,0.05,population_variance_tuned,population_mean,same-audit selected coefficient plugged into both intervals,asymptotic confidence interval for the population outcome mean,asymptotic marginal prediction interval for the random held-out mean,-0.4372516769210986,-0.48097684461320844,-0.43877422670365607,-1.0,1.0,1.0,0.0,0.0,0.0,0.0,0.0,-4.3179456086046894e-05,0.00037862173678867135,0.00014321292961472893,6.494052205676767e-06,0.011967160465821828,0.0002713280324193763,0.04664139543978029,0.00019227184868398742,0.928,0.00817410545564467,0.9101842508246492,0.9432413124454383,0,0.0,0.0,-2.303214719123989e-06,9.68477621830347e-07,9.482054391392536e-05,0.000385928208496542,0.00014880063246678515,7.0817104883506024e-06,0.012198386469807601,0.0002902724268442652,0.047393684752424003,0.00020727443934178178,0.929,0.008121514637061239,0.9112835591132127,0.9441353517501024,0,0.0,0.0,-7.181440494824916e-07,9.188239966430915e-07
iid_p095_inverse_n0200_r100,pool_tuned,inverse,0.95,10.0,200,2000,1000,0.05,audit_residual_variance_tuned,realized_pool_mean,same-audit selected coefficient plugged into both intervals,asymptotic confidence interval for the population outcome mean,asymptotic marginal prediction interval for the random held-out mean,-0.4372516769210986,-0.48097684461320844,-0.48444912696564313,-1.0,1.0,1.0,0.0,0.0,0.0,0.0,0.0,-0.00024214645606168583,0.00038157975908086354,0.0001455161443338529,6.616898638968084e-06,0.012063007267421042,0.00027426405755547203,0.04680943683041151,0.00019093574488278638,0.93,0.008068457101577721,0.9123837665107154,0.9450284750808301,0,2.303214719123989e-06,9.68477621830347e-07,0.0,0.0,-0.00010414645606171358,0.000386856029576349,0.00014951877651626764,7.097421920734017e-06,0.012227787065379723,0.00029021694124968853,0.04722693957805895,0.00020900073971120753,0.928,0.00817410545564467,0.9101842508246492,0.9432413124454383,0,7.181440494824916e-07,9.188239966430915e-07,0.0,0.0
iid_p095_uninformative_n0020_r005,human_only,uninformative,0.95,0.5,20,10,1000,0.05,fixed_zero,population_mean,fixed prespecified coefficient,asymptotic confidence interval for the population outcome mean,asymptotic marginal prediction interval for the random held-out mean,0.0,0.0,0.0,-1.0,1.0,0.0,1.0,0.0,0.0,0.0,0.0,0.0011500000000000306,0.001545498646413534,0.0023875000000000003,0.00012692400660810165,0.048862050714230165,0.0012987994236101248,0.1465416310691541,0.0037664907874643138,0.627,0.015292841462592882,0.5961878424018664,0.6570619651881671,371,-0.0001314101188880846,4.863437720040925e-05,-0.0005046075096148077,0.00010979679664406246,0.0010499999999999759,0.002651117863454193,0.007022499999999998,0.00039254915435979297,0.08380035799446205,0.0023421687195282303,0.2538175504357889,0.006523753410128302,0.843,0.01150439046625244,0.8189474466392858,0.8650123407930691,371,-0.00013313121614368372,7.158750400376817e-05,-0.00045528084689843925,0.0001567077229484653
iid_p095_uninformative_n0020_r005,fixed_ppi,uninformative,0.95,0.5,20,10,1000,0.05,fixed_one,population_mean,fixed prespecified coefficient,asymptotic confidence interval for the population outcome mean,asymptotic marginal prediction interval for the random held-out mean,0.0,0.0,1.0,-1.0,1.0,0.0,0.0,1.0,0.0,1.0,0.336,-0.003449999999999963,0.006490201862825241,0.0420925,0.0018664971216841605,0.20516456809108144,0.004548780374337204,0.7655992487330491,0.001956335119765815,0.921,0.008529888627643386,0.9025129050930988,0.9369587971905401,0,0.03957358988111191,0.0018586432405115435,0.03920039249038519,0.0018491002806237378,-0.0035500000000000163,0.006875475959500526,0.047237499999999995,0.0020949107367009092,0.21734189655931502,0.004819390025266447,0.8086506350809248,0.0031393680896151005,0.922,0.008480330182251158,0.903606366597417,0.937858786867286,0,0.04008186878385632,0.002045624431641393,0.039759719153101565,0.0020392765162053758
iid_p095_uninformative_n0020_r005,population_tuned,uninformative,0.95,0.5,20,10,1000,0.05,population_variance_tuned,population_mean,same-audit selected coefficient plugged into both intervals,asymptotic confidence interval for the population outcome mean,asymptotic marginal prediction interval for the random held-out mean,0.0,0.0,-0.001908752124947977,-1.0,1.0,0.35,0.385,0.265,0.0,0.0,0.0,0.0005667238924481884,0.0015878003819658135,0.0025189101188880848,0.0001354382908382478,0.05018874494234823,0.0013492894770911852,0.14515932812063403,0.0037297899814760687,0.625,0.015309310892394862,0.594161560618944,0.6551000778787018,371,0.0,0.0,-0.00037319739072672303,7.363469890466225e-05,0.0004667238924481336,0.0026762989296625316,0.007155631216143682,0.0004005095948453926,0.0845909641518743,0.002367330830550171,0.24987194480670585,0.0064201281457886535,0.842,0.011534123287012326,0.8178923975121415,0.8640734838150352,371,0.0,0.0,-0.00032214963075475554,0.00010142453113808915
iid_p095_uninformative_n0020_r005,pool_tuned,uninformative,0.95,0.5,20,10,1000,0.05,audit_residual_variance_tuned,realized_pool_mean,same-audit selected coefficient plugged into both intervals,asymptotic confidence interval for the population outcome mean,asymptotic marginal prediction interval for the random held-out mean,0.0,0.0,-0.00441138240844123,-1.0,1.0,0.35,0.385,0.265,0.0,0.0,0.0,-0.00011070079430370582,0.0017014670861330648,0.0028921075096148075,0.00016347328045996916,0.05377831821110444,0.0015198809287626097,0.1506563573968606,0.003882267078626589,0.619,0.015357050498061143,0.5880859746995805,0.6492111514670235,371,0.00037319739072672303,7.363469890466225e-05,0.0,0.0,-0.00021070079430376065,0.0027359133161976214,0.007477780846898437,0.00042153828164076144,0.08647416288636992,0.002437365494909026,0.24663523414993063,0.006338069163000352,0.836,0.011709141727727102,0.8115686724739016,0.8584337235456381,371,0.00032214963075475554,0.00010142453113808915,0.0,0.0
iid_p095_uninformative_n0020_r010,human_only,uninformative,0.95,1.0,20,20,1000,0.05,fixed_zero,population_mean,fixed prespecified coefficient,asymptotic confidence interval for the population outcome mean,asymptotic marginal prediction interval for the random held-out mean,0.0,0.0,0.0,-1.0,1.0,0.0,1.0,0.0,0.0,0.0,0.0,-0.0009999999999999707,0.001485330335718693,0.0022049999999999995,0.00011933027576736216,0.04695742752749558,0.0012706219447124654,0.15525774509750193,0.003642457690451904,0.67,0.014869431730903503,0.6398882743460264,0.6991069245809935,328,-7.877093089464134e-05,3.164637926873394e-05,-0.0002861974341821156,6.917715168257114e-05,-0.0028000000000000026,0.002118170589600056,0.004489999999999998,0.00022071160733775104,0.0670074622710038,0.0016469181182023345,0.2195676087803522,0.005151213066207262,0.772,0.013267102170406315,0.7447168224784331,0.7976712701289689,328,-6.87084531162997e-05,4.020010704995279e-05,-0.00025772929937574533,8.56132590801901e-05
iid_p095_uninformative_n0020_r010,fixed_ppi,uninformative,0.95,1.0,20,20,1000,0.05,fixed_one,population_mean,fixed prespecified coefficient,asymptotic confidence interval for the population outcome mean,asymptotic marginal prediction interval for the random held-out mean,0.0,0.0,1.0,-1.0,1.0,0.0,0.0,1.0,0.0,1.0,0.332,0.0035500000000000514,0.00523137312421555,0.0273525,0.0011781065014160133,0.1653859123383851,0.0035616893989300854,0.635975634647965,0.0013844674946945413,0.936,0.007739767438366605,0.919004925632949,0.950366910708151,0,0.025068729069105358,0.0011717825476735388,0.024861302565817887,0.001166262878232233,0.0017500000000000213,0.005386413551794083,0.028987499999999996,0.0012964950803004394,0.1702571584398142,0.003807461290265659,0.6609208299487661,0.0024628122056552793,0.94,0.007509993342207438,0.9234395095960652,0.9539049645775157,0,0.0244287915468837,0.0012791763410734155,0.024239770700624254,0.00127562121644926
iid_p095_uninformative_n0020_r010,population_tuned,uninformative,0.95,1.0,20,20,1000,0.05,population_variance_tuned,population_mean,same-audit selected coefficient plugged into both intervals,asymptotic confidence interval for the population outcome mean,asymptotic marginal prediction interval for the random held-out mean,0.0,0.0,0.0014212991608009984,-1.0,1.0,0.352,0.343,0.305,0.0,0.0,0.0,-0.000857945534128649,0.0015117275483815347,0.002283770930894641,0.0001240492434575634,0.04778881596037551,0.0012978899033658823,0.15320191199211078,0.0035931149205326346,0.67,0.014869431730903503,0.6398882743460264,0.6991069245809935,328,0.0,0.0,-0.00020742650328747425,3.9236800509047736e-05,-0.00265794553412868,0.00213452570343684,0.0045587084531162995,0.0002282226078124141,0.06751820830795423,0.0016900819314656452,0.21519758684545462,0.0050473645791037965,0.772,0.013267102170406315,0.7447168224784331,0.7976712701289689,328,0.0,0.0,-0.00018902084625944566,4.7089111241488774e-05
iid_p095_uninformative_n0020_r010,pool_tuned,uninformative,0.95,1.0,20,20,1000,0.05,audit_residual_variance_tuned,realized_pool_mean,same-audit selected coefficient plugged into both intervals,asymptotic confidence interval for the population outcome mean,asymptotic marginal prediction interval for the random held-out mean,0.0,0.0,0.0025402781472053924,-1.0,1.0,0.352,0.343,0.305,0.0,0.0,0.0,-0.0006567286400819403,0.0015790058268025766,0.0024911974341821153,0.00014068964382309506,0.04991189671994158,0.001409379857997708,0.15527578784542037,0.0036421670140450923,0.668,0.014892145580808697,0.6378497983147291,0.6971572548097915,328,0.00020742650328747425,3.9236800509047736e-05,0.0,0.0,-0.0024567286400819714,0.0021786326500786535,0.004747729299375745,0.00024484662787312476,0.06890376839749583,0.0017767288608994513,0.2137082754927204,0.005013664808710149,0.771,0.013287550564344055,0.7436798486369471,0.7967142301397079,328,0.00018902084625944566,4.7089111241488774e-05,0.0,0.0
iid_p095_uninformative_n0020_r100,human_only,uninformative,0.95,10.0,20,200,1000,0.05,fixed_zero,population_mean,fixed prespecified coefficient,asymptotic confidence interval for the population outcome mean,asymptotic marginal prediction interval for the random held-out mean,0.0,0.0,0.0,-1.0,1.0,0.0,1.0,0.0,0.0,0.0,0.0,-0.0008499999999999668,0.0015950930448791448,0.0025424999999999996,0.00014513099860731589,0.05042320894191483,0.0014391289413422696,0.150188136419236,0.003799346337376626,0.633,0.015241751867813621,0.6022699716904012,0.6629443378664158,363,-0.00027325834387178935,8.675894282220307e-05,-0.0003949763687293974,0.00015630889854069348,-0.0007799999999999874,0.0016519444665364874,0.002726799999999999,0.00015081890001124055,0.052218770571510004,0.001444106193621549,0.1575186463666805,0.003984788055903464,0.635,0.015224158433227107,0.6042984488539128,0.6649040261922291,363,-0.0002901754856466742,8.963854352314992e-05,-0.00041501570948667945,0.00016048227158230448
iid_p095_uninformative_n0020_r100,fixed_ppi,uninformative,0.95,10.0,20,200,1000,0.05,fixed_one,population_mean,fixed prespecified coefficient,asymptotic confidence interval for the population outcome mean,asymptotic marginal prediction interval for the random held-out mean,0.0,0.0,1.0,-1.0,1.0,0.0,0.0,1.0,0.0,1.0,0.329,-0.0019099999999999608,0.004067418812440612,0.016530999999999997,0.0007302503694638585,0.12857293649909377,0.002839829241471068,0.4861626849790586,0.001812501001464474,0.931,0.008014923580421711,0.9134848906542884,0.9459206642067437,0,0.01371524165612821,0.0006945263079102189,0.013593523631270603,0.0006896158360688823,-0.001839999999999981,0.0041186803624374555,0.01694995,0.0007395556749453307,0.1301919736389306,0.0028402506478486375,0.48918280743586967,0.002003625266484234,0.923,0.008430361795320529,0.9047006190217404,0.938757972216451,1,0.013932974514353326,0.0007027634063060417,0.013808134290513321,0.0006976580781217046
iid_p095_uninformative_n0020_r100,population_tuned,uninformative,0.95,10.0,20,200,1000,0.05,population_variance_tuned,population_mean,same-audit selected coefficient plugged into both intervals,asymptotic confidence interval for the population outcome mean,asymptotic marginal prediction interval for the random held-out mean,0.0,0.0,-0.0017608547856828966,-1.0,1.0,0.338,0.373,0.289,0.0,0.0,0.0,-0.0011806215725928507,0.0016784462035562384,0.0028157583438717885,0.00017502877434639566,0.053063719657330734,0.0016492320504167247,0.14660672330057992,0.0037131589250832004,0.628,0.015284501954594399,0.597201187979319,0.6580427038308249,363,0.0,0.0,-0.00012171802485760804,7.793790096208934e-05,-0.0011106215725928718,0.0017374581336352542,0.003016975485646673,0.00018085584672523564,0.054927001425953276,0.0016463291462309863,0.15336573152732114,0.003886952410258941,0.628,0.015284501954594399,0.597201187979319,0.6580427038308249,363,0.0,0.0,-0.00012484022384000518,7.920250858135886e-05
iid_p095_uninformative_n0020_r100,pool_tuned,uninformative,0.95,10.0,20,200,1000,0.05,audit_residual_variance_tuned,realized_pool_mean,same-audit selected coefficient plugged into both intervals,asymptotic confidence interval for the population outcome mean,asymptotic marginal prediction interval for the random held-out mean,0.0,0.0,-0.0016732253857253845,-1.0,1.0,0.338,0.373,0.289,0.0,0.001,0.0,-0.0013186983857645296,0.001714256713382262,0.0029374763687293965,0.00021783822597525233,0.05419849046541238,0.0020096337010923693,0.14666944094861195,0.0037139183587147975,0.627,0.015292841462592882,0.5961878424018664,0.6570619651881671,363,0.00012171802485760804,7.793790096208934e-05,0.0,0.0,-0.0012486983857645506,0.0017729635816027798,0.0031418157094866787,0.00022430637352414512,0.05605190192568561,0.00200088102114299,0.1532619735235154,0.0038881804455182,0.627,0.015292841462592882,0.5961878424018664,0.6570619651881671,364,0.00012484022384000518,7.920250858135886e-05,0.0,0.0
iid_p095_uninformative_n0200_r005,human_only,uninformative,0.95,0.5,200,100,1000,0.05,fixed_zero,population_mean,fixed prespecified coefficient,asymptotic confidence interval for the population outcome mean,asymptotic marginal prediction interval for the random held-out mean,0.0,0.0,0.0,-1.0,1.0,0.0,1.0,0.0,0.0,0.0,0.0,-0.0005749999999999757,0.0004929374832190809,0.0002430749999999993,1.0396129033148504e-05,0.015590862708650836,0.00033340454686256866,0.06005436173072671,0.00028717661013158104,0.933,0.007906389820898028,0.9156899628975586,0.9477021635999548,0,1.2318521559523666e-06,6.279365935196218e-07,1.1232434671084597e-06,1.8405974047535344e-06,-0.0006750000000000029,0.0008491409867715809,0.0007207749999999988,3.091141844311195e-05,0.02684725311833594,0.0005756905242197813,0.10401720573373867,0.0004974044794932964,0.947,0.007084560677981384,0.9312448167100368,0.9600507476399807,0,1.1294537371134435e-06,1.0739636210146612e-06,1.1451566642610382e-06,3.147224978622156e-06
iid_p095_uninformative_n0200_r005,fixed_ppi,uninformative,0.95,0.5,200,100,1000,0.05,fixed_one,population_mean,fixed prespecified coefficient,asymptotic confidence interval for the population outcome mean,asymptotic marginal prediction interval for the random held-out mean,0.0,0.0,1.0,-1.0,1.0,0.0,0.0,1.0,0.0,1.0,0.208,0.000695000000000043,0.0019300562406552022,0.003721875,0.0001606270740451039,0.061007171709562144,0.0013164605860586675,0.2425591102656012,0.0001543302280540103,0.963,0.005969170796685251,0.9493588769400751,0.9738172911562627,0,0.0034800318521559528,0.00016043963619517335,0.003479923243467109,0.00016027281043349423,0.000595000000000016,0.0020566114425495216,0.0042257749999999985,0.0001889678646708303,0.06500596126510244,0.0014534656590969844,0.2570050475770993,0.0002924692077478516,0.949,0.006956938982052382,0.9334865384050651,0.9617947632253139,0,0.0035061294537371136,0.0001858954404607586,0.003506145156664261,0.00018569972031498035
iid_p095_uninformative_n0200_r005,population_tuned,uninformative,0.95,0.5,200,100,1000,0.05,population_variance_tuned,population_mean,same-audit selected coefficient plugged into both intervals,asymptotic confidence interval for the population outcome mean,asymptotic marginal prediction interval for the random held-out mean,0.0,0.0,0.0007177454915753374,-1.0,1.0,0.477,0.003,0.52,0.0,0.0,0.0,-0.0004974561311899893,0.0004917697863475885,0.00024184314784404698,1.0348877644623326e-05,0.015551306949708342,0.0003327333734100533,0.06000527288979865,0.00028688889113557235,0.936,0.007739767438366605,0.919004925632949,0.950366910708151,0,0.0,0.0,-1.0860868884390666e-07,1.2188658190071618e-06,-0.0005974561311900164,0.000848533205617331,0.0007196455462628853,3.0892645700397544e-05,0.02682621006148437,0.0005757922127201924,0.10387545617239628,0.0004965887550004226,0.946,0.0071473071852271785,0.9301259944229326,0.9591766488743693,0,0.0,0.0,1.5702927147593974e-08,2.0782210709046437e-06
iid_p095_uninformative_n0200_r005,pool_tuned,uninformative,0.95,0.5,200,100,1000,0.05,audit_residual_variance_tuned,realized_pool_mean,same-audit selected coefficient plugged into both intervals,asymptotic confidence interval for the population outcome mean,asymptotic marginal prediction interval for the random held-out mean,0.0,0.0,0.0020047655319410523,-1.0,1.0,0.477,0.003,0.52,0.0,0.0,0.0,-0.0003526491543532322,0.000492005553394874,0.00024195175653289087,1.0371046929893847e-05,0.015554798505055952,0.0003333713042481016,0.060200917006802836,0.0002881086584464934,0.935,0.0077958322198467015,0.917898930078629,0.949479690310382,0,1.0860868884390666e-07,1.2188658190071618e-06,0.0,0.0,-0.00045264915435325924,0.0008486136324476393,0.0007196298433357378,3.094321466542463e-05,0.026825917381065233,0.0005767410341624616,0.10376181475361324,0.0004959925294703214,0.945,0.007209368904418752,0.9290084844579425,0.958301204920464,0,-1.5702927147593974e-08,2.0782210709046437e-06,0.0,0.0
iid_p095_uninformative_n0200_r010,human_only,uninformative,0.95,1.0,200,200,1000,0.05,fixed_zero,population_mean,fixed prespecified coefficient,asymptotic confidence interval for the population outcome mean,asymptotic marginal prediction interval for the random held-out mean,0.0,0.0,0.0,-1.0,1.0,0.0,1.0,0.0,0.0,0.0,0.0,0.0003700000000000231,0.000479523766921977,0.00022984999999999938,9.555052408361038e-06,0.015160804727981935,0.0003151235234474561,0.0595336726716528,0.0002829943484004557,0.931,0.008014923580421711,0.9134848906542884,0.9459206642067437,0,2.59652777356889e-07,8.682722085027559e-07,-9.8672649369789e-07,1.7187660626503016e-06,0.0005549999999999989,0.0006870873773138777,0.0004719249999999988,2.0516050489865267e-05,0.021723834836418703,0.00047220140100382607,0.0841933273101319,0.0004002144455828599,0.938,0.00762600813007697,0.9212200503389675,0.9521381518866388,0,1.112273458235221e-06,1.0885973686616448e-06,6.263845609279027e-07,2.1346328376084948e-06
iid_p095_uninformative_n0200_r010,fixed_ppi,uninformative,0.95,1.0,200,200,1000,0.05,fixed_one,population_mean,fixed prespecified coefficient,asymptotic confidence interval for the population outcome mean,asymptotic marginal prediction interval for the random held-out mean,0.0,0.0,1.0,-1.0,1.0,0.0,0.0,1.0,0.0,1.0,0.17,0.002945000000000035,0.0016548385013243636,0.0027444250000000004,0.00012836193489779477,0.052387259901621124,0.0012251254898504684,0.20124192131478158,0.0001267427446088996,0.942,0.007391616873188169,0.9256635046176483,0.9556671397471793,0,0.002514834652777358,0.0001278067268652502,0.0025135882735063033,0.00012778199300954405,0.00313000000000001,0.0017135896502632972,0.00294325,0.00013773599526591398,0.054251728083075844,0.0012694157415133248,0.21002183157893564,0.00023457503609418528,0.947,0.007084560677981384,0.9312448167100368,0.9600507476399807,0,0.0024724372734582357,0.0001366509506080489,0.0024719513845609287,0.0001366792460667339
iid_p095_uninformative_n0200_r010,population_tuned,uninformative,0.95,1.0,200,200,1000,0.05,population_variance_tuned,population_mean,same-audit selected coefficient plugged into both intervals,asymptotic confidence interval for the population outcome mean,asymptotic marginal prediction interval for the random held-out mean,0.0,0.0,0.000302445653479945,-1.0,1.0,0.504,0.003,0.493,0.0,0.0,0.0,0.0003563160682782258,0.0004792630584149905,0.00022959034722264254,9.522006628335187e-06,0.015152239016813408,0.0003142112072601701,0.05946212973751588,0.00028268913045298617,0.932,0.00796090447122687,0.914586949808569,0.946811900239598,0,0.0,0.0,-1.2463792710547794e-06,8.573994759460661e-07,0.0005413160682782016,0.0006862876176575952,0.0004708127265417636,2.0415371013054335e-05,0.021698219432519424,0.00047043885505318315,0.08404148823959372,0.00039958468964261686,0.935,0.0077958322198467015,0.917898930078629,0.949479690310382,0,0.0,0.0,-4.858888973073184e-07,1.0520889712458845e-06
iid_p095_uninformative_n0200_r010,pool_tuned,uninformative,0.95,1.0,200,200,1000,0.05,audit_residual_variance_tuned,realized_pool_mean,same-audit selected coefficient plugged into both intervals,asymptotic confidence interval for the population outcome mean,asymptotic marginal prediction interval for the random held-out mean,0.0,0.0,0.000620709642747917,-1.0,1.0,0.504,0.003,0.493,0.0,0.0,0.0,0.0003440216440477344,0.000480571872800574,0.00023083672649369734,9.577123116293046e-06,0.015193311900099244,0.00031517562396091164,0.0595336744270802,0.0002829913450482392,0.932,0.00796090447122687,0.914586949808569,0.946811900239598,0,1.2463792710547794e-06,8.573994759460661e-07,0.0,0.0,0.0005290216440477101,0.0006866514703843435,0.00047129861543907095,2.0378393488980413e-05,0.02170941306067649,0.0004693446440035952,0.0839907384838054,0.00039939940708618257,0.936,0.007739767438366605,0.919004925632949,0.950366910708151,0,4.858888973073184e-07,1.0520889712458845e-06,0.0,0.0
iid_p095_uninformative_n0200_r100,human_only,uninformative,0.95,10.0,200,2000,1000,0.05,fixed_zero,population_mean,fixed prespecified coefficient,asymptotic confidence interval for the population outcome mean,asymptotic marginal prediction interval for the random held-out mean,0.0,0.0,0.0,-1.0,1.0,0.0,1.0,0.0,0.0,0.0,0.0,-0.00015999999999997738,0.0004727556429043416,0.00022329999999999938,9.713596860275982e-06,0.014943225890014492,0.0003250167310515896,0.05987404454627938,0.00027708644716463476,0.931,0.008014923580421711,0.9134848906542884,0.9459206642067437,0,-5.638989487433401e-07,9.8120622373841e-07,-7.384333559466687e-07,1.0808600646763896e-06,-0.00029750000000000674,0.0004949244325590962,0.0002447937499999994,1.0676533508878395e-05,0.015645886040745644,0.0003411929973500426,0.0627964276958716,0.0002906107174942994,0.936,0.007739767438366605,0.919004925632949,0.950366910708151,0,-6.336906307486054e-07,1.0129447256174174e-06,-8.119285398093278e-07,1.114693969276281e-06
iid_p095_uninformative_n0200_r100,fixed_ppi,uninformative,0.95,10.0,200,2000,1000,0.05,fixed_one,population_mean,fixed prespecified coefficient,asymptotic confidence interval for the population outcome mean,asymptotic marginal prediction interval for the random held-out mean,0.0,0.0,1.0,-1.0,1.0,0.0,0.0,1.0,0.0,1.0,0.082,-0.0006669999999999506,0.0012189809373101474,0.0014848735000000002,7.033775998247389e-05,0.038534056365765595,0.0009126700718298025,0.15471504282151993,0.0001634817959193593,0.946,0.0071473071852271785,0.9301259944229326,0.9591766488743693,0,0.0012610096010512574,6.992822505330608e-05,0.0012608350666440543,6.99122092872438e-05,-0.00080449999999998,0.0012307012860176129,0.0015137582500000003,7.080160569321984e-05,0.03890704627699204,0.0009098815313447332,0.155883663349203,0.00017838959652806072,0.948,0.007021111023192843,0.9323649859494927,0.9609234650560194,0,0.0012683308093692522,7.061387883932222e-05,0.0012681525714601915,7.06019837970576e-05
iid_p095_uninformative_n0200_r100,population_tuned,uninformative,0.95,10.0,200,2000,1000,0.05,population_variance_tuned,population_mean,same-audit selected coefficient plugged into both intervals,asymptotic confidence interval for the population outcome mean,asymptotic marginal prediction interval for the random held-out mean,0.0,0.0,-0.0006093909056335067,-1.0,1.0,0.529,0.004,0.467,0.0,0.0,0.0,-0.00012680272910973932,0.0004733623262454899,0.00022386389894874276,9.700348471698381e-06,0.014962082039233136,0.00032416439257124813,0.05974205109785881,0.0002764087573612343,0.933,0.007906389820898028,0.9156899628975586,0.9477021635999548,0,0.0,0.0,-1.745344072033284e-07,1.0034571163937258e-07,-0.0002643027291097687,0.000495583684039355,0.00024542744063074803,1.0691329966781107e-05,0.015666123982362327,0.00034122447833356606,0.06264535680237306,0.0002898416319660247,0.935,0.0077958322198467015,0.917898930078629,0.949479690310382,0,0.0,0.0,-1.782379090607227e-07,1.0243064696241882e-07
iid_p095_uninformative_n0200_r100,pool_tuned,uninformative,0.95,10.0,200,2000,1000,0.05,audit_residual_variance_tuned,realized_pool_mean,same-audit selected coefficient plugged into both intervals,asymptotic confidence interval for the population outcome mean,asymptotic marginal prediction interval for the random held-out mean,0.0,0.0,-0.0006732066777796625,-1.0,1.0,0.529,0.004,0.467,0.0,0.0,0.0,-0.00012347304589664966,0.0004735477116385224,0.0002240384333559461,9.704894171935489e-06,0.014967913460330605,0.0003241899479729198,0.059743378152694065,0.0002764149102120471,0.933,0.007906389820898028,0.9156899628975586,0.9477021635999548,0,1.745344072033284e-07,1.0034571163937258e-07,0.0,0.0,-0.00026097304589667905,0.0004957654233244673,0.00024560567853980874,1.0698102798820944e-05,0.015671811590872598,0.0003413167245148485,0.06264409098210254,0.0002898358775508761,0.936,0.007739767438366605,0.919004925632949,0.950366910708151,0,1.782379090607227e-07,1.0243064696241882e-07,0.0,0.0
